:020000040800F2
:1000000000000220951D0008451B00084D1B00083C
:10001000551B00085D1B0008651B00080000000060
:100020000000000000000000000000006D1B000840
:100030007B1B000800000000891B0008971B0008BC
:10004000E51D0008E51D0008E51D0008E51D000888
:10005000E51D0008E51D0008E51D0008E51D000878
:10006000E51D0008E51D0008E51D0008E51D000868
:10007000E51D0008E51D0008E51D0008E51D000858
:10008000E51D0008E51D0008E51D0008E51D000848
:10009000E51D0008E51D0008E51D0008E51D000838
:1000A000E51D0008E51D0008E51D0008E51D000828
:1000B000E51D0008E51D0008A51B0008E51D00085A
:1000C000E51D0008E51D0008E51D0008E51D000808
:1000D000E51D0008E51D0008E51D0008E51D0008F8
:1000E000E51D0008E51D0008E51D0008E51D0008E8
:1000F000E51D0008E51D0008E51D0008E51D0008D8
:10010000E51D0008E51D0008E51D0008E51D0008C7
:10011000E51D0008E51D0008E51D0008E51D0008B7
:10012000E51D0008E51D0008E51D0008E51D0008A7
:10013000E51D0008E51D0008E51D0008E51D000897
:10014000E51D0008E51D0008E51D0008E51D000887
:10015000E51D0008E51D0008E51D0008E51D000877
:10016000E51D0008E51D0008E51D0008E51D000867
:10017000E51D0008E51D0008E51D00080000000061
:08018000E51D0008E51D000863
:1001900010B5054C237833B9044B13B10448AFF3C1
:1001A00000800123237010BD3001002000000000FA
:1001B0008854010808B5034B1BB103490348AFF34A
:1001C000008008BD000000003401002088540108B0
:1001D00047F63003038002230A0F090130323A2A1E
:1001E00000D30732C25201330A2BF5D170470029E0
:1001F00009DA00B52D2202700130C1F1000100F0D2
:1002000002F8013000BD30B54FF0000505604560D3
:1002100085600E4BA3FB0143DC0822000A2304FB8C
:1002200003F40C1B44F030044453013511460029FB
:10023000EFD120B4013D445D425C4255445401314C
:10024000013D8D4200D0F6DC31BD0000CDCCCCCCE0
:1002500010F8012B11F8013B012A28BF9A42F7D070
:10026000D01A7047034613F8012B002AFBD1181A45
:10027000013870470000000000000000000000008E
:1002800001F0FF01102A2BDB10F0070F08D010F847
:10029000013B013A8B422DD010F0070F42B3F6D14B
:1002A000F0B441EA012141EA014122F007047FF064
:1002B00000070023F0E80256083C85EA010586EABB
:1002C000010685FA47F5A3FA87F586FA47F6A5FAF7
:1002D00087F68EB9EED1F0BC01F0FF0102F0070203
:1002E00032B110F8013B013A83EA010313B1F8D1AE
:1002F0000020704701387047002D06BF354603388F
:10030000073815F0010F07D1013015F4807F02BFC7
:10031000013015F4C03F0130F0BC0138704700BF18
:1003200081F0004102E000BF83F0004330B54FEAA6
:1003300041044FEA430594EA050F08BF90EA020F13
:100340001FBF54EA000C55EA020C7FEA645C7FEAA6
:10035000655C00F0E2804FEA5454D4EB5555B8BFC9
:100360006D420CDD2C4480EA020281EA030382EA3A
:10037000000083EA010180EA020281EA0303362DCC
:1003800088BF30BD11F0004F4FEA01314FF4801C9F
:100390004CEA113102D0404261EB410113F0004FB1
:1003A0004FEA03334CEA133302D0524263EB430368
:1003B00094EA050F00F0A780A4F10104D5F1200E06
:1003C0000DDB02FA0EFC22FA05F2801841F1000161
:1003D00003FA0EF2801843FA05F359410EE0A5F135
:1003E00020050EF1200E012A03FA0EFC28BF4CF066
:1003F000020C43FA05F3C01851EBE37101F000451C
:1004000007D54FF0000EDCF1000C7EEB00006EEB28
:100410000101B1F5801F1BD3B1F5001F0CD34908B2
:100420005FEA30004FEA3C0C04F101044FEA445209
:1004300012F5800F80F09A80BCF1004F08BF5FEA90
:10044000500C50F1000041EB045141EA050130BD70
:100450005FEA4C0C404141EB0101013C28BFB1F582
:10046000801FE9D291F0000F04BF01460020B1FACD
:1004700081F308BF2033A3F10B03B3F120020CDAA0
:100480000C3208DD02F1140CC2F10C0201FA0CF07E
:1004900021FA02F10CE002F11402D8BFC2F1200CE3
:1004A00001FA02F120FA0CFCDCBF41EA0C01904099
:1004B000E41AA2BF01EB0451294330BD6FEA0404E2
:1004C0001F3C1CDA0C340EDC04F11404C4F12002CD
:1004D00020FA04F001FA02F340EA030021FA04F3DF
:1004E00045EA030130BDC4F10C04C4F1200220FA36
:1004F00002F001FA04F340EA0300294630BD21FA74
:1005000004F0294630BD94F0000F83F4801306BF39
:1005100081F480110134013D4EE77FEA645C18BF2D
:100520007FEA655C29D094EA050F08BF90EA020FC4
:1005300005D054EA000C04BF1946104630BD91EABC
:10054000030F1EBF0021002030BD5FEA545C05D1BF
:100550004000494128BF41F0004130BD14F58004FE
:100560003CBF01F5801130BD01F0004545F0FE4172
:1005700041F470014FF0000030BD7FEA645C1ABFA7
:10058000194610467FEA655C1CBF0B46024650EADE
:10059000013406BF52EA033591EA030F41F400210A
:1005A00030BD00BF90F0000F04BF0021704730B590
:1005B0004FF4806404F132044FF000054FF0000165
:1005C00050E700BF90F0000F04BF0021704730B526
:1005D0004FF4806404F1320410F0004548BF4042FB
:1005E0004FF000013EE700BF42004FEAE2014FEA50
:1005F00031014FEA02701FBF12F07F4393F07F4F2B
:1006000081F06051704732F07F4208BF704793F02D
:100610007F4F04BF41F40021704730B54FF4607440
:1006200001F0004521F000411CE700BF50EA010243
:1006300008BF704730B54FF000050AE050EA0102EC
:1006400008BF704730B511F0004502D5404261EB5C
:1006500041014FF4806404F132045FEA915C3FF49D
:10066000D8AE4FF003025FEADC0C18BF03325FEA3A
:10067000DC0C18BF033202EBDC02C2F1200300FAEB
:1006800003FC20FA02F001FA03FE40EA0E0021FA10
:1006900002F11444BDE600BF70B54FF0FF0C4CF4FE
:1006A000E06C1CEA11541DBF1CEA135594EA0C0FB0
:1006B00095EA0C0F00F0DEF82C4481EA030621EAEB
:1006C0004C5123EA4C5350EA013518BF52EA033526
:1006D00041F4801143F4801338D0A0FB02CE4FF0D8
:1006E0000005E1FB02E506F00042E0FB03E54FF008
:1006F0000006E1FB03569CF0000F18BF4EF0010E00
:10070000A4F1FF04B6F5007F64F5407404D25FEAFB
:100710004E0E6D4146EB060642EAC62141EA5551AE
:100720004FEAC52040EA5E504FEACE2EB4F1FD0CF0
:1007300088BFBCF5E06F1ED8BEF1004F08BF5FEA6E
:10074000500E50F1000041EB045170BD06F0004620
:1007500046EA010140EA020081EA0301B4EB5C04CD
:10076000C2BFD4EB0C0541EA045170BD41F48011C5
:100770004FF0000E013C00F3AB8014F1360FDEBFEA
:10078000002001F0004170BDC4F10004203C35DAC6
:100790000C341BDC04F11404C4F1200500FA05F349
:1007A00020FA04F001FA05F240EA020001F00042EA
:1007B00021F0004110EBD37021FA04F642EB060160
:1007C0005EEA430E08BF20EAD37070BDC4F10C048A
:1007D000C4F1200500FA04F320FA05F001FA04F24E
:1007E00040EA020001F0004110EBD37041F100013A
:1007F0005EEA430E08BF20EAD37070BDC4F1200545
:1008000000FA05F24EEA020E20FA04F301FA05F2AC
:1008100043EA020321FA04F001F0004121FA04F254
:1008200020EA020000EBD3705EEA430E08BF20EA24
:10083000D37070BD94F0000F0FD101F0004640005E
:1008400041EB010111F4801F08BF013CF7D041EAE0
:10085000060195F0000F18BF704703F000465200E4
:1008600043EB030313F4801F08BF013DF7D043EAB5
:100870000603704794EA0C0F0CEA135518BF95EA6B
:100880000C0F0CD050EA410618BF52EA4306D1D1F2
:1008900081EA030101F000414FF0000070BD50EA11
:1008A000410606BF1046194652EA430619D094EA9B
:1008B0000C0F02D150EA013613D195EA0C0F05D185
:1008C00052EA03361CBF104619460AD181EA0301D9
:1008D00001F0004141F0FE4141F470014FF0000091
:1008E00070BD41F0FE4141F4780170BD70B54FF02C
:1008F000FF0C4CF4E06C1CEA11541DBF1CEA1355AC
:1009000094EA0C0F95EA0C0F00F0A7F8A4EB05048D
:1009100081EA030E52EA03354FEA013100F0888084
:100920004FEA03334FF0805545EA131343EA12634D
:100930004FEA022245EA111545EA10654FEA002602
:100940000EF000419D4208BF964244F1FD0404F5BB
:10095000407402D25B084FEA3202B61A65EB030517
:100960005B084FEA32024FF480104FF4002CB6EBD4
:10097000020E75EB030E22BFB61A754640EA0C0054
:100980005B084FEA3202B6EB020E75EB030E22BF94
:10099000B61A754640EA5C005B084FEA3202B6EBD5
:1009A000020E75EB030E22BFB61A754640EA9C0094
:1009B0005B084FEA3202B6EB020E75EB030E22BF64
:1009C000B61A754640EADC0055EA060E18D04FEA22
:1009D000051545EA16754FEA06164FEAC30343EAC2
:1009E00052734FEAC2025FEA1C1CC0D111F4801F8F
:1009F0000BD141EA00014FF000004FF0004CB6E788
:100A000011F4801F04BF01430020B4F1FD0C88BF26
:100A1000BCF5E06F3FF6AFAEB5EB030C04BFB6EB31
:100A2000020C5FEA500C50F1000041EB045170BD24
:100A30000EF0004E4EEA113114EB5C04C2BFD4EB51
:100A40000C0541EA045170BD41F480114FF0000ED5
:100A5000013C90E645EA060E8DE60CEA135594EA51
:100A60000C0F08BF95EA0C0F3FF43BAF94EA0C0F54
:100A70000AD150EA01347FF434AF95EA0C0F7FF4C9
:100A800025AF104619462CE795EA0C0F06D152EA1D
:100A900003353FF4FDAE1046194622E750EA410601
:100AA00018BF52EA43067FF4C5AE50EA41047FF412
:100AB0000DAF52EA43057FF4EBAE12E74FF0FF3C77
:100AC00006E000BF4FF0010C02E000BF4FF0010C48
:100AD0004DF804CD4FEA410C7FEA6C5C4FEA430CC1
:100AE00018BF7FEA6C5C1BD001B050EA410C0CBF10
:100AF00052EA430C91EA030F02BF90EA020F002072
:100B0000704710F1000F91EA030F58BF994208BFD8
:100B100090422CBFD8176FEAE37040F00100704795
:100B20004FEA410C7FEA6C5C02D150EA013C07D1EC
:100B30004FEA430C7FEA6C5CD6D152EA033CD3D037
:100B40005DF8040B704700BF8446104662468C4631
:100B50001946634600E000BF01B5FFF7B7FF002864
:100B600048BF10F1000F01BD4DF808EDFFF7F4FF8D
:100B70000CBF012000205DF808FB00BF4DF808ED18
:100B8000FFF7EAFF34BF012000205DF808FB00BF3B
:100B90004DF808EDFFF7E0FF94BF012000205DF85D
:100BA00008FB00BF4DF808EDFFF7CEFF94BF012012
:100BB00000205DF808FB00BF4DF808EDFFF7C4FF0B
:100BC00034BF012000205DF808FB00BF4FEA410C54
:100BD0007FEA6C5C02D150EA013C0AD14FEA430C37
:100BE0007FEA6C5C02D152EA033C02D14FF0000074
:100BF00070474FF0010070474FEA410212F50012B2
:100C000015D211D56FF47873B3EB625212D94FEA53
:100C1000C12343F0004343EA505311F0004F23FA3D
:100C200002F018BF404270474FF00000704750EA92
:100C3000013005D111F0004008BF6FF0004070474F
:100C40004FF00000704700BF4FEA4102B2F1E043AD
:100C500024BFB3F5001CDCF1FE5C0DD901F0004CA3
:100C60004FEAC0024CEA5070B2F1004F40EB8300F3
:100C700008BF20F00100704711F0804F21D113F11F
:100C80003872BCBF01F00040704741F480114FEA58
:100C90005252C2F11802C2F1200C10FA0CF320FAE1
:100CA00002F018BF40F001004FEAC1234FEAD323FE
:100CB00003FA0CFC40EA0C0023FA02F34FEA430368
:100CC000CCE77FEA625307D150EA01331EBF4FF0F1
:100CD000FE4040F44000704701F0004040F0FE400C
:100CE00040F40000704700BF7BB972B90029BEBF55
:100CF00000204FF0004106E008BF00281CBF6FF045
:100D000000414FF0FF3000F0D3B9ADF1080C6DE9B0
:100D100004CE002909DB002B1ADB00F04DF8DDF8CA
:100D200004E0DDE9022304B07047404261EB410179
:100D3000002B1BDB00F040F8DDF804E0DDE90223C6
:100D400004B0404261EB4101524263EB4303704700
:100D5000524263EB430300F02FF8DDF804E0DDE9D5
:100D6000022304B0404261EB41017047524263EB01
:100D7000430300F021F8DDF804E0DDE9022304B0CC
:100D8000524263EB4303704753B94AB9002908BF85
:100D900000281CBF4FF0FF314FF0FF3000F088B942
:100DA000ADF1080C6DE904CE00F006F8DDF804E0C2
:100DB000DDE9022304B070472DE9F047089D8E4617
:100DC00004468846002B4AD18A42174662D9B2FAB5
:100DD00082F64EB1C6F1200301FA06F820FA03F3B9
:100DE000B74043EA0808B4404FEA174E1FFA87FCA1
:100DF000B8FBFEF1230C0EFB118843EA084301FB0C
:100E00000CF29A4209D9FB1801F1FF3080F0EA8018
:100E10009A4240F2E78002393B449A1AA3B2B2FBED
:100E2000FEF00EFB102243EA024300FB0CFC9C4543
:100E300009D9FB1800F1FF3280F0D6809C4540F2C2
:100E4000D3803B44023840EA0140A3EB0C0300216D
:100E50001DB1F3400022C5E90032BDE8F0878B42A6
:100E600005D90DB1C5E9000100210846F5E7B3FA3F
:100E700083F1002946D1734502D3824200F20581F5
:100E8000841A6EEB030201209046002DE5D0C5E9DF
:100E90000048E2E7002A00F09080B2FA82F6002EC5
:100EA00040F0A4808A1A030C4FEA174E80B2BCB2FD
:100EB0000121B2FBFEFC0EFB1C2243EA024304FBB1
:100EC0000CF29A4207D9FB180CF1FF3802D29A4271
:100ED00000F2E080C4469B1AB3FBFEF20EFB123315
:100EE00040EA034302FB04F49C4207D9FB1802F1D9
:100EF000FF3002D29C4200F2CA8002461B1B42EA2B
:100F00000C40A5E7C1F120068B4022FA06F71F43EB
:100F10000EFA01F420FA06F32EFA06FE4FEA1749FC
:100F2000234300FA01F81FFA87FCBEFBF9F01C0C02
:100F300009FB10EE44EA0E4400FB0CFEA64502FA43
:100F400001F209D93C1900F1FF3A80F09C80A645D6
:100F500040F2998002383C44A4EB0E041FFA83FE51
:100F6000B4FBF9F309FB13444EEA044403FB0CFC05
:100F7000A44508D93C1903F1FF3E80F08280A445C6
:100F80007FD9023B3C4443EA0040A4EB0C04A0FBA5
:100F900002EC64457346E14662D35FD05DB1B8EBC5
:100FA000030264EB090404FA06F622FA01F31E4375
:100FB000CC40C5E9006400214FE7B1FBF2FC010C15
:100FC00041EA0E4180B240EA01423B4638463C4687
:100FD000B846BE462026B1FBF7F1A2EB080241EA73
:100FE0000C4166E7014618E710462CE7C6F12002DF
:100FF0002EFA02F3B740B14020FA02F24FEA174E40
:101000000A43B3FBFEF8BCB20EFB1833110C41EAE5
:10101000034108FB04F9B04089454FEA104380B210
:101020003ED9791808F1FF3C01D289451FD8A1EBC0
:101030000901B1FBFEF909FB04F80EFB191192B28C
:1010400042EA0142424529D2BA1809F1FF31C4D21D
:101050004245C2D2A9F102013A44BEE7F0459DD211
:10106000BEEB02036CEB070C0138E14696E7A7EBF9
:1010700009094944A8F1020CB1FBFEF909FB04F887
:10108000DBE773467FE7504666E70846FDE63B44EC
:10109000023A33E7ACF1020C3B441CE749469CE7BB
:1010A000A1EB0901C446B1FBFEF909FB04F8C4E752
:1010B000704700BF80B582B000AF00F095FE00F031
:1010C0006DF800F025FA00F045F900F00FFB00F094
:1010D000E5F800F099F900F0CDF800F005F900F01E
:1010E000E1F90DF0EDFB0DF041FB264803F0E4F9CA
:1010F0000821254803F05EFA0221244802F0EAFAAA
:101100000346DAB2224B1A700321204802F0E2FAB9
:101110000346DAB21F4B1A700DF0D2F81A4B1B6857
:101120004FF6FF72DA630DF0C1FE10F0B7FB0DF061
:10113000C7FB194B1B78184610F01EFC07200CF05B
:1011400013FA4FF6FF737B6009E0012000F0BEFE4A
:101150000D4B1B687A68DA637B68203B7B607B6899
:10116000002BF2DC002010F055FB6F2000F0AEFEEB
:101170000EF0A4F80CF0FEFB0CF0DCFC0EF01CFBF7
:1011800000BFF9E71C020020D40100205C01002010
:10119000CF030020D10300205004002080B594B07C
:1011A00000AF07F1200330220021184611F09DFC0A
:1011B00007F10C0300221A605A609A60DA601A6123
:1011C0000023BB60294B1B6C284A43F080531364F7
:1011D000264B1B6C03F08053BB60BB6800237B6015
:1011E000234B1B68224A43F480431360204B1B6847
:1011F00003F480437B607B6805233B624FF48033BC
:101200007B620123BB620223BB634FF48003FB6359
:1012100004233B64A8237B640223BB640723FB6491
:1012200007F12003184601F055F90346002B01D0C1
:1012300000F0D6FA0F23FB6002233B6100237B61A1
:101240004FF4A053BB614FF48053FB6107F10C03D3
:101250000521184601F0B6FB0346002B01D000F033
:10126000BFFA00BF5037BD4680BD00BF0038024006
:101270000070004080B500AF064B074A1A60054871
:1012800001F06EFE0346002B01D000F0A9FA00BF6A
:1012900080BD00BF4C0100200008065080B500AFA3
:1012A0000F4B104A1A600E4B00225A600C4B7F22E3
:1012B0009A600B4BFF22DA60094B00221A61084B3F
:1012C00000225A61064B00229A61054801F0DDFEBA
:1012D0000346002B01D000F083FA00BF80BD00BFA1
:1012E0005C0100200028004080B500AF174B184A71
:1012F0001A60164B4FF482725A60144B00229A60A7
:10130000124B0022DA60114B00221A610F4B0022AF
:101310005A610E4B4FF400729A610C4B0022DA6155
:101320000A4B00221A62094B00225A62074B002224
:101330009A62064B0A22DA62044802F0E3F9034695
:10134000002B01D000F04CFA00BF80BD7C010020D2
:101350000038004080B58AB000AF07F120030022BA
:101360001A605A603B1D00221A605A609A60DA6067
:101370001A615A619A61224B224A1A60204B00225C
:101380005A601F4B00229A601D4B4FF6FF72DA60C5
:101390001B4B00221A611A4B00229A61184803F075
:1013A000BAF80346002B01D000F01AFA00233B6282
:1013B00000237B6207F120031946114803F084FFE4
:1013C0000346002B01D000F00BFA60237B60002362
:1013D000BB600023FB6000237B613B1D0822194694
:1013E000074803F09FFA0346002B01D000F0F8F9FC
:1013F000034800F017FB00BF2837BD4680BD00BF83
:10140000D40100200004004080B586B000AF07F191
:10141000080300221A605A609A60DA603B46002294
:101420001A605A601D4B1E4A1A601C4B42F2CF02D2
:101430005A601A4B00229A60184B41F28732DA60E8
:10144000164B00221A61154B00229A61134802F0D4
:1014500073FF0346002B01D000F0C2F94FF4805314
:10146000BB6007F1080319460C4803F01DFB034657
:10147000002B01D000F0B4F900233B6000237B6017
:101480003B461946054803F01FFF0346002B01D0D9
:1014900000F0A6F900BF1837BD4680BD1C02002031
:1014A0000008004080B582B000AF3B4600221A60C1
:1014B0005A60154B154A1A60134B42F2CF025A601C
:1014C000114B00229A60104B4FF6FF72DA600E4B00
:1014D00000229A610C4802F02FFF0346002B01D036
:1014E00000F07EF900233B6000237B603B461946F9
:1014F000054803F0E9FE0346002B01D000F070F927
:1015000000BF0837BD4680BD6402002000100040C7
:1015100080B58CB000AF07F11C0300221A605A603E
:101520009A60DA601A610023BB616B4B1B6B6A4ADD
:1015300043F010031363684B1B6B03F01003BB6194
:10154000BB6900237B61644B1B6B634A43F004035C
:101550001363614B1B6B03F004037B617B69002306
:101560003B615D4B1B6B5C4A43F0800313635A4B3A
:101570001B6B03F080033B613B690023FB60564B10
:101580001B6B554A43F001031363534B1B6B03F072
:101590000103FB60FB680023BB604F4B1B6B4E4A93
:1015A00043F0020313634C4B1B6B03F00203BB605D
:1015B000BB6800237B60484B1B6B474A43F0080322
:1015C0001363454B1B6B03F008037B607B680122B0
:1015D0002021424800F064FF00220221404800F030
:1015E0005FFF012241F204013D4800F059FF002253
:1015F00002213C4800F054FF0523FB6100233B62BD
:1016000000237B6207F11C031946364800F094FD65
:101610000223FB6100233B6202237B6207F11C0370
:1016200019462E4800F088FD0123FB6100233B6230
:1016300002237B6207F11C0319462B4800F07CFD56
:101640002023FB6101233B6200237B620023BB62FA
:1016500007F11C031946214800F06EFD0223FB61CF
:1016600001233B6200237B620323BB6207F11C035F
:1016700019461B4800F060FD0423FB6101233B6217
:1016800000237B620223BB6207F11C031946144846
:1016900000F052FD4FF48053FB6101233B620023B5
:1016A0007B620023BB6207F11C0319460C4800F063
:1016B00043FD0223FB6101233B6200237B62032382
:1016C000BB6207F11C031946064800F035FD00BF58
:1016D0003037BD4680BD00BF0038024000080240E0
:1016E00000040240001002400000024080B58EB0AD
:1016F00000AF07F11C0300221A605A609A60DA609A
:101700001A615A619A613B4600221A605A609A60D7
:10171000DA601A615A619A612F4B4FF020421A60C9
:101720002D4B2E4A5A602C4B00229A602A4B0022E5
:10173000DA60294B00221A61274B10225A61264B8E
:1017400000229A61244B0022DA61234B00221A62A4
:10175000214B00225A62204B4FF480529A621E4B5A
:101760000022DA621C4B4FF480421A631A4B0022AB
:101770005A63194B00229A63174B00225A640F23B5
:10178000FB610F233B623C237B620023BB6210237F
:10179000FB6211233B6300237B6304233B600F2325
:1017A0007B600523BB600023FB6010233B6111239A
:1017B0007B610023BB613A4607F11C0319460648CA
:1017C00002F072FD0346002B01D000F009F800BFC3
:1017D0003837BD4680BD00BFAC020020040100A028
:1017E00080B400AF72B600BF00BFFDE780B483B025
:1017F00000AF00237B60104B5B6C0F4A43F48043C7
:1018000053640D4B5B6C03F480437B607B68002367
:101810003B60094B1B6C084A43F080531364064B32
:101820001B6C03F080533B603B6800BF0C37BD4628
:101830005DF8047B704700BF0038024080B485B07B
:1018400000AF78607B681B680B4A93420DD1002380
:10185000FB600A4B5B6B094A43F040035363074B41
:101860005B6B03F04003FB60FB6800BF1437BD46B1
:101870005DF8047B704700BF000806500038024046
:1018800080B586B000AF786007F1080300221A60C7
:101890005A609A60DA607B681B680C4A934211D1E7
:1018A0000223BB604FF480737B6107F10803184685
:1018B00001F074FA0346002B01D0FFF791FF044BAF
:1018C00001221A6000BF1837BD4680BD00280040C5
:1018D0003C0E474280B58AB000AF786007F1140330
:1018E00000221A605A609A60DA601A617B681B688D
:1018F000194A93422CD100233B61184B1B6C174AA9
:1019000043F480431364154B1B6C03F480433B6129
:101910003B690023FB60114B1B6B104A43F0020331
:1019200013630E4B1B6B03F00203FB60FB684FF469
:1019300060437B610223BB610023FB6103233B62A5
:1019400005237B6207F114031946054800F0F4FBF8
:1019500000BF2837BD4680BD003800400038024037
:101960000004024080B485B000AF78607B681B68DB
:101970000B4A93420DD10023FB600A4B1B6C094AB2
:1019800043F002031364074B1B6C03F00203FB607C
:10199000FB6800BF1437BD465DF8047B704700BF8D
:1019A000000400400038024080B584B000AF786089
:1019B0007B681B68184A934216D10023FB60174BC3
:1019C0001B6C164A43F004031364144B1B6C03F0A6
:1019D0000403FB60FB68002200211E2000F075FB61
:1019E0001E2000F08EFB12E07B681B680C4A9342BD
:1019F0000DD10023BB60094B1B6C084A43F0100358
:101A00001364064B1B6C03F01003BB60BB6800BF84
:101A10001037BD4680BD00BF0008004000380240BE
:101A20000010004080B588B000AF786007F10C036B
:101A300000221A605A609A60DA601A617B681B683B
:101A4000124A93421DD10023BB60114B1B6B104AFD
:101A500043F0020313630E4B1B6B03F00203BB60E6
:101A6000BB680123FB6002233B6100237B610023F1
:101A7000BB610223FB6107F10C031946054800F026
:101A80005BFB00BF2037BD4680BD00BF00040040A7
:101A9000003802400004024080B586B000AF3B1D14
:101AA00000221A605A609A60DA601A611C4B1B6847
:101AB000002B31D11A4B01221A6000233B60194BD5
:101AC0009B6B184A43F001039363164B9B6B03F027
:101AD00001033B603B684FF680737B600223BB6071
:101AE0000023FB6003233B610C237B613B1D1946F4
:101AF0000D4800F021FB4EF2B3737B600223BB6004
:101B00000023FB6003233B610C237B613B1D1946D3
:101B1000064800F011FB00E000BF1837BD4680BD4D
:101B20001C0300200038024000100240000C02405C
:101B300080B582B000AF7860FFF7AEFF00BF083716
:101B4000BD4680BD80B400AF00BFFDE780B400AFEC
:101B500000BFFDE780B400AF00BFFDE780B400AF79
:101B600000BFFDE780B400AF00BFFDE780B400AF69
:101B700000BFBD465DF8047B704780B400AF00BF76
:101B8000BD465DF8047B704780B400AF00BFBD4622
:101B90005DF8047B704780B500AF00F077F900BFB7
:101BA00080BD000080B500AF0C4802F0CBFD0B48B3
:101BB00002F082FC0A4B1B68094A23F00103136000
:101BC00000230C221E219E2003F08EFD00230C22F8
:101BD00048219E2003F088FD00BF80BD1C0200202C
:101BE0000008004080B400AF01231846BD465DF8F0
:101BF000047B704780B582B000AF7860396011F027
:101C000013FE034616221A604FF0FF3318460837BA
:101C1000BD4680BD80B582B000AF78604FF0FF3127
:101C20007868FFF7E7FF00BFFDE780B586B000AF3B
:101C3000F860B9607A6000237B610AE0AFF300804E
:101C40000146BB685A1CBA60CAB21A707B6901337C
:101C50007B617A697B689A42F0DB7B6818461837AB
:101C6000BD4680BD80B586B000AFF860B9607A60CF
:101C700000237B6109E0BB685A1CBA601B781846D8
:101C8000AFF300807B6901337B617A697B689A429C
:101C9000F1DB7B6818461837BD4680BD80B483B041
:101CA00000AF78604FF0FF3318460C37BD465DF843
:101CB000047B704780B483B000AF786039603B68C4
:101CC0004FF400525A60002318460C37BD465DF8A9
:101CD000047B704780B483B000AF7860012318465E
:101CE0000C37BD465DF8047B704780B485B000AF0B
:101CF000F860B9607A60002318461437BD465DF875
:101D0000047B704780B586B000AF7860144A154BED
:101D1000D31A7B617B693B61134B1B68002B02D19B
:101D2000114B124A1A60104B1A687B6813443A69C7
:101D30009A4207D211F078FD03460C221A604FF048
:101D4000FF3309E0084B1B68FB60074B1A687B6890
:101D50001344054A1360FB6818461837BD4680BD1A
:101D6000000002200008000024030020281A0020A0
:101D700080B400AF064BD3F88830054A43F47003B3
:101D8000C2F8883000BFBD465DF8047B704700BFD5
:101D900000ED00E0DFF834D0FFF7EAFF0C480D4912
:101DA0000D4A002302E0D458C4500433C4188C42B6
:101DB000F9D30A4A0A4C002301E013600432A2421C
:101DC000FBD311F037FDFFF775F9704700000220D3
:101DD0000000002030010020C07A030830010020FC
:101DE000241A0020FEE7000080B500AF0E4B1B68F0
:101DF0000D4A43F4007313600B4B1B680A4A43F40B
:101E000080631360084B1B68074A43F480731360B8
:101E1000032000F04FF90F2000F008F8FFF7E6FC70
:101E20000023184680BD00BF003C024080B582B050
:101E300000AF7860124B1A68124B1B7819464FF4AA
:101E40007A73B3FBF1F3B2FBF3F3184600F067F9D2
:101E50000346002B01D001230EE07B680F2B0AD82C
:101E6000002279684FF0FF3000F02FF9064A7B68B6
:101E70001360002300E0012318460837BD4680BDEB
:101E8000040000200C0000200800002080B400AFF7
:101E9000064B1B781A46064B1B681344044A136012
:101EA00000BFBD465DF8047B704700BF0C000020FA
:101EB0002803002080B400AF034B1B681846BD46C2
:101EC0005DF8047B704700BF2803002080B584B014
:101ED00000AF7860FFF7EEFFB8607B68FB60FB68DF
:101EE000B3F1FF3F05D00A4B1B781A46FB68134439
:101EF000FB6000BFFFF7DEFF0246BB68D31AFA683B
:101F00009A42F7D800BF00BF1037BD4680BD00BF62
:101F10000C00002080B485B000AF78607B6803F0CF
:101F20000703FB600C4BDB68BB60BA684FF6FF032E
:101F30001340BB60FB681A02BB68134343F0BF63E6
:101F400043F40033BB60044ABB68D36000BF14375E
:101F5000BD465DF8047B704700ED00E080B400AF43
:101F6000044BDB681B0A03F007031846BD465DF807
:101F7000047B704700ED00E080B483B000AF0346FF
:101F8000FB7197F90730002B0BDBFB7903F01F0285
:101F9000074997F907305B09012000FA02F241F87E
:101FA000232000BF0C37BD465DF8047B704700BF9F
:101FB00000E100E080B483B000AF03463960FB71FC
:101FC00097F90730002B0ADB3B68DAB20C4997F926
:101FD00007301201D2B20B4483F800230AE03B68B9
:101FE000DAB20849FB7903F00F03043B1201D2B2C5
:101FF0000B441A7600BF0C37BD465DF8047B704772
:1020000000E100E000ED00E080B489B000AFF860CE
:10201000B9607A60FB6803F00703FB61FB69C3F1F9
:102020000703042B28BF0423BB61FB690433062B81
:1020300002D9FB69033B00E000237B614FF0FF32D4
:10204000BB6902FA03F3DA43BB681A407B699A4022
:102050004FF0FF317B6901FA03F3D9437B680B40F2
:10206000134318462437BD465DF8047B70470000D3
:1020700080B582B000AF78607B68013BB3F1807FB0
:1020800001D301230FE00A4A7B68013B53600F2113
:102090004FF0FF30FFF78EFF054B00229A60044B94
:1020A00007221A60002318460837BD4680BD00BFCE
:1020B00010E000E080B582B000AF78607868FFF78C
:1020C00029FF00BF0837BD4680BD80B586B000AF90
:1020D0000346B9607A60FB7300237B61FFF73EFF24
:1020E00078617A68B9687869FFF78EFF024697F9D8
:1020F0000F3011461846FFF75DFF00BF1837BD4689
:1021000080BD80B582B000AF0346FB7197F9073000
:102110001846FFF731FF00BF0837BD4680BD80B5C8
:1021200082B000AF78607868FFF7A2FF03461846D8
:102130000837BD4680BD000080B489B000AF78602C
:10214000396000237B6100233B610023BB610023D6
:10215000FB616BE10122FB6902FA03F37B613B68DF
:102160001B687A6913403B613A697B699A4240F087
:102170005A813B685B6803F00303012B05D03B6881
:102180005B6803F00303022B30D17B689B68BB6163
:10219000FB695B00032202FA03F3DB43BA691340D5
:1021A000BB613B68DA68FB695B0002FA03F3BA695A
:1021B0001343BB617B68BA699A607B685B68BB61EB
:1021C0000122FB6902FA03F3DB43BA691340BB61E6
:1021D0003B685B681B0903F00102FB6902FA03F329
:1021E000BA691343BB617B68BA695A603B685B6834
:1021F00003F00303032B17D07B68DB68BB61FB692B
:102200005B00032202FA03F3DB43BA691340BB61AC
:102210003B689A68FB695B0002FA03F3BA691343EF
:10222000BB617B68BA69DA603B685B6803F00303F3
:10223000022B23D1FB69DA087B68083253F822307D
:10224000BB61FB6903F007039B000F2202FA03F353
:10225000DB43BA691340BB613B681A69FB6903F051
:1022600007039B0002FA03F3BA691343BB61FB69DE
:10227000DA087B680832B96943F822107B681B686A
:10228000BB61FB695B00032202FA03F3DB43BA691B
:102290001340BB613B685B6803F00302FB695B00B2
:1022A00002FA03F3BA691343BB617B68BA691A6027
:1022B0003B685B6803F44033002B00F0B4800023DC
:1022C000FB60604B5B6C5F4A43F4804353645D4B3F
:1022D0005B6C03F48043FB60FB685B4AFB699B0813
:1022E000023352F82330BB61FB6903F003039B0008
:1022F0000F2202FA03F3DB43BA691340BB617B6828
:10230000524A93422BD07B68514A934225D07B6836
:10231000504A93421FD07B684F4A934219D07B6842
:102320004E4A934213D07B684D4A93420DD07B684E
:102330004C4A934207D07B684B4A934201D1072312
:102340000EE008230CE006230AE0052308E004233E
:1023500006E0032304E0022302E0012300E000235F
:10236000FA6902F0030292009340BA691343BB6119
:102370003549FB699B080233BA6941F823203B4B7E
:102380009B68BB613B69DB43BA691340BB613B6837
:102390005B6803F48013002B03D0BA693B691343D5
:1023A000BB61324ABB699360304BDB68BB613B6900
:1023B000DB43BA691340BB613B685B6803F40013FD
:1023C000002B03D0BA693B691343BB61274ABB6941
:1023D000D360264B5B68BB613B69DB43BA69134042
:1023E000BB613B685B6803F40033002B03D0BA6920
:1023F0003B691343BB611D4ABB6953601B4B1B68A0
:10240000BB613B69DB43BA691340BB613B685B68F6
:1024100003F48033002B03D0BA693B691343BB61DB
:10242000124ABB691360FB690133FB61FB690F2B27
:102430007FF690AE00BF00BF2437BD465DF8047B39
:10244000704700BF003802400038014000000240E1
:102450000004024000080240000C0240001002404C
:102460000014024000180240001C0240003C0140E1
:1024700080B485B000AF78600B467B807B681A69BA
:102480007B881340002B02D00123FB7301E0002363
:10249000FB73FB7B18461437BD465DF8047B704721
:1024A00080B483B000AF78600B467B8013467B70AE
:1024B0007B78002B03D07A887B689A6103E07B8865
:1024C0001A047B689A6100BF0C37BD465DF8047B37
:1024D0007047000080B586B000AF78607B68002B45
:1024E00001D1012367E27B681B6803F00103002B25
:1024F00075D0884B9B6803F00C03042B0CD0854BE4
:102500009B6803F00C03082B12D1824B5B6803F429
:102510008003B3F5800F0BD17E4B1B6803F40033AF
:10252000002B5BD07B685B68002B57D1012342E214
:102530007B685B68B3F5803F06D1764B1B68754AB4
:1025400043F4803313601DE07B685B68B3F5A02F14
:102550000CD1704B1B686F4A43F4802313606D4BA2
:102560001B686C4A43F4803313600BE0694B1B68B3
:10257000684A23F480331360664B1B68654A23F472
:10258000802313607B685B68002B13D0FFF792FCFD
:10259000386108E0FFF78EFC02463B69D31A642BD2
:1025A00001D9032307E25B4B1B6803F40033002BC4
:1025B000F0D014E0FFF77EFC386108E0FFF77AFC0A
:1025C00002463B69D31A642B01D90323F3E1514B33
:1025D0001B6803F40033002BF0D100E000BF7B68E0
:1025E0001B6803F00203002B63D04A4B9B6803F087
:1025F0000C03002B0BD0474B9B6803F00C03082BFC
:102600001CD1444B5B6803F48003002B16D1414B73
:102610001B6803F00203002B05D07B68DB68012BED
:1026200001D00123C7E13B4B1B6823F0F8027B6814
:102630001B69DB00374913430B603AE07B68DB68BA
:10264000002B20D0344B01221A60FFF733FC386195
:1026500008E0FFF72FFC02463B69D31A022B01D991
:102660000323A8E12B4B1B6803F00203002BF0D0DF
:10267000284B1B6823F0F8027B681B69DB002549A7
:1026800013430B6015E0244B00221A60FFF712FC85
:10269000386108E0FFF70EFC02463B69D31A022BB3
:1026A00001D9032387E11B4B1B6803F00203002BB6
:1026B000F0D17B681B6803F00803002B36D07B68E1
:1026C0005B69002B16D0154B01221A60FFF7F2FB55
:1026D000386108E0FFF7EEFB02463B69D31A022B94
:1026E00001D9032367E10B4B5B6F03F00203002B5F
:1026F000F0D01BE0094B00221A60FFF7DBFB3861CA
:102700000EE0FFF7D7FB02463B69D31A022B07D92D
:10271000032350E10038024000004742800E474248
:10272000884B5B6F03F00203002BEAD17B681B68C8
:1027300003F00403002B00F097800023FB75814B0E
:102740001B6C03F08053002B0FD10023BB607D4B2B
:102750001B6C7C4A43F0805313647A4B1B6C03F070
:102760008053BB60BB680123FB75774B1B6803F488
:102770008073002B18D1744B1B68734A43F4807329
:102780001360FFF797FB386108E0FFF793FB024601
:102790003B69D31A022B01D903230CE16A4B1B6856
:1027A00003F48073002BF0D07B689B68012B06D16B
:1027B000644B1B6F634A43F0010313671CE07B68A3
:1027C0009B68052B0CD15F4B1B6F5E4A43F00403E3
:1027D00013675C4B1B6F5B4A43F0010313670BE00D
:1027E000584B1B6F574A23F001031367554B1B6F60
:1027F000544A23F0040313677B689B68002B15D0B1
:10280000FFF758FB38610AE0FFF754FB02463B69CB
:10281000D31A41F28832934201D90323CBE0494BCA
:102820001B6F03F00203002BEED014E0FFF742FB16
:1028300038610AE0FFF73EFB02463B69D31A41F2DA
:102840008832934201D90323B5E03E4B1B6F03F05E
:102850000203002BEED1FB7D012B05D1394B1B6C04
:10286000384A23F0805313647B689B69002B00F087
:10287000A180344B9B6803F00C03082B5CD07B6871
:102880009B69022B41D1314B00221A60FFF712FBEA
:10289000386108E0FFF70EFB02463B69D31A022BB2
:1028A00001D9032387E0274B1B6803F00073002B3B
:1028B000F0D17B68DA697B681B6A1A437B685B6AC4
:1028C0009B011A437B689B6A5B08013B1B041A430C
:1028D0007B68DB6A1B061B4913434B601B4B0122C1
:1028E0001A60FFF7E7FA386108E0FFF7E3FA0246FB
:1028F0003B69D31A022B01D903235CE0114B1B68FF
:1029000003F00073002BF0D054E0104B00221A604B
:10291000FFF7D0FA386108E0FFF7CCFA02463B69CE
:10292000D31A022B01D9032345E0064B1B6803F0A1
:102930000073002BF0D13DE07B689B69012B07D130
:10294000012338E000380240007000406000474238
:102950001B4B5B68FB607B689B69012B28D0FB6885
:1029600003F480027B68DB699A4221D1FB6803F0A3
:102970003F027B681B6A9A421AD1FA6847F6C07315
:1029800013407A68526A9201934211D1FB6803F4B2
:1029900040327B689B6A5B08013B1B049A4207D16B
:1029A000FB6803F070627B68DB6A1B069A4201D009
:1029B000012300E0002318461837BD4680BD00BF44
:1029C0000038024080B584B000AF786039607B6821
:1029D000002B01D10123CCE0684B1B6803F00703F7
:1029E0003A689A420CD9654B3A68D2B21A70634B76
:1029F0001B6803F007033A689A4201D00123B8E04C
:102A00007B681B6803F00203002B20D07B681B68E7
:102A100003F00403002B05D0594B9B68584A43F43C
:102A2000E05393607B681B6803F00803002B05D01C
:102A3000534B9B68524A43F460439360504B9B68EE
:102A400023F0F0027B689B684D4913438B607B68E1
:102A50001B6803F00103002B44D07B685B68012BEB
:102A600007D1474B1B6803F40033002B19D1012316
:102A70007FE07B685B68022B03D07B685B68032B7D
:102A800007D13F4B1B6803F00073002B09D10123D2
:102A90006FE03B4B1B6803F00203002B01D10123C5
:102AA00067E0374B9B6823F003027B685B6834491F
:102AB00013438B60FFF7FEF9F8600AE0FFF7FAF9BD
:102AC0000246FB68D31A41F28832934201D90323AC
:102AD0004FE02B4B9B6803F00C027B685B689B000C
:102AE0009A42EBD1254B1B6803F007033A689A42E0
:102AF0000CD2224B3A68D2B21A70204B1B6803F0FA
:102B000007033A689A4201D0012332E07B681B68D0
:102B100003F00403002B08D0194B9B6823F4E05208
:102B20007B68DB68164913438B607B681B6803F086
:102B30000803002B09D0124B9B6823F460427B688A
:102B40001B69DB000E4913438B6000F021F802463D
:102B50000B4B9B681B0903F00F030A49CB5C22FA5D
:102B600003F3094A1360094B1B681846FFF75EF927
:102B7000002318461037BD4680BD00BF003C024010
:102B800000380240485A01080400002008000020D4
:102B90002DE9B04F94B000AF00237B640023FB64A9
:102BA00000233B640023BB64794B9B6803F00C0358
:102BB000082B0DD0082B00F2E180002B02D0042B53
:102BC00003D0DBE0734BBB64DBE0734BBB64D8E04A
:102BD0006F4B5B6803F03F037B646D4B5B6803F4F2
:102BE0008003002B63D06A4B5B689B090022BB63A8
:102BF000FA63BB6BC3F308033B6300237B63D7E932
:102C00000C4522462B464FF000004FF000015901C1
:102C100041EAD261500102460B462146511A396100
:102C2000294663EB01037B614FF000024FF0000384
:102C3000D7E904AB59468B01514643EA91635146AB
:102C40008A015146B2EB0108594663EB01094FF086
:102C500000024FF000034FEAC90343EA58734FEAFA
:102C6000C80290469946234618EB0303BB602B46E7
:102C700049EB0303FB604FF000024FF00003D7E97C
:102C8000024529464B02214643EAD15321464A02D6
:102C9000104619467B6C0022BB62FA62D7E90A2310
:102CA000FEF772F802460B461346FB6458E0384BB9
:102CB0005B689B09002218461146C0F308033B627B
:102CC00000237B62D7E9088942464B464FF000005B
:102CD0004FF00001590141EAD261500102460B4612
:102CE0004146B2EB010A494663EB010B4FF000028B
:102CF0004FF000034FEA8B1343EA9A634FEA8A12BC
:102D0000B2EB0A0463EB0B054FF000024FF0000337
:102D1000EB0043EA5473E20014461D464346E318B1
:102D20003B604B4645EB03037B604FF000024FF0E6
:102D30000003D7E9004529468B02214643EA915317
:102D400021468A02104619467B6C0022BB61FA615B
:102D5000D7E90623FEF718F802460B461346FB6434
:102D60000B4B5B681B0C03F0030301335B003B64FC
:102D7000FA6C3B6CB2FBF3F3BB6402E0054BBB6443
:102D800000BFBB6C18465037BD46BDE8B08F00BFD2
:102D9000003802400024F40000127A0080B586B0AA
:102DA00000AF786000237B6100233B617B681B6878
:102DB00003F00103002B05D17B681B6803F00403BB
:102DC000002B35D0624B00221A60FFF773F8786150
:102DD00008E0FFF76FF802467B69D31A022B01D98E
:102DE0000323B0E05B4B1B6803F00063002BF0D1C2
:102DF0007B685B689A017B689B681B075549134396
:102E0000C1F88430524B01221A60FFF753F8786101
:102E100008E0FFF74FF802467B69D31A022B01D96D
:102E2000032390E04B4B1B6803F00063002BF0D0B2
:102E30007B681B6803F00203002B00F083800023F3
:102E4000FB60444B1B6C434A43F080531364414B7B
:102E50001B6C03F08053FB60FB683F4B1B683E4AD2
:102E600043F480731360FFF725F8786108E0FFF7FB
:102E700021F802467B69D31A022B01D9032362E0B1
:102E8000354B1B6803F48073002BF0D0314B1B6F64
:102E900003F440733B613B69002B2FD07B68DB68F8
:102EA00003F440733A699A4228D02A4B1B6F23F4EB
:102EB00040733B61294B01221A60284B00221A60A3
:102EC000244A3B691367234B1B6F03F00103012B5B
:102ED00014D1FEF7EFFF78610AE0FEF7EBFF024640
:102EE0007B69D31A41F28832934201D903232AE045
:102EF000184B1B6F03F00203002BEED07B68DB68DE
:102F000003F44073B3F5407F0DD1124B9B6823F45B
:102F1000F8127B68DB6823F0704323F440730D499B
:102F200013438B6005E00B4B9B680A4A23F4F813AC
:102F30009360084B1A6F7B68DB68C3F30B0305498A
:102F400013430B67002318461837BD4680BD00BFEA
:102F5000680047420038024000700040400E47427F
:102F600080B582B000AF78607B68002B01D101236F
:102F70001CE07B685B79DBB2002B05D17B6800220B
:102F80001A717868FEF75AFC7B6802225A717B68D6
:102F90001B681A687B681B6842F004021A607B6831
:102FA00001225A717B6800229A6000231846083774
:102FB000BD4680BD80B584B000AF78603960002325
:102FC000FB737B681B79012B01D1022344E07B68F2
:102FD00001221A717B685B79DBB2012B33D17B68EC
:102FE00002225A71FEF766FFB86018E0FEF762FF32
:102FF0000246BB68D31A022B11D97B681B685B6839
:1030000003F00103012B0AD07B6801225A717B680F
:1030100002229A607B6800221A7101231CE07B68FF
:103020001B685B6803F00103012BDFD17B681B6821
:103030009A687B68DA607B68DA683B681A607B684C
:1030400001225A7104E07B6804229A600123FB7319
:103050007B6800221A71FB7B18461037BD4680BD85
:1030600080B582B000AF78607B680C331946786811
:10307000FFF7A0FF0346002B02D17B68DB6800E06E
:10308000002318460837BD4680BD80B584B000AF28
:1030900078607B68002B01D1012373E07B685B7F44
:1030A000DBB2002B05D17B6800221A777868FEF727
:1030B000E7FB7B6802225A777B681B68DB6803F0BA
:1030C0001003102B55D07B681B68CA225A627B689C
:1030D0001B6853225A62786800F04AFA0346FB7371
:1030E000FB7B002B2CD17B681B689B687A6812687D
:1030F00023F4E00323F0400393607B681B68996826
:103100007B685A687B681B691A437B685B691A4352
:103110007B681B680A439A607B681B687A68D26880
:103120001A617B681B6819697B689B681A047B6855
:103130001B680A431A61786800F051FA0346FB7372
:10314000FB7B002B10D17B681B681A6C7B681B68AB
:1031500022F480221A647B681B68196C7B689A6968
:103160007B681B680A431A647B681B68FF225A62EB
:1031700001E00023FB73FB7B002B02D17B68012263
:103180005A77FB7B18461037BD4680BD90B587B097
:1031900000AFF860B9607A6000237B61FB681B7F39
:1031A000012B01D1022387E0FB6801221A77FB681B
:1031B00002225A777B68002B26D1FB681B689B682C
:1031C00003F04003002B02D1BB680022DA70BB6819
:1031D0001B78184600F028FA03461C04BB685B788D
:1031E000184600F021FA03461B021C43BB689B787B
:1031F000184600F019FA034644EA0302BB68DB787C
:103200009B0513437B6118E0FB681B689B6803F018
:103210004003002B02D1BB680022DA70BB681B7828
:103220001A04BB685B781B021343BA6892781A438E
:10323000BB68DB789B0513437B61FB681B68CA2274
:103240005A62FB681B6853225A62F86800F090F9D2
:103250000346FB74FB7C002B20D1FB681A687B695A
:1032600003F07F3323F0FE431360FB681B689A680A
:10327000FB681B6822F480229A60FB681B689968CF
:10328000BB68DA68BB681B691A43FB681B680A43A2
:103290009A60F86800F0A3F90346FB74FB7C002BEE
:1032A00002D1FB6801225A77FB681B68FF225A6231
:1032B000FB6800221A77FB7C18461C37BD4690BD80
:1032C00080B586B000AFF860B9607A6000237B619A
:1032D000FB681B689A6ABB685A60FB681B681B69BD
:1032E000C3F30E02BB689A60FB681B681B6803F09F
:1032F0007F3323F0FE437B617B691B0CDBB203F061
:103300003F03DAB2BB681A707B691B0ADBB203F0B9
:103310007F03DAB2BB685A707B69DBB203F07F03CC
:10332000DAB2BB689A707B699B0DDBB203F00103D4
:10333000DAB2BB68DA707B68002B1AD1BB681B78E5
:10334000184600F08FF903461A46BB681A70BB682E
:103350005B78184600F086F903461A46BB685A7037
:10336000BB689B78184600F07DF903461A46BB6897
:103370009A70002318461837BD4680BD90B587B0B7
:1033800000AFF860B9607A6000237B61FB681B7F47
:10339000012B01D1022371E0FB6801221A77FB683F
:1033A00002225A777B68002B0ED1BB685B7803F052
:1033B0001003002B08D0BB685B7823F01003DBB24E
:1033C0000A33DAB2BB685A707B68002B1CD1BB6829
:1033D000DB78184600F028F903461C04BB685B78CC
:1033E000184600F021F903461B021C43BB689B787A
:1033F000184600F019F9034644EA0302BB681B783B
:103400005B0313437B610EE0BB68DB781A04BB6887
:103410005B781B021343BA6892781A43BB681B7827
:103420005B0313437B61FB681B68CA225A62FB681B
:103430001B6853225A62F86800F09AF80346FB743E
:10344000FB7C002B0CD1FB681A687B6923F07F435F
:1034500023F0C0035360F86800F0C1F80346FB7422
:10346000FB7C002B02D1FB6801225A77FB681B68AA
:10347000FF225A62FB6800221A77FB7C18461C3731
:10348000BD4690BD80B586B000AFF860B9607A6087
:1034900000237B61FB681B685B6823F07F4323F09C
:1034A000C0037B617B691B0CDAB2BB68DA707B6995
:1034B0001B0ADBB203F01F03DAB2BB685A707B69E8
:1034C000DBB203F03F03DAB2BB689A707B695B0B37
:1034D000DBB203F00703DAB2BB681A707B68002B1B
:1034E0001AD1BB68DB78184600F0BCF803461A46D0
:1034F000BB68DA70BB685B78184600F0B3F8034627
:103500001A46BB685A70BB689B78184600F0AAF848
:1035100003461A46BB689A70002318461837BD4602
:1035200080BD000080B584B000AF78600023FB60F0
:103530007B681B680D4ADA60FEF7BCFCF86009E0A6
:10354000FEF7B8FC0246FB68D31AB3F57A7F01D9BF
:10355000032307E07B681B68DB6803F02003002B74
:10356000EED0002318461037BD4680BD5F7F0100B6
:1035700080B584B000AF78600023BB600023FB738C
:103580007B681B68DB6803F04003002B22D17B685B
:103590001B68DA687B681B6842F08002DA60FEF71D
:1035A00089FCB8600CE0FEF785FC0246BB68D31AC4
:1035B000B3F57A7F04D97B6804225A770123FB7321
:1035C0007B681B68DB6803F04003002B02D1FB7BA8
:1035D000012BE8D1FB7B18461037BD4680BD80B576
:1035E00084B000AF78600023FB737B681B68DA68E7
:1035F0007B681B6822F08002DA607B681B689B682E
:1036000003F02003002B0AD17868FFF78BFF0346F5
:10361000002B04D07B6804225A770123FB73FB7BC9
:1036200018461037BD4680BD80B485B000AF034654
:10363000FB710023FB6005E0FB680133FB60FB7955
:103640000A3BFB71FB79092BF6D8FB68DBB21B0147
:10365000DAB2FB791343DBB218461437BD465DF886
:10366000047B704780B485B000AF0346FB71002334
:10367000FB60FB791B09DBB21A4613469B0013441F
:103680005B00FB60FB68DAB2FB7903F00F03DBB28F
:103690001344DBB218461437BD465DF8047B70470F
:1036A00080B487B000AFF860B9607A6000237B61B6
:1036B000FB681B6850337B61BB689B007A691344CD
:1036C0007B617B697A681A6000BF1C37BD465DF874
:1036D000047B704780B485B000AF78603960002308
:1036E000FB607B681B685033FB603B689B00FA689B
:1036F0001344FB60FB681B6818461437BD465DF831
:10370000047B704780B582B000AF78607B68002B87
:1037100001D101237BE07B685B6A002B08D17B68C9
:103720005B68B3F5827F09D07B680022DA6105E02F
:103730007B6800221A617B6800225A617B68002244
:103740009A627B6893F85130DBB2002B06D17B681C
:10375000002283F850207868FEF7BCF87B680222CC
:1037600083F851207B681B681A687B681B6822F00D
:1037700040021A607B685B6803F482727B689B6816
:1037800003F404431A437B68DB6803F400631A43C1
:103790007B681B6903F002031A437B685B6903F0D3
:1037A00001031A437B689B6903F400731A437B6827
:1037B000DB6903F038031A437B681B6A03F080035C
:1037C00042EA03017B689B6A03F400527B681B6832
:1037D0000A431A607B689B691B0C03F004017B6839
:1037E0005B6A03F010027B681B680A435A607B68BF
:1037F0001B68DA697B681B6822F40062DA617B6807
:1038000000225A657B68012283F851200023184664
:103810000837BD4680BD80B588B000AFF860B9609C
:103820003B601346FB80FEF745FBF861FB887B831A
:10383000FB6893F85130DBB2012B01D002232AE15F
:10384000BB68002B02D0FB88002B01D1012322E1B1
:10385000FB6893F85030012B01D102231BE1FB6878
:10386000012283F85020FB68032283F85120FB6873
:1038700000225A65FB68BA681A63FB68FA889A8660
:10388000FB68FA88DA86FB6800229A63FB680022EC
:103890009A87FB680022DA87FB6800225A64FB687B
:1038A00000221A64FB689B68B3F5004F0FD1FB68D8
:1038B0001B681A68FB681B6822F040021A60FB68EC
:1038C0001B681A68FB681B6842F480421A60FB6838
:1038D0001B681B6803F04003402B07D0FB681B6884
:1038E0001A68FB681B6842F040021A60FB68DB68DC
:1038F000B3F5006F52D1FB685B68002B02D07B8B65
:10390000012B45D1FB681B6B1A88FB681B68DA60CA
:10391000FB681B6B9A1CFB681A63FB68DB8E9BB20F
:10392000013B9AB2FB68DA8632E0FB681B689B6851
:1039300003F00203022B12D1FB681B6B1A88FB6891
:103940001B68DA60FB681B6B9A1CFB681A63FB68D8
:10395000DB8E9BB2013B9AB2FB68DA8618E0FEF779
:10396000A9FA0246FB69D31A3A689A4203D83B681F
:10397000B3F1FF3F02D13B68002B09D1FB68012264
:1039800083F85120FB68002283F85020032382E053
:10399000FB68DB8E9BB2002BC7D153E0FB685B68F2
:1039A000002B02D07B8B012B47D1FB681A6BFB6885
:1039B0001B680C3312781A70FB681B6B5A1CFB686F
:1039C0001A63FB68DB8E9BB2013B9AB2FB68DA8616
:1039D00033E0FB681B689B6803F00203022B13D1E2
:1039E000FB681A6BFB681B680C3312781A70FB6853
:1039F0001B6B5A1CFB681A63FB68DB8E9BB2013B96
:103A00009AB2FB68DA8618E0FEF754FA0246FB69C0
:103A1000D31A3A689A4203D83B68B3F1FF3F02D108
:103A20003B68002B09D1FB68012283F85120FB6819
:103A3000002283F8502003232DE0FB68DB8E9BB22D
:103A4000002BC6D1FA693968F86800F0D9FB034643
:103A5000002B02D0FB6820225A65FB689B68002B74
:103A60000AD100237B61FB681B68DB687B61FB6814
:103A70001B689B687B617B69FB68012283F851208E
:103A8000FB68002283F85020FB685B6D002B01D09F
:103A9000012300E0002318462037BD4680BD80B5D5
:103AA00088B002AFF860B9603B601346FB80FB68EA
:103AB00093F85130DBB2012B01D0022304E1BB6843
:103AC000002B02D0FB88002B01D10123FCE0FB6816
:103AD0005B68B3F5827F12D1FB689B68002B0ED127
:103AE000FB68042283F85120FA883B680093134650
:103AF000BA68B968F86800F0EBF80346E4E0FEF74E
:103B0000D9F97861FB6893F85030012B01D1022379
:103B1000DAE0FB68012283F85020FB68042283F876
:103B20005120FB6800225A65FB68BA689A63FB68FB
:103B3000FA889A87FB68FA88DA87FB6800221A639A
:103B4000FB6800229A86FB680022DA86FB68002266
:103B50001A64FB6800225A64FB689B68B3F5004F47
:103B60000FD1FB681B681A68FB681B6822F04002D3
:103B70001A60FB681B681A68FB681B6822F48042A5
:103B80001A60FB681B681B6803F04003402B07D0DA
:103B9000FB681B681A68FB681B6842F040021A60E9
:103BA000FB68DB68002B70D135E0FB681B689B6805
:103BB00003F00103012B15D1FB681B6803F10C0214
:103BC000FB689B6B1278D2B21A70FB689B6B5A1C15
:103BD000FB689A63FB68DB8F9BB2013B9AB2FB6880
:103BE000DA8718E0FEF766F902467B69D31A3A686D
:103BF0009A4203D83B68B3F1FF3F02D13B68002BE8
:103C000009D1FB68012283F85120FB68002283F868
:103C10005020032358E0FB68DB8F9BB2002BC4D1FC
:103C200038E0FB681B689B6803F00103012B13D18C
:103C3000FB681B68DA68FB689B6B92B21A80FB68B2
:103C40009B6B9A1CFB689A63FB68DB8F9BB2013B02
:103C50009AB2FB68DA8718E0FEF72CF902467B6916
:103C6000D31A3A689A4203D83B68B3F1FF3F02D1B6
:103C70003B68002B09D1FB68012283F85120FB68C7
:103C8000002283F8502003231EE0FB68DB8F9BB2E9
:103C9000002BC6D17A693968F86800F04BFA034600
:103CA000002B02D0FB6820225A65FB68012283F8B2
:103CB0005120FB68002283F85020FB685B6D002BCD
:103CC00001D0012300E0002318461837BD4680BD0F
:103CD00080B58AB000AFF860B9607A607B8001235C
:103CE0007B62FEF7E7F83862FB6893F85130FB77A8
:103CF000FB685B68BB617B88FB82FB7F012B0CD080
:103D0000BB69B3F5827F06D1FB689B68002B02D1AB
:103D1000FB7F042B01D002237FE1BB68002B05D081
:103D20007B68002B02D07B88002B01D1012374E13A
:103D3000FB6893F85030012B01D102236DE1FB6841
:103D4000012283F85020FB6893F85130DBB2042B3A
:103D500003D0FB68052283F85120FB6800225A65D6
:103D6000FB687A689A63FB687A88DA87FB687A88E6
:103D70009A87FB68BA681A63FB687A88DA86FB68F8
:103D80007A889A86FB6800221A64FB6800225A64CB
:103D9000FB681B681B6803F04003402B07D0FB68DF
:103DA0001B681A68FB681B6842F040021A60FB68D7
:103DB000DB68B3F5006F7ED1FB685B68002B02D037
:103DC000FB8A012B6CD1FB681B6B1A88FB681B6894
:103DD000DA60FB681B6B9A1CFB681A63FB68DB8E5E
:103DE0009BB2013B9AB2FB68DA8659E0FB681B681C
:103DF0009B6803F00203022B1BD1FB68DB8E9BB296
:103E0000002B16D07B6A012B13D1FB681B6B1A8821
:103E1000FB681B68DA60FB681B6B9A1CFB681A6303
:103E2000FB68DB8E9BB2013B9AB2FB68DA8600230B
:103E30007B62FB681B689B6803F00103012B19D1AF
:103E4000FB68DB8F9BB2002B14D0FB681B68DA6821
:103E5000FB689B6B92B21A80FB689B6B9A1CFB6899
:103E60009A63FB68DB8F9BB2013B9AB2FB68DA87EF
:103E700001237B62FEF71EF802463B6AD31A3A6BB7
:103E80009A420DD83B6BB3F1FF3F09D0FB6801228A
:103E900083F85120FB68002283F850200323BCE004
:103EA000FB68DB8E9BB2002BA0D1FB68DB8F9BB243
:103EB000002B9BD182E0FB685B68002B02D0FB8A61
:103EC000012B71D1FB681A6BFB681B680C331278ED
:103ED0001A70FB681B6B5A1CFB681A63FB68DB8E4D
:103EE0009BB2013B9AB2FB68DA865DE0FB681B6817
:103EF0009B6803F00203022B1CD1FB68DB8E9BB294
:103F0000002B17D07B6A012B14D1FB681A6BFB685E
:103F10001B680C3312781A70FB681B6B5A1CFB6809
:103F20001A63FB68DB8E9BB2013B9AB2FB68DA86B0
:103F300000237B62FB681B689B6803F00103012B75
:103F400019D1FB68DB8F9BB2002B14D0FB681B6878
:103F5000DA68FB689B6BD2B21A70FB689B6B5A1CC9
:103F6000FB689A63FB68DB8F9BB2013B9AB2FB68EC
:103F7000DA8701237B62FDF79DFF02463B6AD31A75
:103F80003A6B9A4203D83B6BB3F1FF3F02D13B6BD4
:103F9000002B09D1FB68012283F85120FB68002225
:103FA00083F85020032338E0FB68DB8E9BB2002BA4
:103FB0009CD1FB68DB8F9BB2002B97D13A6A396B9F
:103FC000F86800F01DF90346002B08D0FB6820229A
:103FD0005A65FB68002283F8502001231DE0FB682E
:103FE0009B68002B0AD100233B61FB681B68DB68E0
:103FF0003B61FB681B689B683B613B69FB68012276
:1040000083F85120FB68002283F85020FB685B6D29
:10401000002B01D0012300E0002318462837BD46BD
:1040200080BD000080B588B000AFF860B9603B602B
:104030001346FB71FDF73EFF0246BB6A9B1A3A68C6
:104040001344FB61FDF736FFB861394B1B685B0118
:104050001B0DFA6902FB03F37B6155E03B68B3F18A
:10406000FF3F51D0FDF726FF0246BB69D31AFA691C
:104070009A4202D9FB69002B3DD1FB681B685A6844
:10408000FB681B6822F0E0025A60FB685B68B3F5CE
:10409000827F11D1FB689B68B3F5004F04D0FB68A9
:1040A0009B68B3F5806F07D1FB681B681A68FB68D3
:1040B0001B6822F040021A60FB689B6AB3F5005F40
:1040C0000FD1FB681B681A68FB681B6822F400525A
:1040D0001A60FB681B681A68FB681B6842F4005290
:1040E0001A60FB68012283F85120FB68002283F8E4
:1040F0005020032318E07B69002B02D10023FB61D1
:1041000002E07B69013B7B61FB681B689A68BB68C6
:104110001340BA689A420CBF01230023DBB21A464F
:10412000FB799A429AD1002318462037BD4680BDBC
:104130000400002080B586B002AFF860B9607A60F4
:10414000FB685B68B3F5827F11D1FB689B68B3F5B0
:10415000004F04D0FB689B68B3F5806F07D1FB6804
:104160001B681A68FB681B6822F040021A60FB6833
:104170005B68B3F5827F2AD1FB689B68B3F5806FDB
:1041800012D07B680093BB6800228021F868FFF79B
:1041900049FF0346002B2DD0FB685B6D43F02002E6
:1041A000FB685A65032326E07B680093BB68002206
:1041B0000121F868FFF736FF0346002B1AD0FB6891
:1041C0005B6D43F02002FB685A65032313E07B68B4
:1041D0000093BB6800220121F868FFF723FF034624
:1041E000002B07D0FB685B6D43F02002FB685A652B
:1041F000032300E0002318461037BD4680BD0000B1
:1042000080B588B002AFF860B9607A607B680093CF
:10421000BB6801220221F868FFF704FF0346002B68
:1042200007D0FB685B6D43F02002FB685A650323EF
:1042300032E01B4B1B681B4AA2FB03235B0D4FF4B0
:104240007A7202FB03F37B61FB685B68B3F5827FE4
:1042500012D17B680093BB6800228021F868FFF7C9
:10426000E1FE0346002B16D0FB685B6D43F0200295
:10427000FB685A6503230FE07B69002B0AD07B693A
:10428000013B7B61FB681B689B6803F08003802B0C
:10429000F2D000E000BF002318461837BD4680BDAD
:1042A00004000020819F5E1680B584B000AFF860E6
:1042B000B9607A60FB68002B01D1012338E0FB680C
:1042C00093F84930DBB2002B06D1FB68002283F85B
:1042D0004820F868FDF72CFCFB681A68FB68083377
:1042E0001946104601F080F8FB681868FB689B6867
:1042F0001A46B96801F0E2F8FB685868FB689A68EA
:10430000FB681B6B796801F007F9FB681B68FA68AA
:10431000926853F82210FB681B68FA68926841F0B3
:10432000010143F82210FB68012283F84920002391
:1043300018461037BD4680BD80B582B000AF7860AA
:104340007B68002B01D1012341E07B6893F83D306D
:10435000DBB2002B06D17B68002283F83C20786812
:10436000FDF722FB7B68022283F83D207B681A68F8
:104370007B6804331946104600F090FC7B680122EC
:1043800083F846207B68012283F83E207B68012267
:1043900083F83F207B68012283F840207B6801225C
:1043A00083F841207B68012283F842207B68012248
:1043B00083F843207B68012283F844207B68012234
:1043C00083F845207B68012283F83D2000231846AE
:1043D0000837BD4680BD000080B485B000AF78606E
:1043E0007B6893F83D30DBB2012B01D001234EE016
:1043F0007B68022283F83D207B681B68DA687B6853
:104400001B6842F00102DA607B681B68234A934212
:1044100022D07B681B68B3F1804F1DD07B681B687E
:104420001F4A934218D07B681B681E4A934213D0E0
:104430007B681B681C4A93420ED07B681B681B4A32
:10444000934209D07B681B68194A934204D07B6869
:104450001B68184A934211D17B681B689B6803F064
:104460000703FB60FB68062B10D07B681B681A688B
:104470007B681B6842F001021A6007E07B681B68DA
:104480001A687B681B6842F001021A600023184614
:104490001437BD465DF8047B704700BF0000014043
:1044A0000004004000080040000C004000040140EF
:1044B000004001400018004080B483B000AF786035
:1044C0007B681B68DA687B681B6822F00102DA608F
:1044D0007B681B681A6A41F211131340002B0FD13D
:1044E0007B681B681A6A40F244431340002B07D1D3
:1044F0007B681B681A687B681B6822F001021A60DF
:104500007B68012283F83D20002318460C37BD4606
:104510005DF8047B704780B582B000AF78607B683F
:10452000002B01D1012341E07B6893F83D30DBB2E1
:10453000002B06D17B68002283F83C207868FDF7C9
:1045400011FA7B68022283F83D207B681A687B6839
:1045500004331946104600F0A1FB7B68012283F862
:1045600046207B68012283F83E207B68012283F885
:104570003F207B68012283F840207B68012283F87A
:1045800041207B68012283F842207B68012283F866
:1045900043207B68012283F844207B68012283F852
:1045A00045207B68012283F83D2000231846083708
:1045B000BD4680BD80B584B000AF786039603B688F
:1045C000002B09D17B6893F83E30DBB2012B14BF7E
:1045D00001230023DBB222E03B68042B09D17B6876
:1045E00093F83F30DBB2012B14BF01230023DBB271
:1045F00015E03B68082B09D17B6893F84030DBB2AB
:10460000012B14BF01230023DBB208E07B6893F881
:104610004130DBB2012B14BF01230023DBB2002B9E
:1046200001D001237CE03B68002B04D17B6802228F
:1046300083F83E2013E03B68042B04D17B68022200
:1046400083F83F200BE03B68082B04D17B680222F3
:1046500083F8402003E07B68022283F841207B68D6
:104660001B6801223968184600F008FE7B681B6849
:104670002D4A934204D07B681B682C4A934201D197
:10468000012300E00023002B07D07B681B685A6CD5
:104690007B681B6842F400425A647B681B68224AAC
:1046A000934222D07B681B68B3F1804F1DD07B689A
:1046B0001B681F4A934218D07B681B681D4A9342AF
:1046C00013D07B681B681C4A93420ED07B681B6822
:1046D000164A934209D07B681B68184A934204D05B
:1046E0007B681B68164A934211D17B681B689B68E4
:1046F00003F00703FB60FB68062B10D07B681B6888
:104700001A687B681B6842F001021A6007E07B6848
:104710001B681A687B681B6842F001021A6000235C
:1047200018461037BD4680BD00000140000401401E
:104730000004004000080040000C00400040014020
:104740000018004080B584B000AF78607B681B68BB
:10475000DB68FB607B681B681B69BB60BB6803F0A0
:104760000203002B20D0FB6803F00203002B1BD0B8
:104770007B681B686FF002021A617B6801221A775E
:104780007B681B689B6903F00303002B03D07868E8
:1047900000F065FA05E0786800F057FA786800F0F4
:1047A00068FA7B6800221A77BB6803F00403002BC9
:1047B00020D0FB6803F00403002B1BD07B681B6830
:1047C0006FF004021A617B6802221A777B681B680B
:1047D0009B6903F44073002B03D0786800F03FFA24
:1047E00005E0786800F031FA786800F042FA7B68FA
:1047F00000221A77BB6803F00803002B20D0FB6867
:1048000003F00803002B1BD07B681B686FF00802C5
:104810001A617B6804221A777B681B68DB6903F0E6
:104820000303002B03D0786800F019FA05E07868DC
:1048300000F00BFA786800F01CFA7B6800221A7707
:10484000BB6803F01003002B20D0FB6803F01003BB
:10485000002B1BD07B681B686FF010021A617B680D
:1048600008221A777B681B68DB6903F44073002B0E
:1048700003D0786800F0F3F905E0786800F0E5F916
:10488000786800F0F6F97B6800221A77BB6803F0BD
:104890000103002B0CD0FB6803F00103002B07D0B1
:1048A0007B681B686FF001021A61786800F0C3F939
:1048B000BB6803F08003002B0CD0FB6803F080037F
:1048C000002B07D07B681B686FF080021A61786844
:1048D00000F080FDBB6803F04003002B0CD0FB68A8
:1048E00003F04003002B07D07B681B686FF0400289
:1048F0001A61786800F0C7F9BB6803F02003002B49
:104900000CD0FB6803F02003002B07D07B681B68EA
:104910006FF020021A61786800F052FD00BF103776
:10492000BD4680BD80B586B000AFF860B9607A60E2
:104930000023FB75FB6893F83C30012B01D1022367
:10494000AEE0FB68012283F83C207B680C2B00F270
:104950009F8001A252F823F08D490008914A000877
:10496000914A0008914A0008CD490008914A000880
:10497000914A0008914A00080F4A0008914A00082D
:10498000914A0008914A00084F4A0008FB681B68DA
:10499000B968184600F028FAFB681B689A69FB683A
:1049A0001B6842F008029A61FB681B689A69FB6801
:1049B0001B6822F004029A61FB681B689969BB6856
:1049C0001A69FB681B680A439A6164E0FB681B680C
:1049D000B968184600F078FAFB681B689A69FB68AA
:1049E0001B6842F400629A61FB681B689A69FB6865
:1049F0001B6822F480629A61FB681B689969BB6836
:104A00001B691A02FB681B680A439A6143E0FB6852
:104A10001B68B968184600F0CDFAFB681B68DA69B4
:104A2000FB681B6842F00802DA61FB681B68DA6900
:104A3000FB681B6822F00402DA61FB681B68D96915
:104A4000BB681A69FB681B680A43DA6123E0FB68EC
:104A50001B68B968184600F021FBFB681B68DA691F
:104A6000FB681B6842F40062DA61FB681B68DA6964
:104A7000FB681B6822F48062DA61FB681B68D969F5
:104A8000BB681B691A02FB681B680A43DA6102E013
:104A90000123FB7500BFFB68002283F83C20FB7DEF
:104AA00018461837BD4680BD80B584B000AF786029
:104AB00039600023FB737B6893F83C30012B01D1F4
:104AC0000223B4E07B68012283F83C207B68022249
:104AD00083F83D207B681B689B68BB60BB6823F044
:104AE0007703BB60BB6823F47F43BB607B681B68B4
:104AF000BA689A603B681B68B3F5005F3ED0B3F5B7
:104B0000005F00F28780B3F5805F00F08680B3F528
:104B1000805F7FD8702B1AD0702B7BD8602B50D041
:104B2000602B77D8502B3CD0502B73D8402B58D0CB
:104B3000402B6FD8302B64D0302B6BD8202B60D01B
:104B4000202B67D8002B5CD0102B5AD062E07B68FA
:104B500018683B6899683B685A683B68DB6800F0F6
:104B60006DFB7B681B689B68BB60BB6843F0770389
:104B7000BB607B681B68BA689A604FE07B68186806
:104B80003B6899683B685A683B68DB6800F056FBF5
:104B90007B681B689A687B681B6842F480429A6055
:104BA0003CE07B6818683B6859683B68DB681A46DC
:104BB00000F0CAFA7B681B685021184600F023FBFE
:104BC0002CE07B6818683B6859683B68DB681A46CC
:104BD00000F0E9FA7B681B686021184600F013FBBF
:104BE0001CE07B6818683B6859683B68DB681A46BC
:104BF00000F0AAFA7B681B684021184600F003FB0E
:104C00000CE07B681A683B681B681946104600F088
:104C1000FAFA03E00123FB7300E000BF7B68012286
:104C200083F83D207B68002283F83C20FB7B1846FC
:104C30001037BD4680BD80B483B000AF786000BF40
:104C40000C37BD465DF8047B704780B483B000AF7D
:104C5000786000BF0C37BD465DF8047B704780B4B8
:104C600083B000AF786000BF0C37BD465DF8047BB1
:104C7000704780B483B000AF786000BF0C37BD468A
:104C80005DF8047B704780B483B000AF786000BFEC
:104C90000C37BD465DF8047B7047000080B485B0DA
:104CA00000AF786039607B681B68FB607B68434AB3
:104CB000934213D07B68B3F1804F0FD07B68404A9A
:104CC00093420BD07B683F4A934207D07B683E4AB1
:104CD000934203D07B683D4A934208D1FB6823F09E
:104CE0007003FB603B685B68FA681343FB607B689A
:104CF000324A93422BD07B68B3F1804F27D07B6838
:104D00002F4A934223D07B682E4A93421FD07B6860
:104D10002D4A93421BD07B682C4A934217D07B6864
:104D20002B4A934213D07B682A4A93420FD07B6868
:104D3000294A93420BD07B68284A934207D07B686C
:104D4000274A934203D07B68264A934208D1FB68E6
:104D500023F44073FB603B68DB68FA681343FB6035
:104D6000FB6823F080023B685B691343FB603B6890
:104D70009A687B68DA623B681A687B689A627B682B
:104D80000E4A934203D07B68104A934203D13B689A
:104D90001A697B681A637B681B6843F004027B68AE
:104DA0001A607B6801225A617B68FA681A6000BF4A
:104DB0001437BD465DF8047B704700BF000001401A
:104DC0000004004000080040000C004000040140C6
:104DD00000400140004401400048014000180040EC
:104DE000001C00400020004080B487B000AF786015
:104DF00039607B681B6A7B617B681B6A23F0010258
:104E00007B681A627B685B683B617B689B69FB60BF
:104E1000FB6823F07003FB60FB6823F00303FB6077
:104E20003B681B68FA681343FB607B6923F002034D
:104E30007B613B689B687A6913437B617B68204A8E
:104E4000934203D07B681F4A93420CD17B6923F0C5
:104E500008037B613B68DB687A6913437B617B698C
:104E600023F004037B617B68154A934203D07B687F
:104E7000144A934211D13B6923F480733B613B692F
:104E800023F400733B613B685B693A6913433B6100
:104E90003B689B693A6913433B617B683A695A6096
:104EA0007B68FA689A613B685A687B685A637B68DA
:104EB0007A691A6200BF1C37BD465DF8047B7047F3
:104EC000000001400004014080B487B000AF78606A
:104ED00039607B681B6A7B617B681B6A23F0100268
:104EE0007B681A627B685B683B617B689B69FB60DF
:104EF000FB6823F4E043FB60FB6823F44073FB6032
:104F00003B681B681B02FA681343FB607B6923F054
:104F100020037B613B689B681B017A6913437B61BB
:104F20007B68224A934203D07B68214A93420DD189
:104F30007B6923F080037B613B68DB681B017A6936
:104F400013437B617B6923F040037B617B68174AD5
:104F5000934203D07B68164A934213D13B6923F4F2
:104F600080633B613B6923F400633B613B685B69A1
:104F70009B003A6913433B613B689B699B003A691C
:104F800013433B617B683A695A607B68FA689A61AF
:104F90003B685A687B689A637B687A691A6200BFCB
:104FA0001C37BD465DF8047B704700BF0000014020
:104FB0000004014080B487B000AF786039607B683E
:104FC0001B6A7B617B681B6A23F480727B681A62B0
:104FD0007B685B683B617B68DB69FB60FB6823F097
:104FE0007003FB60FB6823F00303FB603B681B68F6
:104FF000FA681343FB607B6923F400737B613B68B1
:105000009B681B027A6913437B617B68214A934248
:1050100003D07B68204A93420DD17B6923F400635F
:105020007B613B68DB681B027A6913437B617B69A8
:1050300023F480637B617B68164A934203D07B68CC
:10504000154A934213D13B6923F480533B613B697A
:1050500023F400533B613B685B691B013A691343CE
:105060003B613B689B691B013A6913433B617B6869
:105070003A695A607B68FA68DA613B685A687B680B
:10508000DA637B687A691A6200BF1C37BD465DF837
:10509000047B7047000001400004014080B487B0E9
:1050A00000AF786039607B681B6A3B617B681B6A74
:1050B00023F480527B681A627B685B687B617B6843
:1050C000DB69FB60FB6823F4E043FB60FB6823F4CF
:1050D0004073FB603B681B681B02FA681343FB606C
:1050E0003B6923F400533B613B689B681B033A69AF
:1050F00013433B617B68124A934203D07B68114A99
:10510000934209D17B6923F480437B613B685B69EF
:105110009B017A6913437B617B687A695A607B687B
:10512000FA68DA613B685A687B681A647B683A6996
:105130001A6200BF1C37BD465DF8047B704700BF94
:10514000000001400004014080B487B000AFF86067
:10515000B9607A60FB681B6A7B61FB681B6A23F09D
:105160000102FB681A62FB689B693B613B6923F0A3
:10517000F0033B617B681B013A6913433B617B6928
:1051800023F00A037B617A69BB6813437B61FB6888
:105190003A699A61FB687A691A6200BF1C37BD469A
:1051A0005DF8047B704780B487B000AFF860B960E9
:1051B0007A60FB681B6A7B61FB681B6A23F0100244
:1051C000FB681A62FB689B693B613B6923F470438F
:1051D0003B617B681B033A6913433B617B6923F0A6
:1051E000A0037B61BB681B017A6913437B61FB6889
:1051F0003A699A61FB687A691A6200BF1C37BD463A
:105200005DF8047B704780B485B000AF786039608A
:105210007B689B68FB60FB6823F07003FB603A6867
:10522000FB68134343F00703FB607B68FA689A60EE
:1052300000BF1437BD465DF8047B704780B487B06B
:1052400000AFF860B9607A603B60FB689B687B6187
:105250007B6923F47F437B613B681A027B681A43B6
:10526000BB6813437A6913437B61FB687A699A6070
:1052700000BF1C37BD465DF8047B704780B487B023
:1052800000AFF860B9607A60BB6803F01F030122C9
:1052900002FA03F37B61FB681A6A7B69DB431A40FD
:1052A000FB681A62FB681A6ABB6803F01F0379681F
:1052B00001FA03F31A43FB681A6200BF1C37BD46AC
:1052C0005DF8047B7047000080B485B000AF786063
:1052D00039607B6893F83C30012B01D102235AE0FE
:1052E0007B68012283F83C207B68022283F83D2002
:1052F0007B681B685B68FB607B681B689B68BB60A6
:10530000FB6823F07003FB603B681B68FA6813437B
:10531000FB607B681B68FA685A607B681B68214ADF
:10532000934222D07B681B68B3F1804F1DD07B680D
:105330001B681D4A934218D07B681B681B4A934226
:1053400013D07B681B681A4A93420ED07B681B6897
:10535000184A934209D07B681B68174A934204D0CD
:105360007B681B68154A93420CD1BB6823F080030D
:10537000BB603B685B68BA681343BB607B681B68B3
:10538000BA689A607B68012283F83D207B6800221E
:1053900083F83C20002318461437BD465DF8047B93
:1053A000704700BF000001400004004000080040BA
:1053B000000C004000040140004001400018004083
:1053C00080B483B000AF786000BF0C37BD465DF895
:1053D000047B704780B483B000AF786000BF0C37A7
:1053E000BD465DF8047B704780B487B000AF78603D
:1053F00039603B681A687B6853F822303A68126853
:1054000023F001017B6843F822103B689B68082B5E
:1054100002D140237B6101E000237B613B685A6835
:105420007B691A433B689B681A433B68DB681A43F5
:105430003B681B691A433B685B691A433B68DB693D
:105440001A433B681B6A1A433B685B6A1A433B6812
:105450009B6A1A433B68DB6A1A433B681B6B134326
:105460003B613B689B693A6913433B613B68DB6B7B
:105470003A6913433B61104BFB60FB6843F4806364
:10548000FB60FB6843F4E023FB603B681A687B68C1
:1054900053F82220FB68DB4302EA03013B681A68E9
:1054A0003B6919437B6843F82210002318461C37D8
:1054B000BD465DF8047B70477FFB080080B485B073
:1054C00000AFF860B9607A60BB681A68BB685B6857
:1054D0001B011A43BB689B681B021A43BB68DB684D
:1054E0001B041A43BB681B69013B1B051A43BB68BD
:1054F0005B69023B1B0642EA0301BB689B697A6851
:1055000001321943FB6843F8221000231846143770
:10551000BD465DF8047B704780B485B000AFF8608D
:10552000B9607A603B603B68B3F5804F1DD1FB6882
:105530007A6853F82220134B1340BA681168BA688E
:10554000526812011143BA68926812021143BA6894
:1055500092691143BA68D26812040A4343EA02010D
:10556000FB687A6843F8221005E0FB687A686FF000
:10557000704143F82210002318461437BD465DF8E9
:10558000047B70470000F0CF90B585B000AF0446B3
:10559000084611461A462346FB800346BB800B464D
:1055A000FB7013463B800023FB81FB78BB81FB78BB
:1055B0009BB25B009BB2C3F103039BB27B8187E08C
:1055C000FA89FB88134498B2BB89BA88D31A9BB274
:1055D0003A8819460CF0DEF8BA89FB88134498B271
:1055E000FB89BA88D31A9BB23A8819460CF0D2F8D4
:1055F000BA89FB88134498B2FA89BB8813449BB2DA
:105600003A8819460CF0C6F8FA89FB88134498B218
:10561000BA89BB8813449BB23A8819460CF0BAF891
:10562000FB89FA88D31A98B2BA89BB8813449BB213
:105630003A8819460CF0AEF8BB89FA88D31A98B2AA
:10564000FA89BB8813449BB23A8819460CF0A2F839
:10565000FB89FA88D31A98B2BB89BA88D31A9BB24D
:105660003A8819460CF096F8BB89FA88D31A98B292
:10567000FB89BA88D31A9BB23A8819460CF08AF88B
:10568000B7F90E309BB201339BB2FB81B7F90A30F8
:10569000002B09DAFB899B009AB27B8913449BB2E9
:1056A00006339BB27B8113E0B7F90E20B7F90C30BB
:1056B000D31A9BB29B009AB27B8913449BB20A33E4
:1056C0009BB27B81B7F90C309BB2013B9BB2BB8193
:1056D000B7F90E20B7F90C309A427FF771AF00BFCF
:1056E00000BF1437BD4690BD90B585B000AF0446ED
:1056F000084611461A462346FB800346BB800B46EC
:105700007B8013463B80FA887B8813449BB2013B25
:105710009CB2BA887B8813449BB2013B9BB2B98888
:10572000F88822460BF0F4FF0023FB6005E0094AED
:105730003B881380FB680133FB607B887A8802FB1F
:1057400003F31A46FB689342F1D300BF00BF14373E
:10575000BD4690BD0000086090B587B000AF04461C
:10576000084611461A462346FB800346BB800B467B
:105770007B8013463B80FA887B889A4204D2FB8860
:105780007B827B883B8203E07B887B82FB883B8239
:10579000BA883B889A4204D2BB88FB813B88BB8194
:1057A00003E03B88FB81BB88BB81BB893A8AF989CE
:1057B000788A0BF0ADFF00237B6105E00C4A3B8D3E
:1057C00013807B6901337B613B8A5A1C7B8AD31A25
:1057D000BA89511CFA898A1A02FB03F31A467B69BB
:1057E0009342EBD900BF00BF1C37BD4690BD00BF40
:1057F0000000086080B500AF0348FDF731FC0346A8
:105800009BB2184680BD00BF4C01002090B58DB002
:1058100002AF0446084611461A462346FB8003465B
:10582000BB800B467B8013463B807A883B8F9A4235
:1058300009D13C8F3A887988B888FB880093234641
:10584000FFF78AFF81E0BA883B889A4209D13C8FF2
:105850003A887988B888FB8800932346FFF77CFF55
:1058600073E03A8F7B88D31A83EAE372A2EBE37288
:105870003988BB88CB1A002BB8BF5B429A42CCBF99
:1058800001230023DBB2FB61FB69002B0BD0BB883B
:105890007B837B88BB807B8B7B803B883B833B8F80
:1058A0003B803B8B3B87BA883B889A420BD9BB88AD
:1058B000FB823B88BB80FB8A3B807B88BB823B8F23
:1058C0007B80BB8A3B873A88BB88D31A3B613A8F7F
:1058D0007B88D31A002BB8BF5B42FB603B69DA0FB1
:1058E00013445B107B627A883B8F9A4202D2012379
:1058F0003B6226E04FF0FF333B6222E0FB69002B66
:1059000006D0FA88B9887B8818460BF043FF05E07B
:10591000FA887988BB8818460BF03CFF7A6AFB68E6
:10592000D31A7B627B6A002B08DA3B6A9AB27B88C7
:1059300013447B807A6A3B6913447B62BB880133E2
:10594000BB80BA883B889A42D8D92C37BD4690BDD7
:1059500090B585B002AF0446084611461A46234664
:10596000FB800346BB800B467B8013463B803C8814
:105970007A88B988F8887B8800932346FFF746FF2A
:105980003C883A8BB988F8883B8B00932346FFF715
:105990003DFFBC887A88B988F8883B8B0093234602
:1059A000FFF734FF3C887A883988F8883B8B00936E
:1059B0002346FFF72BFF00BF0C37BD4690BD90B5C7
:1059C00085B002AF0446084611461A462346FB80BE
:1059D0000346BB800B467B8013463B80BA887B889E
:1059E000D31A9BB219B27B885B009BB201339BB286
:1059F0001AB23B88B7F9060000F0DFF8B7F90220C9
:105A0000B7F90410B7F906003B880193002300930F
:105A1000032300F004F800BF0C37BD4690BD90B5DD
:105A200087B000AF0446084611461A462346FB805D
:105A30000346BB800B467B8013467B707B88C3F19B
:105A400001039BB2FB820123BB827B881A46D203EF
:105A5000D31A5B009BB27B8200233B827B88FB8155
:105A60003B8ABB81FB897B81B7F928309BB201332C
:105A70009BB23B8595E0B7F91630002B0EDBB7F9EA
:105A80000E309BB2013B9BB2FB817B8A02339BB2FF
:105A90007B82FA8A7B8A13449BB2FB82B7F910306F
:105AA0009BB201339BB23B82BB8A02339BB2BB8267
:105AB000FA8ABB8A13449BB2FB82B7F90E20B7F96E
:105AC00010309A4231DB7B7803F00103002B13D0B6
:105AD000FA883B8A13449BB218B2BA88FB89D31A5E
:105AE0009BB219B2FB895B009AB23B8D13449BB207
:105AF0001AB2BB8D00F061F87B7803F00203002B33
:105B000013D0FA883B8AD31A9BB218B2BA88FB89A1
:105B1000D31A9BB219B2FB895B009AB23B8D134436
:105B20009BB21AB2BB8D00F048F8B7F90E20B7F956
:105B30000A309A4233D07B7803F00103002B13D054
:105B4000FA887B8913449BB218B2BA88BB89D31AEE
:105B50009BB219B2BB895B009AB23B8D13449BB2D6
:105B60001AB2BB8D00F029F87B7803F00203002BFA
:105B700013D0FA887B89D31A9BB218B2BA88BB8932
:105B8000D31A9BB219B2BB895B009AB23B8D134406
:105B90009BB21AB2BB8D00F010F8FB897B813B8A67
:105BA000BB81B7F91020B7F90E309A42FFF663AF08
:105BB00000BF00BF1C37BD4690BDB0B584B002AF7A
:105BC0000446084611461A462346FB800346BB801E
:105BD0000B467B8013463B80F988BC88FD88BA88D9
:105BE0007B8813449BB2013B9BB2388800932B46C1
:105BF0002246FFF70BFE00BF0837BD46B0BD80B49C
:105C000083B000AF78607B685A687B689B689A4273
:105C100001DB002308E07B681A687B685B68581C1E
:105C20007968486013441B7818460C37BD465DF808
:105C3000047B704780B483B000AF78607B685A689B
:105C40007B689B689A4201DB002305E07B681B6848
:105C50007A68526813441B7818460C37BD465DF8C5
:105C6000047B704780B582B000AF786039607B6894
:105C70009B683A689A4202DC3B68002B06DA0C4BC0
:105C80000C4A40F27D410C480CF018FD7B689B6883
:105C90003A689A4202DC3B68002B02DA7B689B6818
:105CA00000E03B687A68536000BF0837BD4680BD9E
:105CB000A054010894CD0208B854010880B582B000
:105CC00000AF786039607B685A683B6813441946B6
:105CD0007868FFF7C7FF00BF0837BD4680BD0000EA
:105CE00090B585B000AF786039600023FB603B68F9
:105CF000002B02DD3B68042B06DD0F4B0F4A40F200
:105D00008A410F480CF0DAFC0023BB600AE0FB6814
:105D10001C027868FFF773FF03462343FB60BB68F0
:105D20000133BB60BA683B689A42F0DBFB681846F7
:105D30001437BD4690BD00BFD0540108A4CD020861
:105D4000B854010890B589B000AFF860B9607A60C6
:105D50007B68B3F1804F06D30C4B0D4A40F2934160
:105D60000C480CF0ABFCBB687B617B68FB610023DB
:105D7000BB61FB681C4607F1140393E8070084E845
:105D80000700F8682437BD4690BD00BFE454010801
:105D9000B4CD0208B854010890B589B000AFF860DE
:105DA000B9607A603B6007F11403002200211846B5
:105DB000FFF7C8FF7B68002B0EDB3B68002B0BDB7B
:105DC000BB689B687A689A4206DCBB689A687B6805
:105DD000D31A3A689A4208DDFB681C4607F114039F
:105DE00093E8070084E807000EE0BB681A687B6848
:105DF00013447B613B68FB61FB681C4607F114039D
:105E000093E8070084E80700F8682437BD4690BD92
:105E100080B586B000AF786039603B685B687B61B5
:105E200002213868FFF75CFF03463B613B69002BAA
:105E300023D03868FFF7E3FE0346FB60FB68002BC6
:105E400002DDFB68042B06DD124B134A40F2AD4124
:105E500012480CF033FCFB683A6902FB03F3194665
:105E60003868FFF72BFFF9683868FFF739FF0346FA
:105E7000013B19463868FFF721FF3B685A687B6988
:105E8000D31A78687A693968FFF786FF7868183717
:105E9000BD4680BDF8540108C4CD0208B8540108BD
:105EA00090B585B000AF78607868FFF7A8FE03462C
:105EB000FB60FB681F2B05DDFB68F62B02DCFB6833
:105EC0008B3B39E0FB68F62B0CDDFB68FA2B09DC19
:105ED000FB68F73B1C027868FFF791FE03462344FA
:105EE0006C3329E0FB68FA2B0DDDFB68FE2B0ADC26
:105EF000FB68C3F1FB031C027868FFF780FE0346D2
:105F0000E31A6C3B18E0FB681C2B05D10221786872
:105F1000FFF7E6FE03460FE0FB681D2B05D10421C9
:105F20007868FFF7DDFE034606E0054B054A40F2C0
:105F3000BC4105480CF0C2FB18461437BD4690BD65
:105F400018550108DCCD0208B854010880B584B0AA
:105F500000AF78607868FFF76DFE0346FB60FB6872
:105F60001B2B06DC154B164A40F2C24115480CF0BB
:105F7000A5FBFB681E2B19D101217868FFF79EFE57
:105F80000DE07868FFF73BFE0346BB60BB6803F09B
:105F90000F030F2B0DD0BB681B110F2B09D07B6893
:105FA0005A687B689B689A42EBDB02E07868FFF7EF
:105FB00077FF00BF1037BD4680BD00BF1C550108EC
:105FC000ECCD0208B854010880B588B000AFF86085
:105FD000B9607A600021B868FFF744FE2BE0BB6827
:105FE0005B68BB6102E0B868FFF7B0FFB868FFF715
:105FF00021FE03461B2BF6D8BB685B687B61B86843
:10600000FFF7FDFD0346FB61FB690C2B06D1B86869
:10601000FFF7F5FD034643F48073FB61FA697B6883
:106020009A4208D17A69BB69D31AF868BA69B96823
:10603000FFF7B2FE0BE0BB685A68BB689B689A42E8
:10604000CDDBF86800230022B968FFF7A5FEF868E9
:106050002037BD4680BD90B589B000AFF860B9600B
:106060007A603B6007F11003BA68F9681846FFF7D9
:10607000ABFF0023FB610DE0FB699B003A68D4187D
:1060800007F110031846FFF70BFF03462360FB6977
:106090000133FB61FA697B689A4203DA7A69BB696A
:1060A0009A42E9DB00BF2437BD4690BD80B582B07F
:1060B00000AF786000217868FFF7D4FD022178688E
:1060C000FFF70EFE034618460837BD4680BD0000A8
:1060D00090B589B000AFF860384680E80E003B46C6
:1060E00000211846FFF7BEFD3B4602211846FFF788
:1060F000F7FD0346FB613B461846FFF780FD03466C
:10610000BB613B6B002B03DB3A6BFB699A4206DBFE
:106110001F4B204A40F2F2411F480CF0CFFABB69F6
:10612000002B02DDBB69042B06DD1C4B194A40F233
:10613000F34119480CF0C2FA3B6BBA6903FB02F257
:106140003B4611461846FFF7B9FD3B46B96918466C
:10615000FFF7C6FD03467B613B46B9691846FFF76A
:10616000BFFD03463B61FB690133BA6902FB03F3E0
:106170009A1C7B69D4183A697B69D31AF868394646
:106180002246FFF709FEF8682437BD4690BD00BFE0
:106190002855010804CE0208B8540108F854010833
:1061A00080B483B000AF78607B681B781B029BB221
:1061B0007A680132127813449BB218460C37BD46F8
:1061C0005DF8047B704780B483B000AF78607B6873
:1061D0001B781B029BB27A680132127813449BB27F
:1061E0001BB218460C37BD465DF8047B704780B47F
:1061F00083B000AF78607B681B781A067B68013338
:106200001B781B041A447B6802331B781B0213445F
:106210007A6803321278134418460C37BD465DF88D
:10622000047B704780B483B000AF78607B681B78D4
:106230001A067B6801331B781B041A447B680233FF
:106240001B781B0213447A680332127813441846F1
:106250000C37BD465DF8047B704780B483B000AF57
:1062600078607B681B78312B10D17B6801331B78F9
:10627000002B0BD17B6802331B78002B06D17B6887
:1062800003331B78002B01D1012360E07B681B786E
:106290007422934213D17B6801331B787922934295
:1062A0000DD17B6802331B787022934207D17B6843
:1062B00003331B783122934201D1012347E07B68ED
:1062C0001B784F22934213D17B6801331B785422F1
:1062D00093420DD17B6802331B785422934207D13D
:1062E0007B6803331B784F22934201D101232EE0B8
:1062F0007B681B78002B10D17B6801331B78012B46
:106300000BD17B6802331B78002B06D17B680333EB
:106310001B78002B01D1012319E07B681B787422C4
:10632000934213D17B6801331B78722293420DD1C3
:106330007B6802331B787522934207D17B68033355
:106340001B786522934201D1012300E00023184607
:106350000C37BD465DF8047B704780B588B000AF50
:10636000F860B9607A60BB680433FA681344184671
:10637000FFF716FF0346BB61BB680C337B6100234C
:10638000FB6137E0FB691B011A467B6913443B61E3
:10639000FA683B6913441A787B681B789A4226D1C5
:1063A0003B690133FA6813441A787B6801331B7820
:1063B0009A421CD13B690233FA6813441A787B680D
:1063C00002331B789A4212D13B690333FA681344B3
:1063D0001A787B6803331B789A4208D13B690833EB
:1063E000FA6813441846FFF702FF034607E0FB690B
:1063F0000133FB61FA69BB699A42C3DB002318468B
:106400002037BD4680BD80B584B000AF786039606C
:106410007868FFF722FF0346002B07D03B68002B6C
:1064200001D1002344E04FF0FF3341E07B681B784B
:10643000742293423AD17B6801331B7874229342D1
:1064400034D17B6802331B78632293422ED17B6860
:1064500003331B786622934228D17B6804331846A5
:10646000FFF7C5FE0346B3F5803F08D07B680433D1
:106470001846FFF7BCFE0346B3F5003F16D17B6814
:1064800008331846FFF7CEFEF8603A68FB689A4278
:1064900002DB4FF0FF330BE03B689B000C337A6864
:1064A00013441846FFF7A3FE034601E04FF0FF3305
:1064B00018461037BD4680BD80B58EB000AFF8617C
:1064C00007F1100080E80E0000237B630023FB62CD
:1064D00000233B6307F12C030222122107F1400045
:1064E000FFF7B9FD3B6B002B02D0FB6A002B06D1F6
:1064F000FB69002200211846FFF724FC30E03B6BCB
:106500001A46FB6A384607F11001FFF745FC07F110
:1065100020033A4607CA83E8070007F1340307F16E
:10652000200001221321FFF796FD7B6B002B06D183
:10653000FB69002200211846FFF704FC10E03A6BCB
:106540007B6B13441A4607F1100311461846FFF7F8
:1065500089FBFB6907F1100211461846FFF758FC4A
:10656000F8693837BD4680BDF0B5A1B004AFF86119
:10657000B9617A61FB69BA695A60FB697A699A60A4
:10658000FC693B46002200211846FFF7DBFB04F1C3
:1065900038033A4607CA83E807007B699D4A1946D3
:1065A000B869FFF7DAFEB8667B699B4A1946B86995
:1065B000FFF7D3FE03461A46FB691A617B69974AC7
:1065C0001946B869FFF7C9FE03461A46FB695A61C6
:1065D0007B69934A1946B869FFF7BFFE03461A461E
:1065E000FB699A617B698F4A1946B869FFF7B5FE66
:1065F00003461A46FB69DA617B698B4A1946B8691A
:10660000FFF7ABFE03461A46FB691A627B69874AAD
:106610001946B869FFF7A1FE03461A46FB695A629C
:106620007B69834A1946B869FFF797FE03461A4605
:10663000FB699A62BB6E002B0BD0FB695B69002B78
:1066400007D0FB69DB69002B03D0FB691B6A002BB9
:1066500001D10023B2E1FB699B69002B06D0FB69E5
:106660001B69002B40F027810023A7E102233B6335
:106670000023FB620023BB6200237B627B696D4ABF
:106680001946B869FFF769FE78667B6E002B01D169
:10669000002393E1FC693B46002200211846FFF7E6
:1066A00051FB04F168033A4607CA83E80700FC6916
:1066B0003B46002200211846FFF744FB04F1740317
:1066C0003A4607CA83E80700BA697B6ED118FC69AD
:1066D0003B464FF000521846FFF734FB04F13803F5
:1066E0003A4607CA83E80700FA6907F14C033832D3
:1066F00007CA83E8070007F14C0302211846FFF799
:10670000DDFA07F14C031846FFF779FA03461A46FB
:1067100007F14C0311461846FFF7A4FA3B4607F170
:106720004C0211461846FFF773FB07F1340307F1DB
:106730004C0211461846FFF76BFB384600230093C6
:1067400007F134030ECBFFF7C3FC07F140033A46D1
:1067500007CA83E807003B4607F14C02114618467A
:10676000FFF756FBFC693B4607F14C021146184601
:10677000FFF74EFB04F150033A4607CA83E80700CF
:1067800007F12C0307F1400001221121FFF763FC00
:1067900007F1300307F1400001224FF48371FFF746
:1067A0005AFC07F1280307F1400001224FF49271CF
:1067B000FFF751FC07F1240307F14000012240F2EA
:1067C0002511FFF748FCFD693E466C4607F1400382
:1067D00093E8070084E8070007F14C030ECB30462E
:1067E000FFF76AFE05F15C033A4607CA83E8070033
:1067F0003B6B022B01D00023E0E0FB6A002B01D1B0
:106800000023DBE0BB6A002B3FD07B6A002B13D157
:106810000023D3E0445501084C55010854550108A4
:106820005C550108645501086C5501087455010850
:106830007C55010884550108BB6A1A4607F14C03D0
:1068400011461846FFF70EFAFC693B4607F14C0269
:1068500011461846FFF7DCFA04F168033A4607CA06
:1068600083E807007B6A1D467B6D1A467B6AD31A54
:10687000FC69384607F14C012A46FFF78DFA04F10E
:1068800074033A4607CA83E80700FB6A1A4607F111
:106890004C0311461846FFF7E5F9FC693B4607F142
:1068A0004C0211461846FFF7B3FA04F144033A4686
:1068B00007CA83E807007B69424A1946B869FFF7AF
:1068C0004CFD38663B6E002B0BD03B6E0433BA692F
:1068D00013441846FFF764FC03461A46FB69DA6066
:1068E00003E0FB694FF6FF72DA60FB694FF0FF329D
:1068F000DA62BB6E0233BA6913441846FFF750FCE4
:106900000346FB65FB6900221A630023FB663EE039
:10691000FB6EDB001A46BB6E13440433BB65BA69D9
:10692000BB6D13441846FFF73BFC0346002B1CD0FD
:10693000032B29D1BB6D0233BA6913441846FFF704
:106940002FFC0346012B01D00A2B1CD1BB6D043355
:10695000BA6913441846FFF74AFC0246BB6E13445B
:106960001A46FB691A6300BF0DE0BB6D0433BA69B8
:1069700013441846FFF73BFC0246BB6E13441A460D
:10698000FB691A6300E000BFFB6E0133FB66FA6E21
:10699000FB6D9A42BCDBFB691B6B002B01D1002312
:1069A0000CE0FB695B693233BA6913441846FFF7A0
:1069B000F7FB03461A46FB695A63012318467437EE
:1069C000BD46F0BD8C55010890B597B000AF78601A
:1069D00039607B685B687B647B681B6B3B647A6CAB
:1069E0003B6C13441846FFF7DBFB0346FB87FB8F2A
:1069F000002B17D13B6C02337A6C13441846FFF717
:106A0000CFFB0346BB60BB68063B3A689A4207DA95
:106A10003A683B6C134406337A6C13441B7899E153
:106A2000002397E1FB8F062B2BD13B6C06337A6C4E
:106A300013441846FFF7B4FB03463B613B6C083335
:106A40007A6C13441846FFF7ABFB0346FB603B68C8
:106A50003A699A4213D83A69FB681A443B689A42E9
:106A60000DD93A683B69D31A5A003B6C13440A3378
:106A70007A6C13441846FFF793FB03466AE1002340
:106A800068E1FB8F022B06D1AF4BB04A40F2EA51CE
:106A9000AF480BF013FEFB8F042B40F0E6803B6CFD
:106AA00006337A6C13441846FFF77AFB03465B08FB
:106AB000FB843B6C08337A6C13441846FFF770FB79
:106AC00003465B08A7F856303B6C0A337A6C1344D4
:106AD0001846FFF765FB0346A7F854303B6C0C33B0
:106AE0007A6C13441846FFF75BFB03465B08BB84D4
:106AF0003B6C0E333B623B6A3B653B68B3F5803FC2
:106B000001DB002326E1BB8C5B001A463B6D13447E
:106B10007A6C13441846FFF743FB03461A463B685A
:106B2000934205DBBB8C5B001A463B6D13443B650F
:106B30003B6D023B3B6521E0B7F856305B08A7F898
:106B40005630B7F856305B001A463B6D13447A6CEA
:106B500013441846FFF724FB0346FB82FB8A3A687E
:106B60009A4206DDB7F856305B001A463B6D134477
:106B70003B65B7F85430013BA7F85430B7F85430B0
:106B8000002BD9D13B6D02333B653A6D3B6AD31A7A
:106B90005B08FB83FB8C5B001A46FB8B5B001A4493
:106BA0003B6C134410337A6C13441846FFF7F8FA21
:106BB0000346BB83FB8B5B001A463B6A13447A6C2B
:106BC00013441846FFF7ECFA03467B83BB8B3A6805
:106BD0009A4203DB7B8B3A689A4201DD0023B9E0DD
:106BE000FA8C13465B0013445B001A46FB8B5B0078
:106BF0001A443B6C134410337A6C13441846FFF765
:106C0000CFFA03463B833B8B002B14D13B689CB2ED
:106C1000FB8C9B001A46FB8B5B001A443B6C1344B5
:106C200010337A6C13441846FFF7CDFA03469BB233
:106C300023449BB28EE03B8BBA8B39688A1A520090
:106C40001A443B6CD118FB8B5B001846FA8C134638
:106C50005B0013445B0003440B4410337A6C134411
:106C60001846FFF79DFA034674E0FB8F0C2B02D009
:106C7000FB8F0D2B60D13B6C0C337A6C13441846A0
:106C8000FFF7B5FAB8630023FB64BB6BBB644DE050
:106C9000BA6CFB6CD31A5B10FA6C13447B637A6B8F
:106CA00013465B0013449B001A463B6C134410339D
:106CB0007A6C13441846FFF79AFA38637A6B1346D6
:106CC0005B0013449B001A463B6C134414337A6CEC
:106CD00013441846FFF78BFAF8623B683A6B9A4206
:106CE00002D97B6BBB6421E03B68FA6A9A4203D20B
:106CF0007B6B0133FB6419E07A6B13465B00134432
:106D00009B001A463B6C134418337A6C13441846A4
:106D1000FFF76DFAB862FB8F0C2B05D13A68BB6A9E
:106D20001A443B6BD31A15E0BB6A13E0FA6CBB6CD8
:106D30009A42ADDB00230DE0034B044A40F231617F
:106D400003480BF0BBFC00BF185501081CCE02081D
:106D5000B854010818465C37BD4690BD80B485B074
:106D600000AFF8607A603B600B46FB72FB68FA7A12
:106D70001A737B681AB2FB681A803B681AB2FB6808
:106D80005A80BB691AB2FB689A80FB691AB2FB6829
:106D9000DA8000BF1437BD465DF8047B7047000001
:106DA00090B585B000AF786039607B681B6C002BB4
:106DB00006D0384B384A40F2476138480BF07EFC29
:106DC0007B68DB683A689A4202DB4FF0FF335DE094
:106DD0007B685B6B012B02DD4FF0FF3356E07B6875
:106DE0005B6B002B25D17B689C697B685A687B684C
:106DF0001B6919463B685B000B4413441846FFF7B8
:106E0000CFF903465B002344FB607B689C697B6889
:106E10005A687B681B6919463B685B000B44023368
:106E200013441846FFF7BCF903465B002344BB60DC
:106E300024E07B689B691C467B685A687B681B69F9
:106E400019463B689B000B4413441846FFF7CFF9E3
:106E500003462344FB607B689B691C467B685A6839
:106E60007B681B6919463B689B000B440433134441
:106E70001846FFF7BCF903462344BB60FA68BB68B9
:106E80009A4201D0FB6801E04FF0FF3318461437F7
:106E9000BD4690BD9455010834CE0208B85401088F
:106EA00080B588B002AFF860B9607A603B60FB687B
:106EB0001B6C002B0AD07B6A01933B6A00933B68F2
:106EC0007A68B968F86802F0E1F945E0B968F868ED
:106ED000FFF766FF78617B69002B01DA00233CE055
:106EE0007B68002B0BD0FB685A687B690233134424
:106EF0001846FFF768F903461A467B681A603B6834
:106F0000002B0BD0FB685A687B6904331344184686
:106F1000FFF759F903461A463B681A603B6A002B93
:106F20000BD0FB685A687B69063313441846FFF799
:106F30004AF903461A463B6A1A607B6A002B0BD05B
:106F4000FB685A687B69083313441846FFF73BF91E
:106F500003461A467B6A1A60012318461837BD4655
:106F600080BD80B586B002AFF860B9607A603B60E2
:106F70003B68002B33D07B68002B1BD0BB685A1CAE
:106F8000BA601A461346DB009B1A5B001A46FB6880
:106F90009818BA6A3B6A13445910FA6A7B6A134418
:106FA0005A10FB6A0193BB6A009313460A460321F9
:106FB000FFF7D4FEBB685A1CBA601A461346DB00C2
:106FC0009B1A5B001A46FB6898187B6A01933B6A20
:106FD0000093FB69BA690321FFF7C0FE2BE07B68D1
:106FE000002B14D0BB685A1CBA601A461346DB004B
:106FF0009B1A5B001A46FB689818FB6A0193BB6AF0
:107000000093FB69BA690321FFF7A8FE13E0BB6890
:107010005A1CBA601A461346DB009B1A5B001A46DC
:10702000FB6898180023019300230093FB69BA6959
:107030000221FFF793FEBB6818461037BD4680BD9E
:10704000B0B5B6B006AFF860B9607A60FB685B684F
:10705000FB660023C7F8BC300023C7F8B830B96816
:10706000F868FFF79DFEB8667B6800221A60BB6E69
:10707000002B02DA002300F0CDBDBB6EFA6E134484
:107080001846FFF7A0F80346A7F86630B7F9663050
:10709000002B40F33283002387F8B7300023C7F872
:1070A000AC300023C7F8A4300023C7F8A030BB6E73
:1070B0000A33FA6E13447B64B7F966305B001A46F4
:1070C000BB6E13440A33FA6E13441846FFF768F890
:1070D00003463B64B7F966305B001A46BB6E1A4440
:1070E0003B6C13440C33FA6E1344FB67B7F96630FC
:1070F0005B00023B7A6C13441846FFF751F80346D5
:107100000133FB63B7F966305B00FA6B1344BB6372
:10711000BA6B1346DB009B1A5B0018460BF0ECFAC7
:107120000346C7F8BC30D7F8BC30002B02D100238F
:1071300000F070BD0023C7F8A830002387F8B630F0
:10714000BA6BFB6BD31A7B630023C7F8B03030E017
:1071500097F8B630002B12D1FB6F5A1CFA671B78D8
:1071600087F8B73097F8B73003F00803002B0BD03F
:10717000FB6F5A1CFA671B7887F8B63004E097F863
:10718000B630013B87F8B6307A6BD7F8B03013448D
:107190001A461346DB009B1A5B001A46D7F8BC3030
:1071A000134497F8B7201A73D7F8B0300133C7F8F3
:1071B000B030D7F8B020FB6B9A42C9DB0023C7F888
:1071C0009C300023C7F8B0305BE07A6BD7F8B03062
:1071D00013441A461346DB009B1A5B001A46D7F885
:1071E000BC3013441B7B87F8B73097F8B73003F0F7
:1071F0000203002B16D0FB6F5A1CFA671B783B86E4
:1072000097F8B73003F01003002B02D0B7F93030F5
:1072100002E0B7F930305B42D7F89C201344C7F83E
:107220009C3018E097F8B73003F01003002B12D110
:10723000FB6F1B781B029BB2FA6F0132127813446A
:107240009BB21BB21A46D7F89C301344C7F89C3047
:10725000FB6F0233FB677A6BD7F8B03013441A46E2
:107260001346DB009B1A5B001A46D7F8BC30134468
:10727000D7F89C2012B21A80D7F8B0300133C7F883
:10728000B030D7F8B020FB6B9A429EDB0023C7F8E2
:1072900098300023C7F8B0305BE07A6BD7F8B03095
:1072A00013441A461346DB009B1A5B001A46D7F8B4
:1072B000BC3013441B7B87F8B73097F8B73003F026
:1072C0000403002B16D0FB6F5A1CFA671B787B86D1
:1072D00097F8B73003F02003002B02D0B7F9323013
:1072E00002E0B7F932305B42D7F898201344C7F870
:1072F000983018E097F8B73003F02003002B12D134
:10730000FB6F1B781B029BB2FA6F01321278134499
:107310009BB21BB21A46D7F898301344C7F898307E
:10732000FB6F0233FB677A6BD7F8B03013441A4611
:107330001346DB009B1A5B001A46D7F8BC30134497
:10734000D7F8982012B25A80D7F8B0300133C7F876
:10735000B030D7F8B020FB6B9A429EDB0023C7F811
:10736000B8300023C7F88030D7F88030C7F88430B1
:10737000D7F88430C7F89030D7F89030C7F89430F9
:10738000D7F89430C7F88830D7F88830C7F88C30F1
:107390000023C7F8B0308BE17A6BD7F8B0301344D4
:1073A0001A461346DB009B1A5B001A46D7F8BC301E
:1073B00013441B7B87F8B7307A6BD7F8B03013448F
:1073C0001A461346DB009B1A5B001A46D7F8BC30FE
:1073D0001344B3F90030C7F89C307A6BD7F8B0305B
:1073E00013441A461346DB009B1A5B001A46D7F873
:1073F000BC301344B3F90230C7F89830D7F8A8204E
:10740000D7F8B0309A4240F0D780D7F8B030002B90
:107410001DD0D7F890300593D7F894300493D7F85F
:1074200080300393D7F884300293D7F888300193E3
:10743000D7F88C300093D7F8A030D7F8A420D7F82D
:10744000B810D7F8BC00FFF78CFDC7F8B80097F864
:10745000B73003F00103002B0CBF01230023DBB284
:10746000C7F8A030D7F8A030002B6ED0D7F89C30EA
:10747000C7F88430D7F89830C7F880307A6BD7F8DF
:10748000B03013445A1C1346DB009B1A5B001A46AB
:10749000D7F8BC3013441B7B03F00103002B2CD125
:1074A0007A6BD7F8B03013445A1C1346DB009B1A92
:1074B0005B001A46D7F8BC301344B3F900301A46C3
:1074C000D7F89C3013445B10C7F88C307A6BD7F830
:1074D000B03013445A1C1346DB009B1A5B001A465B
:1074E000D7F8BC301344B3F902301A46D7F89830B5
:1074F00013445B10C7F888302FE07A6BD7F8B030B0
:1075000013445A1C1346DB009B1A5B001A46D7F83B
:10751000BC301344B3F90030C7F88C307A6BD7F81D
:10752000B03013445A1C1346DB009B1A5B001A460A
:10753000D7F8BC301344B3F90230C7F88830D7F815
:10754000B0300133C7F8B03007E0D7F89C30C7F847
:107550008C30D7F89830C7F88830D7F8B8305A1C34
:10756000C7F8B8201A461346DB009B1A5B001A4680
:10757000D7F8BC3098180023019300230093D7F864
:107580008830D7F88C200121FFF7E8FB0023C7F8EB
:10759000A430D7F8AC305B001A467B6C1344184615
:1075A000FEF7FEFD03460133C7F8A830D7F8AC302C
:1075B0000133C7F8AC3076E097F8B73003F0010339
:1075C000002B34D1D7F8A430002B24D0D7F8B83012
:1075D0005A1CC7F8B8201A461346DB009B1A5B00FA
:1075E0001A46D7F8BC309818D7F89420D7F89C30B2
:1075F00013445910D7F89020D7F8983013445A10F4
:10760000D7F890300193D7F89430009313460A4688
:107610000321FFF7A3FBD7F89C30C7F89430D7F8C5
:107620009830C7F890300123C7F8A4303BE0D7F872
:10763000A430002B1BD0D7F8B8305A1CC7F8B8209C
:107640001A461346DB009B1A5B001A46D7F8BC307B
:107650009818D7F890300193D7F894300093D7F862
:107660009830D7F89C200321FFF778FB18E0D7F873
:10767000B8305A1CC7F8B8201A461346DB009B1ACC
:107680005B001A46D7F8BC309818002301930023FA
:107690000093D7F89830D7F89C200221FFF75EFBC3
:1076A0000023C7F8A430D7F8B0300133C7F8B030A2
:1076B000D7F8B020FB6B9A42FFF66EAED7F8903049
:1076C0000593D7F894300493D7F880300393D7F814
:1076D00084300293D7F888300193D7F88C30009328
:1076E000D7F8A030D7F8A420D7F8B810D7F8BC0046
:1076F000FFF737FCC7F8B80086E2B7F96630002B11
:1077000080F282820123BB67BB6E0A33FA6E134498
:107710007B670023C7F8B8300023C7F8BC306FE29E
:1077200000233B660023FB620023FB65A44B07F1AB
:1077300014041D460FCD0FC495E8030084E8030030
:10774000786FFEF740FD0346A7F85A307B6F02338F
:107750007B67786FFEF737FD0346A7F858307B6FDD
:1077600002337B67B7F85A3003F00203002B39D09D
:10777000B7F85A3003F00103002B1AD0786FFEF7E8
:1077800022FD034607EE903AF8EEE77AC7ED097A54
:107790007B6F02337B67786FFEF715FD034607EEBC
:1077A000903AF8EEE77AC7ED0A7A7B6F02337B678F
:1077B0001FE07B6F93F9003007EE903AF8EEE77A1E
:1077C000C7ED097A7B6F01337B677B6F93F90030DC
:1077D00007EE903AF8EEE77AC7ED0A7A7B6F01334D
:1077E0007B6706E0774B784A40F22E7177480AF0C3
:1077F00065FFB7F85A3003F00803002B18D0786FF4
:10780000FEF7E1FC034607EE903AB8EEE77ADFEDCB
:10781000706AC7EE267AC7ED087A3B6A7B617B6F98
:1078200002337B674FF00003FB61FB69BB6177E0CC
:10783000B7F85A3003F04003002B27D0786FFEF7DB
:10784000C2FC034607EE903AB8EEE77ADFED606AD5
:10785000C7EE267AC7ED057A7B6F02337B674FF060
:107860000003FB61FB69BB61786FFEF7ACFC03466C
:1078700007EE903AB8EEE77ADFED556AC7EE267A62
:10788000C7ED087A7B6F02337B6749E0B7F85A305F
:1078900003F08003002B43D0786FFEF794FC03467F
:1078A00007EE903AB8EEE77ADFED496AC7EE267A3E
:1078B000C7ED057A7B6F02337B67786FFEF783FC39
:1078C000034607EE903AB8EEE77ADFED416AC7EE7D
:1078D000267AC7ED067A7B6F02337B67786FFEF7F7
:1078E00072FC034607EE903AB8EEE77ADFED386AAD
:1078F000C7EE267AC7ED077A7B6F02337B67786F16
:10790000FEF761FC034607EE903AB8EEE77ADFED4A
:10791000306AC7EE267AC7ED087A7B6F02337B6741
:1079200097ED057AD7ED057A27EE277AD7ED066A27
:10793000D7ED067A66EEA77A77EE277A17EE900AE9
:10794000F8F752FE02460B4643EC102B0DF0A2FB5B
:1079500053EC102B10461946F9F776F903467B6570
:1079600097ED077AD7ED077A27EE277AD7ED086AE1
:10797000D7ED087A66EEA77A77EE277A17EE900AA7
:10798000F8F732FE02460B4643EC102B0DF082FB5B
:1079900053EC102B10461946F9F756F903463B6590
:1079A000B7F8583007F12C021946F86801F0BCFC12
:1079B00038663B6E002B40F31E8100233B67B8E026
:1079C000A4550108185501084CCE0208B854010806
:1079D00000008046F96A3A6F1346DB009B1A5B0091
:1079E0000B44FB64FB6C1B88A7F84A30FB6C5B887C
:1079F000A7F8483097ED057AB7F94A3007EE903A84
:107A0000F8EEE77A27EE277AD7ED076AB7F948301C
:107A100007EE903AF8EEE77A66EEA77A37EE277A25
:107A2000D7ED097A37EE277AD7ED157A67EE277A00
:107A3000FDEEE77A17EE903A1AB2FB6C1A8097EDDA
:107A4000067AB7F94A3007EE903AF8EEE77A27EE71
:107A5000277AD7ED086AB7F9483007EE903AF8EE82
:107A6000E77A66EEA77A37EE277AD7ED0A7A37EE0D
:107A7000277AD7ED147A67EE277AFDEEE77A17EECC
:107A8000903A1AB2FB6C5A80FB6C9B88A7F84A307C
:107A9000FB6CDB88A7F8483097ED057AB7F94A30D8
:107AA00007EE903AF8EEE77A27EE277AD7ED076AE5
:107AB000B7F9483007EE903AF8EEE77A66EEA77A23
:107AC00037EE277AD7ED097A37EE277AD7ED157A90
:107AD00067EE277AFDEEE77A17EE903A1AB2FB6C62
:107AE0009A8097ED067AB7F94A3007EE903AF8EEA9
:107AF000E77A27EE277AD7ED086AB7F9483007EE1C
:107B0000903AF8EEE77A66EEA77A37EE277AD7ED65
:107B10000A7A37EE277AD7ED147A67EE277AFDEEE8
:107B2000E77A17EE903A1AB2FB6CDA803B6F0133BA
:107B30003B673A6F3B6E9A42FFF64CAFD7F8B820DE
:107B40003B6E13441A461346DB009B1A5B00184633
:107B50000AF0D2FD0346FB65FB6D002B10D1D7F870
:107B6000BC30002B03D0D7F8BC000AF0CDFDFB6A77
:107B7000002B03D0FB6A18460AF0C6FD002349E03B
:107B8000D7F8B830002B0FDDD7F8BC30002B0BD066
:107B9000D7F8B8201346DB009B1A5B001A46D7F8CB
:107BA000BC10F86D0BF077FED7F8B8201346DB0059
:107BB0009B1A5B001A46FB6D9818F96A3A6E1346D9
:107BC000DB009B1A5B001A460BF065FED7F8BC3051
:107BD000002B03D0D7F8BC000AF096FDFB6DC7F868
:107BE000BC30FB6A18460AF08FFDD7F8B8203B6E10
:107BF0001344C7F8B830B7F85A3003F02003BB6716
:107C0000BB6F002B7FF48CAD7B68D7F8BC201A606B
:107C1000D7F8B8301846C037BD46B0BD80B485B07F
:107C200000AFF860B9607A60FB68DB69BA689A42B5
:107C300003DCFB685B68002B02D1FB68BA68DA6181
:107C4000FB685B6A7A689A4203DCFB685B68002B1E
:107C500002D1FB687A685A62FB689B69BA689A42EB
:107C600003DBFB685B68002B02D1FB68BA689A6192
:107C7000FB681B6A7A689A4203DBFB685B68002B2F
:107C800002D1FB687A681A62FB6801225A6000BF61
:107C90001437BD465DF8047B704780B586B002AFEF
:107CA000F8607A603B600B46FB72FB681B68002B38
:107CB00012D03A687968F868FFF7B0FFFB7A042BB6
:107CC00037D1FA69B969F868FFF7A8FF7A6A396AA3
:107CD000F868FFF7A3FF2CE0FB689A6AFB68DB6A91
:107CE00019460B46DB005B1A5B00D018F97AFB697A
:107CF0000193BB6900933B687A68FFF72FF8FB6834
:107D00009A6AFB68DB6A19460B46DB005B1A5B006C
:107D100013443A6A12B21A81FB689A6AFB68DB6AFA
:107D200019460B46DB005B1A5B0013447A6A12B2F9
:107D30005A81FB68DB6A5A1CFB68DA6200BF1037A5
:107D4000BD4680BD80B586B004AF78607B6893ED9A
:107D5000027A7B68D3ED047AB4EE677AF1EE10FA1A
:107D60000AD17B6893ED037A7B68D3ED057AB4EE94
:107D7000677AF1EE10FA19D07B68D3ED027ABDEE86
:107D8000E77A7B68D3ED037AFDEEE77A002303936D
:107D900000230293002301930023009317EE903AEF
:107DA00017EE102A02217868FFF777FF00BF083727
:107DB000BD4680BD80B588B004AFF86087ED020A8B
:107DC000C7ED010AF868FFF7BDFFFB6893ED047A81
:107DD000D7ED027A77EE277AFB68C3ED047AFB6869
:107DE0001A69FB689A60FB6893ED057AD7ED017A12
:107DF00077EE277AFB68C3ED057AFB685A69FB6862
:107E0000DA60FB68D3ED047ABDEEE77AFB68D3ED68
:107E1000057AFDEEE77A0023039300230293002303
:107E200001930023009317EE903A17EE102A0121D8
:107E3000F868FFF732FF00BF1037BD4680BD80B540
:107E400088B004AFF86087ED020AC7ED010AFB684D
:107E500093ED047AD7ED027A77EE277AFB68C3EDCB
:107E6000047AFB6893ED057AD7ED017A77EE277AED
:107E7000FB68C3ED057AFB68D3ED047ABDEEE77AC3
:107E8000FB68D3ED057AFDEEE77A00230393002328
:107E90000293002301930023009317EE903A17EE0C
:107EA000102A0221F868FFF7F8FE00BF1037BD4620
:107EB00080BD80B590B004AFF86187ED060AC7EDCC
:107EC000050A87ED041AC7ED031A87ED022AC7EDEC
:107ED000012AFB69D3ED047A97ED067A77EE277ACB
:107EE000C7ED0B7AFB69D3ED057A97ED057A77EE4E
:107EF000277AC7ED0A7A97ED0B7AD7ED047A77EEF9
:107F0000277AC7ED097A97ED0A7AD7ED037A77EEEB
:107F1000277AC7ED087A97ED097AD7ED027A77EEDE
:107F2000277AFB69C3ED047A97ED087AD7ED017AD9
:107F300077EE277AFB69C3ED057AFB69D3ED047A06
:107F4000BDEEE77AFB69D3ED057AFDEEE76AD7ED82
:107F50000B7AFDEEE77A17EE903AD7ED0A7AFDEE4E
:107F6000E77A17EE902AD7ED097AFDEEE77A17EE59
:107F7000901AD7ED087AFDEEE77A17EE900A039093
:107F800002910192009316EE903A17EE102A042106
:107F9000F869FFF782FE00BF3037BD4680BD80B56F
:107FA00088B002AFF860384680E80E003B461846BD
:107FB000FEF77CF838616B237B613B6948F26B42CA
:107FC000934203DD4FF400437B6106E03B69B3F568
:107FD0009B6F02DB40F26B437B613A6A7B6913441F
:107FE0003B623B6A002B03DB3A6A3B699A4206DB41
:107FF000FB68002200211846FDF7A4FE06E0F868A1
:108000003B6A00933B460ECBFEF762F8F8681837E0
:10801000BD4680BDF0B59BB004AFF861B9617A612F
:10802000BA6907F12403743207CA83E807004FF0E6
:10803000FF333B6507F1240300211846FDF712FECC
:1080400007F124031846FDF7DAFD0346BB64BB6C59
:10805000002B0DD107F1240379691846FDF72EFE98
:1080600007F124031846FDF7CAFD03463B6538E0D7
:10807000BB6C032B35D107F1240302211846FDF711
:108080002FFE03467B6407F1240302211846FDF707
:1080900027FE03467B650023FB641EE007F12403F3
:1080A0001846FDF7ACFD03463B6407F124030221AB
:1080B0001846FDF715FE0346FB637A697B6D9A420D
:1080C00006DB7A69FB6B9A4202DA3B6C3B6508E09F
:1080D000FB6B7B65FB6C0133FB64FA6C7B6C9A4237
:1080E000DCDB3B6DB3F1FF3F05D13B4600220021B5
:1080F0001846FDF727FE07F13000BB693A6D009284
:1081000068330ECBFDF7E4FFFE69BD696C4607F1ED
:10811000300393E8070084E8070005F138030ECB2D
:108120003046FEF7C9F9F8695C37BD46F0BD00007E
:1081300090B5FBB002AF07F5F073A3F5E2731860DA
:1081400007F5F073A3F5E473196007F5F073A3F571
:10815000E6731A600123C7F8DC310023C7F8D83171
:108160000023C7F8D4310023C7F8D0310023C7F863
:10817000C83107F5F073A3F5DA7207F5F073A3F5CC
:10818000E2731B6814465C3393E8070084E8070039
:1081900007F5F073A3F5E074384607F5F073A3F51F
:1081A000E2731B6807F5F072A2F5E47212680092A0
:1081B00044330ECBFDF78CFF07F5F073A3F5F07297
:1081C000234607CA83E8070000F0F5BF0023C7F87D
:1081D000CC310123C7F8C43107F120031846FDF75D
:1081E0000EFD0346C7F8B431D7F8B431013B1E2B5E
:1081F00000F28A8701A252F823F000BFBD82000876
:1082000009910008BD82000831830008B983000885
:1082100031840008238400087D8600080991000845
:10822000118B00083F8C0008958C0008099100080C
:10823000838C000809910008099100080991000841
:10824000BD8200087982000879820008D782000880
:1082500075830008BD820008558700087D880008E6
:10826000A5890008A5890008099100084F8B00081E
:10827000DF840008D1840008D7F8DC31002B0AD055
:10828000D7F8D031DA0F13445B101A46D7F8D8313B
:108290001344C7F8D8310023C7F8DC31D7F8D831F8
:1082A0000733002B00DA0733DB101A4607F12003EF
:1082B00011461846FDF702FD00F076BFD7F8D03121
:1082C000DA0F13445B101A46D7F8D8311344C7F8B5
:1082D000D83100F069BF0023C7F8DC31D7F8D031BE
:1082E000012B02DC002300F074BFD7F8D031023B31
:1082F00007F5F072A2F598729B001344D3ED007A53
:10830000D7F8D031013B07F5F072A2F598729B00C7
:10831000134493ED007A07F5F073A3F5E673F0EEDE
:10832000470AB0EE670A1868FFF744FD00F03CBF4B
:108330000023C7F8DC31D7F8D031002B02DC002352
:1083400000F047BFD7F8D031013B07F5F072A2F536
:1083500098729B001344D3ED007A07F5F073A3F5F0
:10836000E673F0EE670A9FEDC90A1868FFF722FD71
:1083700000F01ABF0023C7F8DC31D7F8D031002B4A
:1083800002DC002300F025BFD7F8D031013B07F510
:10839000F072A2F598729B001344D3ED007A07F5B2
:1083A000F073A3F5E673DFEDB90AB0EE670A18685B
:1083B000FFF700FD00F0F8BED7F8D031012B27DC25
:1083C000002300F006BF07F5F073A3F59872D7F805
:1083D000CC319B001344D3ED007AD7F8CC31013374
:1083E00007F5F072A2F598729B00134493ED007AA2
:1083F00007F5F073A3F5E673F0EE470AB0EE670AEF
:108400001868FFF71CFDD7F8CC310233C7F8CC3120
:10841000D7F8CC310133D7F8D0219A42D3DC00F021
:10842000C3BED7F8D031002B2ADC002300F0D1BE28
:10843000D7F8D031002B02DC002300F0CABED7F8F9
:10844000CC21D7F8D0319A423CDA07F5F073A3F586
:108450009872D7F8CC319B001344D3ED007A07F51E
:10846000F073A3F5E673DFED890AB0EE670A1868CA
:10847000FFF7E5FCD7F8CC310133C7F8CC3100E089
:1084800000BFD7F8CC21D7F8D0319A421DDA07F5D2
:10849000F073A3F59872D7F8CC319B001344D3ED59
:1084A000007A07F5F073A3F5E673F0EE670A9FED27
:1084B000770A1868FFF7C3FCD7F8CC310133C7F847
:1084C000CC31BCE700BF00F06FBE00BF00F06CBE57
:1084D000D7F8D031032B6ADC002300F07ABED7F83E
:1084E000D031032B02DC002300F073BED7F8CC316F
:1084F0000333D7F8D0219A4240F3BA8007F5F073DE
:10850000A3F59872D7F8CC319B00134493ED007A11
:10851000D7F8CC31013307F5F072A2F598729B00C1
:108520001344D3ED006AD7F8CC31023307F5F0726B
:10853000A2F598729B00134493ED006AD7F8CC31F2
:10854000033307F5F072A2F598729B001344D3ED44
:10855000005AD7F8D021D7F8CC31D31A052B0BD13C
:10856000D7F8CC31043307F5F072A2F598729B006E
:108570001344D3ED007A01E0DFED447A07F5F073A0
:10858000A3F5E673F0EE672AB0EE652AF0EE461A20
:10859000B0EE661AF0EE470A9FED3C0A1868FFF746
:1085A00088FCD7F8CC310433C7F8CC3100E000BFE9
:1085B000D7F8CC310333D7F8D0219A425BDD07F5E9
:1085C000F073A3F59872D7F8CC319B00134493ED68
:1085D000007AD7F8CC31013307F5F072A2F5987222
:1085E0009B001344D3ED006AD7F8CC31023307F572
:1085F000F072A2F598729B00134493ED006AD7F8CD
:10860000D021D7F8CC31D31A052B0BD1D7F8CC31E8
:10861000043307F5F072A2F598729B001344D3ED72
:10862000007A01E0DFED197AD7F8CC31033307F592
:10863000F072A2F598729B001344D3ED005A07F52F
:10864000F073A3F5E673F0EE652AB0EE672AF0EE5C
:10865000461AB0EE661ADFED0D0AB0EE470A18684A
:10866000FFF727FCD7F8CC310433C7F8CC313DE70E
:1086700000BF00F099BD00BF00F096BDD7F8D03123
:10868000052B5EDC002300F0A4BD00BF000000004D
:1086900007F5F073A3F59872D7F8CC319B0013441B
:1086A000D3ED007AD7F8CC31013307F5F072A2F59B
:1086B00098729B00134493ED007AD7F8CC310233C3
:1086C00007F5F072A2F598729B001344D3ED006A8F
:1086D000D7F8CC31033307F5F072A2F598729B00FE
:1086E000134493ED006AD7F8CC31043307F5F072E8
:1086F000A2F598729B001344D3ED005AD7F8CC3101
:10870000053307F5F072A2F598729B00134493EDC0
:10871000005A07F5F073A3F5E673F0EE452AB0EEC4
:10872000652AF0EE461AB0EE661AF0EE470AB0EE91
:10873000670A1868FFF7BDFBD7F8CC310633C7F8D6
:10874000CC31D7F8CC310533D7F8D0219A429FDC11
:1087500000F02ABDD7F8D031072B5BDC002300F0F6
:1087600038BD07F5F073A3F59872D7F8CC319B00AC
:108770001344D3ED007AD7F8CC31013307F5F0720A
:10878000A2F598729B00134493ED007AD7F8CC3190
:10879000023307F5F072A2F598729B001344D3EDF3
:1087A000006AD7F8CC31033307F5F072A2F598725E
:1087B0009B00134493ED006AD7F8CC31043307F5DE
:1087C000F072A2F598729B001344D3ED005AD7F8CB
:1087D000CC31053307F5F072A2F598729B00134473
:1087E00093ED005A07F5F073A3F5E673F0EE452A12
:1087F000B0EE652AF0EE461AB0EE661AF0EE470AC1
:10880000B0EE670A1868FFF754FBD7F8CC3106338F
:10881000C7F8CC31D7F8CC315A1DD7F8D031023B4C
:108820009A429EDBD7F8CC310133D7F8D0219A4257
:1088300002DC002300F0CDBC07F5F073A3F59872BD
:10884000D7F8CC319B001344D3ED007AD7F8CC3164
:10885000013307F5F072A2F598729B00134493ED73
:10886000007A07F5F073A3F5E673F0EE470AB0EE71
:10887000670A1868FFF7E3FA00F096BCD7F8D03122
:10888000072B27DC002300F0A4BC07F5F073A3F549
:108890009872D7F8CC319B001344D3ED007AD7F807
:1088A000CC31013307F5F072A2F598729B001344A6
:1088B00093ED007A07F5F073A3F5E673F0EE470A3F
:1088C000B0EE670A1868FFF7BAFAD7F8CC3102336E
:1088D000C7F8CC31D7F8CC315A1CD7F8D031063B89
:1088E0009A42D2DBD7F8CC310533D7F8D0219A425F
:1088F00002DC002300F06DBC07F5F073A3F598725D
:10890000D7F8CC319B001344D3ED007AD7F8CC31A3
:10891000013307F5F072A2F598729B00134493EDB2
:10892000007AD7F8CC31023307F5F072A2F59872CD
:108930009B001344D3ED006AD7F8CC31033307F51D
:10894000F072A2F598729B00134493ED006AD7F879
:10895000CC31043307F5F072A2F598729B001344F2
:10896000D3ED005AD7F8CC31053307F5F072A2F5F4
:1089700098729B00134493ED005A07F5F073A3F52A
:10898000E673F0EE452AB0EE652AF0EE461AB0EE38
:10899000661AF0EE470AB0EE670A1868FFF789FA20
:1089A00000F002BCD7F8D031032B02DC002300F02A
:1089B00010BC4FF00003C7F8C031D7F8D03103F036
:1089C0000103002B00F09B8007F5F073A3F598726C
:1089D000D7F8CC319B0013441B68C7F8C031D7F8D7
:1089E000CC310133C7F8CC3189E0D7F8B4311B2B37
:1089F0003ED107F5F073A3F59872D7F8CC319B0000
:108A00001344D3ED007AD7F8CC31013307F5F07277
:108A1000A2F598729B00134493ED007AD7F8CC31FD
:108A2000023307F5F072A2F598729B001344D3ED60
:108A3000006AD7F8CC31033307F5F072A2F59872CB
:108A40009B00134493ED006A07F5F073A3F5E673FA
:108A5000DFEDD12AB0EE462AF0EE661AB0EE471AE4
:108A6000D7ED700AB0EE670A1868FFF722FA3DE00A
:108A700007F5F073A3F59872D7F8CC319B00134437
:108A8000D3ED007AD7F8CC31013307F5F072A2F5B7
:108A900098729B00134493ED007AD7F8CC310233DF
:108AA00007F5F072A2F598729B001344D3ED006AAB
:108AB000D7F8CC31033307F5F072A2F598729B001A
:108AC000134493ED006A07F5F073A3F5E673F0EE37
:108AD000462A9FEDB12AF0EE661AB0EE471AF0EE84
:108AE000670A97ED700A1868FFF7E3F94FF0000383
:108AF000C7F8C031D7F8CC310433C7F8CC31D7F838
:108B0000CC310333D7F8D0219A423FF76EAF4BE315
:108B1000D7F8C831002B1AD107F5F073A3F5E2732B
:108B20001B68DB6F002B0FD007F5F073A3F5DA702D
:108B300007F5F073A3F5E47207F5F073A3F5E2739C
:108B400012681968FFF766FA0123C7F8C831D7F829
:108B5000D031002B01DC00233BE3D7F8D031013BBF
:108B6000C7F8D03107F5F073A3F59872D7F8D03174
:108B70009B001344D3ED007AFDEEE77A17EE903AAE
:108B8000C7F87C31D7F8D431092B01DD002320E36D
:108B9000D7F8D421531CC7F8D43107F5F073A3F5E7
:108BA000D47113465B0013449B00194407F5F0731E
:108BB000A3F5E0720B4607CA83E80700D7F8B43183
:108BC0000A2B0BD007F5F073A3F5E2731A6807F5CB
:108BD000B873503207CA83E8070008E007F5F0735E
:108BE000A3F5DA7207F5B87307CA83E8070007F53B
:108BF000F073A3F5E0743846D7F87C31009307F59D
:108C0000B8730ECBFFF7CBF907F5F073A3F5F0724D
:108C1000234607CA83E8070007F5F073A3F5E0735E
:108C20009B68002B01D10023D3E207F5F073A3F575
:108C3000E07300225A600023C7F8C431B4E2D7F8C9
:108C4000D431002B01DC0023C3E2D7F8D431013B3F
:108C5000C7F8D43107F5F073A3F5E07007F5F073AA
:108C6000A3F5D471D7F8D42113465B0013449B00BD
:108C7000CA18034607CA83E807000023C7F8C431AF
:108C800092E207F5F073A3F5E6731868FFF75AF858
:108C900001239EE207F120031846FCF7B0FF0346CC
:108CA000C7F8B031D7F8B031223B032B00F229824C
:108CB00001A252F823F000BFC98C00088D8D000876
:108CC000938E0008838F0008D7F8D031062B01DC83
:108CD00000237EE207F5F073A3F598731B68C7F8CD
:108CE000AC3107F5F073A3F598735B68C7F8A4314E
:108CF00007F5F073A3F598739B68C7F8A03107F5E3
:108D0000F073A3F59873DB68C7F89C3107F5F0732F
:108D1000A3F598731B69C7F8943107F5F073A3F5B1
:108D200098735B69C7F88C3107F5F073A3F59873F6
:108D30009B69C7F8BC3107F5F073A3F5E673DFED67
:108D4000162A97ED672AD7ED681A97ED691ADFEDB5
:108D5000120A97ED6B0A1868FFF7ABF8D7ED687A3F
:108D6000F1EE677A07F5F073A3F5E673DFED0A2AF3
:108D700097ED6F2AF0EE671A97ED631ADFED060A9A
:108D800097ED650A1868FFF794F8BCE1D7F8D03181
:108D90000C2B03DC00231CE20000000007F5F0733D
:108DA000A3F598731B68C7F8AC3107F5F073A3F50A
:108DB00098735B68C7F8A83107F5F073A3F598734B
:108DC0009B68C7F8A43107F5F073A3F59873DB68C7
:108DD000C7F8A03107F5F073A3F598731B69C7F8BE
:108DE0009C3107F5F073A3F598735B69C7F8983168
:108DF00007F5F073A3F598739B69C7F8943107F5ED
:108E0000F073A3F59873DB69C7F8903107F5F07339
:108E1000A3F598731B6AC7F88C3107F5F073A3F5B7
:108E200098735B6AC7F8883107F5F073A3F59873F8
:108E30009B6AC7F8BC3107F5F073A3F59873DB6A3A
:108E4000C7F8B83107F5F073A3F5E673D7ED662AD6
:108E500097ED672AD7ED681A97ED691AD7ED6A0A78
:108E600097ED6B0A1868FFF724F807F5F073A3F580
:108E7000E673D7ED6E2A97ED6F2AD7ED621A97ED5C
:108E8000631AD7ED640A97ED650A1868FFF711F8C1
:108E900039E1D7F8D031082B01DC002399E107F53F
:108EA000F073A3F598731B68C7F8AC3107F5F0733E
:108EB000A3F598735B68C7F8A83107F5F073A3F5BD
:108EC00098739B68C7F8A43107F5F073A3F59873FE
:108ED000DB68C7F8A03107F5F073A3F598731B6939
:108EE000C7F89C3107F5F073A3F598735B69C7F871
:108EF000943107F5F073A3F598739B69C7F88C312B
:108F000007F5F073A3F59873DB69C7F8883107F5A7
:108F1000F073A3F598731B6AC7F8BC3107F5F073BB
:108F2000A3F5E6735FED642A97ED672AD7ED681A1B
:108F300097ED691AD7ED6A0A97ED6B0A1868FEF784
:108F4000B8FF97ED6A7AD7ED687A37EE277AD7EDD2
:108F5000627A77EE277AF1EE677A07F5F073A3F578
:108F6000E673F0EE672A97ED6F2AD7ED621A97ED58
:108F7000631A5FED770A97ED650A1868FEF799FFA7
:108F8000C1E0D7F8D0310A2B01DC002321E107F53D
:108F9000F073A3F598731B68C7F8AC3107F5F0734D
:108FA000A3F598735B68C7F8A83107F5F073A3F5CC
:108FB00098739B68C7F8A43107F5F073A3F598730D
:108FC000DB68C7F8A03107F5F073A3F598731B6948
:108FD000C7F89C3107F5F073A3F598735B69C7F880
:108FE000983107F5F073A3F598739B69C7F894312E
:108FF00007F5F073A3F59873DB69C7F8903107F5AF
:10900000F073A3F598731B6AC7F88C3107F5F073FA
:10901000A3F598735B6AC7F8883107F5F073A3F579
:1090200098739B6AC7F8B831D7F8B831C7F8BC3124
:1090300097ED6B7AD7ED697A37EE277AD7ED677AB5
:1090400037EE277AD7ED657A77EE277A97ED637A50
:1090500077EE277AC7ED617A97ED6A7AD7ED687A6D
:1090600037EE277AD7ED667A37EE277AD7ED647A2E
:1090700077EE277A97ED627A77EE277AC7ED607AF6
:10908000D7ED617AB0EEE77AD7ED607AF0EEE77A65
:10909000B4EEE77AF1EE10FA06DDD7ED607AF1EE84
:1090A000677AC7ED6E7A05E0D7ED617AF1EE677AFF
:1090B000C7ED6F7A07F5F073A3F5E673D7ED662A6F
:1090C00097ED672AD7ED681A97ED691AD7ED6A0A06
:1090D00097ED6B0A1868FEF7ECFE07F5F073A3F541
:1090E000E673D7ED6E2A97ED6F2AD7ED621A97EDEA
:1090F000631AD7ED640A97ED650A1868FEF7D9FE82
:1091000001E0002365E04FE0D7F8B431FF2B09D030
:10911000D7F8B4311C2B05D0D7F8B4311F2B01DCA4
:10912000002356E0D7F8B431FF2B11D107F120030B
:1091300004211846FCF7D4FD034607EE903AB8EE3A
:10914000E77ADFED266AC7EE267AC7ED707A13E07C
:1091500007F120034FF0FF311846FCF7AFFD07F190
:1091600020031846FCF79CFE03461BB207EE903A1C
:10917000F8EEE77AC7ED707AD7F8D0312F2B01DD02
:10918000002326E0D7F8D0315A1CC7F8D02107F5C4
:10919000F072A2F598729B001344D7F8C0211A60B0
:1091A0000023C7F8C43100BFD7F8C431002B02D068
:1091B0000023C7F8D03107F5F073A3F5E0735A68C0
:1091C00007F5F073A3F5E0739B689A42FEF6FEAFD5
:1091D0000023184607F5F277BD4690BD0000804792
:1091E00080B59CB000AFF860B9607A6007F14003C9
:1091F00030220021184609F078FC01233B6407F176
:10920000100330220021184609F06FFC07F14003DB
:109210001A46B968F868FEF78BFF0346002B26D084
:10922000FB6E1A461346DB009B1A5B00184609F0DA
:1092300063FA03461A467B681A607B681B68BB6347
:1092400007F110031A46B968F868FEF771FF034684
:10925000002B0CD0FA6BFB6E9A4206D0084B094AE1
:1092600040F6E601084809F029FAFB6B03E07B6849
:1092700000221A60002318467037BD4680BD00BF2B
:10928000BC55010864CE0208B854010880B592B0FC
:1092900000AFF860B9607A603B6007F114033022D8
:1092A0000021184609F021FC01237B6107F114031A
:1092B0001A46B968F868FEF73BFF78647B68002BB4
:1092C00007D07B6C002B01D0FB6A00E000237A689A
:1092D00013603B68002B07D07B6C002B01D07B6BAD
:1092E00000E000233A6813603B6D002B07D07B6CD5
:1092F000002B01D03B6B00E000233A6D13607B6DC7
:10930000002B07D07B6C002B01D0BB6B00E000234F
:109310007A6D13607B6C002B01D03B6C00E0002366
:1093200018464837BD4680BD80B584B000AFF860B0
:10933000B9607A60FB681B6C002B06D17A68B9684B
:10934000F868FDF77DFE034605E07A68B968F868BD
:10935000FFF746FF034618461037BD4680BD80B56F
:1093600086B000AFF860B9607A603B60FB685A680D
:10937000FB68DB69223313441846FCF711FF0346F0
:10938000FB82FB8ABA689A4227DA7B68002B0FD0EF
:10939000FB685A68FB681B6A1946BB689B000B4454
:1093A00013441846FCF70FFF03461A467B681A6001
:1093B0003B68002B3ED0FB685A68FB681B6A194665
:1093C000BB689B000B44023313441846FCF7FBFEBA
:1093D00003461A463B681A602CE07B68002B10D0CD
:1093E000FB685A68FB681B6A1946FB8A013B9B00B5
:1093F0000B4413441846FCF7E6FE03461A467B6806
:109400001A603B68002B15D0FB685A68FB681B6A22
:109410001846FB8AB968CB1A5B001946FB8A9B0089
:109420000B44034413441846FCF7CDFE03461A468A
:109430003B681A6000BF1837BD4680BD80B58AB052
:1094400000AFF860B9607A60FB685B68FA68526ADE
:109450001344FB61FB685B6A002B01D1002356E0DB
:10946000FB6902331846FCF79BFE0346002B01D133
:1094700000234CE0FB6908331846FCF791FE0346D5
:10948000012B01D0002342E000237B62FB690A33F9
:109490001846FCF785FE0346013B3B62BB681A0495
:1094A0007B681343BB612DE07A6A3B6A13445B100F
:1094B0007B617A6913465B0013445B001233FA69DF
:1094C00013441846FCF793FE3861BA693B699A4227
:1094D00003D27B69013B3B6214E0BA693B699A4263
:1094E00003D97B6901337B620CE07A6913465B0028
:1094F00013445B001633FA6913441846FCF763FE05
:10950000034604E07A6A3B6A9A42CDDD002318469E
:109510002837BD4680BD80B594B000AF7860396013
:109520007868FCF73DFE0346FB87FB8F012B02D0DA
:10953000022B3AD087E07B6802331846FCF730FEF6
:1095400003463B840023FB643B8C013BBB643B68CC
:10955000FB6125E07B680433BB61FA6CBB6C134490
:109560005B107B617B695B001A46BB69134418463C
:10957000FCF716FE03467B827B8AFB60FA69FB6878
:109580009A4203DA7B69013BBB6409E0FA69FB6834
:109590009A4203DD7B690133FB6401E07B6957E09C
:1095A000FA6CBB6C9A42D5DD50E07B6802331846FA
:1095B000FCF7F6FD0346BB877B680433BB630023DF
:1095C0007B64BB8F013B3B643B687B6336E07A6C1A
:1095D0003B6C13445B103B633A6B13465B001344D4
:1095E0005B001A46BB6B1344FB62F86AFCF7D8FDBC
:1095F0000346BB62FB6A02331846FCF7D1FD034603
:109600007B627A6BBB6A9A4203DA3B6B013B3B6439
:1096100014E07A6B7B6A9A4203DD3B6B01337B6417
:109620000CE0FB6A04331846FCF7BAFD03467B8462
:109630007A8C3B681A44BB6AD31A09E07A6C3B6C9B
:109640009A42C4DD02E04FF0FF3301E04FF0FF33F8
:1096500018465037BD4680BD80B58EB000AF7860EB
:1096600039607868FCF79CFD0346FB85FB8D012B78
:1096700002D0022B27D06EE07B6802331846FCF73D
:109680008FFD03467B827B6804331846FCF788FD18
:1096900003463B827B680633FB607B8A3A689A42CA
:1096A0005CDB7A8A3B8A13443A689A4256DA7B8AB0
:1096B0003A68D31A5B001A46FB6813441846FCF755
:1096C0006FFD03464CE07B6802331846FCF768FDEB
:1096D0000346BB857B680433BB6200237B63BB8D81
:1096E000013B3B633B687B6230E07A6B3B6B13442E
:1096F0005B103B623A6A13465B0013445B001A46F8
:10970000BB6A1344FB61F869FCF74AFD0346BB6181
:10971000FB6902331846FCF743FD03467B617A6A16
:10972000BB699A4203DA3B6A013B3B630EE07A6A0B
:109730007B699A4203DD3B6A01337B6306E0FB6988
:1097400004331846FCF72CFD034609E07A6B3B6BAB
:109750009A42CADD03E04FF0FF3301E000BF00236F
:1097600018463837BD4680BD80B5A8B000AFF86058
:10977000B9607A60FB689B6A002B01D10023B4E1D9
:10978000FB685B68FA68926A1344C7F88C30D7F8B4
:109790008C00FCF705FD0346012B01D00023A4E15A
:1097A000D7F88C3002331846FCF7FAFC0346002B3E
:1097B00001D0002399E1D7F88C3008331846FCF724
:1097C000EFFC0346A7F88A30B7F88A30D7F88C2028
:1097D0001344C7F88430D7F88400FCF7E1FC034653
:1097E000A7F882300023C7F89C3076E1D7F89C3088
:1097F0005B000233D7F8842013441846FCF7D0FCF2
:109800000346A7F88030B7F88030D7F88420134497
:10981000FB67F86FFCF7C4FC0346A7F87A30FB6FD0
:1098200004331846FCF7BCFC0346A7F87830FB6FFE
:1098300006337B67B7F87A30022B40F0488100236B
:10984000C7F898303BE1D7F898305B001A467B6F39
:1098500013441846FCF7A4FC0346A7F87230B7F887
:109860007230FA6F1344FB66F86EFCF799FC0346FE
:10987000A7F86A30FB6E02331846FCF791FC0346EA
:10988000A7F86830B7F86830FA6E1344B96818461C
:10989000FFF741FE78667B6EB3F1FF3F00F0098170
:1098A000B7F86A30012B03D0022B00F08580FEE070
:1098B000FB6E04331846FCF773FC0346A7F84430EC
:1098C000FB6E06331846FCF76BFC0346A7F84230E4
:1098D000B7F84430042B6CD1B7F84230002B68D174
:1098E0000223FB63FB6E08331846FCF759FC034662
:1098F0007B877B6E5B000A33FA6E13441846FCF7D5
:109900004FFC03463B873B8FFA6E13447B63786BB7
:10991000FCF746FC03467B867B6B0233FB627B8F46
:109920007A6E9A4201DB0023DFE07B68BB627B8EAC
:10993000013BC7F890300023C7F8943032E0D7F8E5
:109940009420D7F8903013445B107B62FB6B02339A
:109950007A6A02FB03F31A46FB6A13443B62386AD5
:10996000FCF71EFC0346FB83FB8BBB61BA6ABB6939
:109970009A4204DA7B6A013BC7F8903012E0BA6A77
:10998000BB699A4204DD7B6A0133C7F8943009E071
:109990003B6A02331846FCF716FC0346FB82B7F914
:1099A0001630A2E0D7F89420D7F890309A42C6DD5E
:1099B00001E0002399E07DE0FB6E04331846FCF7DC
:1099C000EFFB0346A7F86230FB6E06331846FCF740
:1099D000E7FB0346A7F86030B7F86230042B64D188
:1099E000B7F86030002B60D1FB6E08331846FCF7E7
:1099F000D7FB0346A7F85E30FB6E0A331846FCF728
:109A0000CFFB0346A7F85C30B7F85E30FA6E13441C
:109A1000B9681846FFF720FEB865B7F85C30FA6EF3
:109A2000134479681846FFF717FE7865FB6E0C3310
:109A30001846FCF7B5FB0346A7F85230FB6E0E3311
:109A40001846FCF7ADFB0346A7F85030BB6D002B62
:109A500004DBB7F85230BA6D9A4201DB002344E0D0
:109A60007B6D002B04DBB7F850307A6D9A4201DB36
:109A700000233AE0FB6E1033FB64B7F85030BA6D48
:109A800002FB03F35B001A46FB6C1344BB647B6D63
:109A90005B001A46BB6C13441846FCF794FB034664
:109AA000A7F84630B7F946301FE000231DE0002339
:109AB0001BE000BFD7F898300133C7F89830B7F8EB
:109AC0007830D7F898209A42FFF6BDAE00E000BF8C
:109AD000D7F89C300133C7F89C30B7F88230D7F8FC
:109AE0009C209A42FFF682AE00231846A037BD465E
:109AF00080BD80B586B000AFF860B9607A600023A1
:109B00007B61FB689B6A002B09D07A68B968F868AA
:109B1000FFF72AFE02467B6913447B610CE0FB6879
:109B20005B6A002B08D07A68B968F868FFF786FC92
:109B300002467B6913447B617B6918461837BD4632
:109B400080BD80B584B000AFF860B9607A603B60DA
:109B5000B968F868FCF738FF01463B687A68F8682E
:109B6000FFF7FDFB00BF1037BD4680BD80B584B058
:109B700000AFF860B9607A603B60BB68002B0CD026
:109B8000FB685A68FB68DB69043313441846FCF72A
:109B90001AFB03461A46BB681A607B68002B0CD080
:109BA000FB685A68FB68DB69063313441846FCF708
:109BB0000AFB03461A467B681A603B68002B0CD0F0
:109BC000FB685A68FB68DB69083313441846FCF7E6
:109BD000FAFA03461A463B681A6000BF1037BD46C2
:109BE00080BD90B585B000AF786087ED000A7B68D6
:109BF0005A687B68DB69043313441846FCF7E3FAC0
:109C000003461C467B685A687B68DB69063313444D
:109C10001846FCF7D8FA0346E31AFB60FB6807EE28
:109C2000903AF8EEE77A97ED007AC7EE276AF0EE01
:109C3000667AB0EE670A1437BD4690BD80B58EB027
:109C400002AFF861B96187ED050AC7ED040A87ED37
:109C5000031AC7ED021A7A603B600023FB620023FF
:109C6000BB6207F1280107F12C0207F120030193E1
:109C700007F1240300930B46B969F869FDF710F961
:109C80000346002B19D17B68002B02D07B68002291
:109C90001A603B68002B02D03B6800221A60BB6B45
:109CA000002B02D0BB6B00221A60FB6B002B00F074
:109CB0009280FB6B00221A608DE07B68002B1FD026
:109CC000FB6A07EE903AB8EEE77AD7ED057A27EE11
:109CD000277AD7ED037A77EE277A17EE900AF6F710
:109CE00083FC02460B4643EC102B0BF051FB53EC6C
:109CF000102B10461946F6F77FFF02467B681A6064
:109D00003B68002B20D03B6A5B4207EE903AB8EEEE
:109D1000E77AD7ED047A27EE277AD7ED027A77EE45
:109D2000277A17EE900AF6F75FFC02460B4643ECE3
:109D3000102B0BF02DFB53EC102B10461946F6F7A9
:109D40005BFF02463B681A60BB6B002B1FD07B6A2F
:109D500007EE903AB8EEE77AD7ED057A27EE277A44
:109D6000D7ED037A77EE277A17EE900AF6F73CFCE8
:109D700002460B4643EC102B0BF08EFA53EC102BE3
:109D800010461946F6F738FF0246BB6B1A60FB6BAC
:109D9000002B20D0BB6A5B4207EE903AB8EEE77A20
:109DA000D7ED047A27EE277AD7ED027A77EE277A75
:109DB00017EE900AF6F718FC02460B4643EC102B00
:109DC0000BF06AFA53EC102B10461946F6F714FF05
:109DD0000246FB6B1A6000BF3037BD4680BD0000F5
:109DE00080B588B002AF7861396187ED030AC7EDAD
:109DF000020A7A603B607B6A01933B6A00933B688E
:109E00007A68DFED081A9FED071AD7ED020A97ED81
:109E1000030A39697869FFF711FF00BF1837BD469B
:109E200080BD00BF0000000080B58AB002AFF861BD
:109E3000B96187ED050AC7ED040A87ED031AC7ED7E
:109E4000021A7A603B60B969F869FCF7BDFD01460A
:109E5000FB6A0193BB6A00933B687A68D7ED021AEC
:109E600097ED031AD7ED040A97ED050AF869FFF795
:109E7000E5FE00BF2037BD4680BD000080B588B03C
:109E800002AF7861396187ED030AC7ED020A7A6093
:109E90003B607B6A01933B6A00933B687A68DFED25
:109EA000081A9FED071AD7ED020A97ED030A3969E0
:109EB0007869FFF7B9FF00BF1837BD4680BD00BF06
:109EC0000000000080B588B000AFF860B9607A602B
:109ED000FB685B68002B08D0FB685B687B617B6973
:109EE0001A68FB685A607B6939E0FB689B68002B45
:109EF00026D1BB681F2B07D9BB687F2B02D84FF434
:109F0000487303E0642301E04FF4FA63FB61FB69EB
:109F1000BA6802FB03F30433184608F0EDFB03466E
:109F2000BB61BB69002B01D1002318E0FB681A68F4
:109F3000BB691A60FB68BA691A60FB68FA699A60C3
:109F4000FB689B685A1EFB689A60FB681A68FB688E
:109F50009B681946BB6801FB03F30433134418469E
:109F60002037BD4680BD80B483B000AF78603960D3
:109F70007B685A683B681A607B683A685A6000BF21
:109F80000C37BD465DF8047B704780B584B000AFE8
:109F9000786039607B681B68FB6007E0FB681B68C2
:109FA000BB60F86808F0B0FBBB68FB60FB68002B87
:109FB000F4D100BF00BF1037BD4680BD80B588B06A
:109FC00000AF78613961FA6087ED020A7B607A68D8
:109FD0001C217869FFF776FFF8613B6993ED027AFF
:109FE0003B69D3ED007A77EE676A3B6993ED037ABC
:109FF0003B69D3ED017A37EE677AC6EE877AC7ED13
:10A00000067AFB69002B06D12D4B2E4A40F62D31E6
:10A010002D4808F053FBFB69002B01D1FB694BE095
:10A02000FB69BA699A60D7ED067AF5EE407AF1EEEF
:10A0300010FA06D0F7EE006A97ED067AC6EE877A38
:10A0400001E0DFED227AFB69C3ED037A3B6993ED12
:10A05000007A3B69D3ED017AD7ED026A76EEE76AC2
:10A06000D7ED067A66EEA77A77EE277AFB69C3ED1D
:10A07000017AFB6993ED017AFB6807EE903AF8EEFE
:10A08000E77A77EE677AFB69C3ED017A3B691B6972
:10A09000002B02D04FF07E5200E00D4AFB691A619E
:10A0A0003B695A68FB695A613B69DA68FB699A61E6
:10A0B000FB6900221A60FB6918462037BD4680BD47
:10A0C000F85501087CCE0208B854010800000000D1
:10A0D000000080BF80B588B000AFF861B9617A61D7
:10A0E00087ED040AC7ED030A87ED021AC7ED011ACE
:10A0F00097ED037AD7ED017AB4EE677AF1EE10FAB4
:10A1000000F02E8297ED037AD7ED017AB4EEE77A6C
:10A11000F1EE10FA06D4B34BB34A40F6D731B34848
:10A1200008F0CCFA7B6993ED057A7B69D3ED067A6A
:10A13000B4EEE77AF1EE10FA06D9AD4BAA4A40F632
:10A14000D831AA4808F0BAFA7B69D3ED067A97EDC0
:10A15000037AB4EEE77AF1EE10FA00F303827B693A
:10A16000D3ED057A97ED017AB4EEE77AF1EE10FAC5
:10A1700000F1FA817B69D3ED057A97ED037AB4EEAD
:10A18000E77AF1EE10FA1FD597ED027AD7ED047A4F
:10A1900037EE677A7B69D3ED056AD7ED037A76EE01
:10A1A000E77A67EE276A97ED017AD7ED037A37EE03
:10A1B000677AC6EE877A97ED047A77EE277AC7ED4D
:10A1C000047A7B695B69FB607B69D3ED067A97ED66
:10A1D000017AB4EEE77AF1EE10FA1FDD97ED027A1C
:10A1E000D7ED047A37EE677A7B69D3ED066AD7ED4F
:10A1F000017A76EEE77A67EE276A97ED017AD7ED76
:10A20000037A37EE677AC6EE877A97ED027A77EEB1
:10A21000277AC7ED027A7B699B697B60BB6907EE91
:10A22000903AF8EEE77A97ED047AB4EE677AF1EEB9
:10A2300010FA14D1BB69013307EE903AF8EEE77AD1
:10A2400097ED027AB4EEE77AF1EE10FA40F29780D9
:10A25000684B654A40F6E531644808F02FFABB695F
:10A26000013307EE903AF8EEE77A97ED047AB4EE10
:10A27000677AF1EE10FA12D1BB6907EE903AF8EE68
:10A28000E77A97ED027AB4EEE77AF1EE10FA76DA31
:10A29000594B554A40F6E731544808F00FFABB696C
:10A2A00007EE903AF8EEE77A97ED047AB4EEE77AA3
:10A2B000F1EE10FA12D8BB6907EE903AF8EEE77AA1
:10A2C00097ED027AB4EEE77AF1EE10FA57D94B4BDC
:10A2D000454A40F6E931454808F0F0F9BB690133D9
:10A2E00007EE903AF8EEE77A97ED047AB4EEE77A63
:10A2F000F1EE10FA13DBBB69013307EE903AF8EE8A
:10A30000E77A97ED027AB4EEE77AF1EE10FA36DAF0
:10A310003B4B354A40F6EB31344808F0CFF9BB6986
:10A3200007EE903AF8EEE77A97ED027AB4EEE77A24
:10A33000F1EE10FAACBF01230023DBB283F001037E
:10A34000DBB2002B14D1BB69013307EE903AF8EE73
:10A35000E77A97ED027AB4EEE77AF1EE10FA94BF5D
:10A3600001230023DBB283F00103DBB2002B06D014
:10A37000244B1D4A40F6ED311C4808F09FF9BB699B
:10A3800007EE903AF8EEE77A97ED047AB4EEE77AC2
:10A39000F1EE10FA38D8BB6907EE903AF8EEE77A9A
:10A3A00097ED027AB4EEE77AF1EE10FA2CD8BB6999
:10A3B0009B00FA69134493ED007A7B69D3ED046A3C
:10A3C00097ED016AD7ED037A76EE677A66EEA77AA3
:10A3D000BB699B00FA69134477EE277AC3ED007AD4
:10A3E000C3E000BF0C56010890CE0208B854010823
:10A3F0001456010824560108305601083856010841
:10A40000405601084C560108BB69013307EE903AEB
:10A41000F8EEE77A97ED047AB4EEE77AF1EE10FA07
:10A420000DDBBB69013307EE903AF8EEE77A97ED62
:10A43000027AB4EEE77AF1EE10FA80F29680BB6908
:10A4400007EE903AF8EEE77A97ED047AB4EEE77A01
:10A45000F1EE10FAACBF01230023DBB283F001035D
:10A46000DBB2002B3DD1BB69013307EE903AF8EE29
:10A47000E77A97ED047AB4EEE77AF1EE10FA94BF3A
:10A4800001230023DBB283F00103DBB2002B28D1D0
:10A49000BB6907EE903AF8EEE77A97ED027AB4EEF0
:10A4A000E77AF1EE10FAACBF01230023DBB283F0B0
:10A4B0000103DBB2002B14D1BB69013307EE903AE4
:10A4C000F8EEE77A97ED027AB4EEE77AF1EE10FA59
:10A4D00094BF01230023DBB283F00103DBB2002B26
:10A4E00006D0234B234A40F6F431234808F0E6F81F
:10A4F000BB699B00FA69134493ED007A7B69D3ED45
:10A50000046A97ED016AD7ED037A76EE677A66EE14
:10A51000A76ABB6907EE903AF8EEE77A97ED046A0E
:10A5200036EE676ABB6907EE903AF8EEE77AD7ED48
:10A53000025A75EEE77A36EE276AF0EE005AC6EE5A
:10A54000257AB7EE006A76EE677A66EEA77ABB697F
:10A550009B00FA69134477EE277AC3ED007A04E092
:10A5600000BF02E000BF00E000BF2037BD4680BD55
:10A570006456010890CE0208B854010880B584B032
:10A5800000AF87ED030AC7ED020A87ED011AD7ED88
:10A59000027AF5EEC07AF1EE10FA06DA134B144A9D
:10A5A00040F6FB31134808F089F8D7ED017AF5EE53
:10A5B000C07AF1EE10FA06DA0F4B0D4A40F6FC3184
:10A5C0000C4808F07BF897ED027AD7ED017A77EE28
:10A5D000277AF0EE006A87EEA67AD7ED037A67EE67
:10A5E000277AB0EE670A1037BD4680BD9456010841
:10A5F000ACCE0208B8540108A456010880B586B054
:10A6000000AF87ED050AC7ED040A87ED031AC7ED11
:10A61000021A87ED012A97ED037AD7ED047A77EED7
:10A62000676A97ED017AD7ED027A77EE677AB0EE36
:10A63000671AF0EE660A97ED050AFFF79FFFF0EE46
:10A64000407AB0EE670A1837BD4680BD80B483B04B
:10A6500000AF87ED010AC7ED000A97ED017AD7ED4B
:10A66000007A67EE277AB0EE007AC7EE876AF0EEDE
:10A67000667AB0EE670A0C37BD465DF8047B70471A
:10A6800080B5A4B000AF78613961FA60BB6087ED36
:10A69000010AD7ED017AB7EE007A77EE877AC7ED37
:10A6A000177A00F0C5BCBB68D3ED067A97ED017A46
:10A6B000B4EEE77AF1EE10FA06D9C04BC04A40F684
:10A6C0001241C04807F0FAFFBB68D3ED027AF5EEFD
:10A6D000407AF1EE10FA50D1BB685B68FB61FB6811
:10A6E00007EE903AF8EEE77A97ED077AB4EEE77A5C
:10A6F000F1EE10FA40F19984D7ED077AF5EEC07AC1
:10A70000F1EE10FA28DBD7ED077AFDEEE77AD7ED08
:10A71000171A97ED071AD7ED010A97ED070ABA68DD
:10A7200017EE901A7869FFF7D5FC3B69043BD7ED2B
:10A73000077AFDEEE77A17EE902A511CD7ED171A2B
:10A7400097ED071AD7ED010A97ED070ABA68184680
:10A75000FFF7C0FC00F069BC3B69043BD7ED171A5A
:10A7600097ED071AD7ED010A97ED070ABA6800219D
:10A770001846FFF7AFFC00F058BCBB685B68C7F831
:10A780008C30BB689B68C7F8883097ED237AD7ED8B
:10A79000227A77EE277AC7ED167ABB68DB687B678B
:10A7A000BB68D3ED057A97ED177AB4EEE77AF1EE50
:10A7B00010FAACBF01230023DBB283F00103DBB24C
:10A7C000002B11D1BB68D3ED067A97ED017AB4EE78
:10A7D000E77AF1EE10FA94BF01230023DBB283F095
:10A7E0000103DBB2002B06D0774B754A40F62541BA
:10A7F000744807F063FFBB68D3ED057A97ED017AE3
:10A80000B4EEE77AF1EE10FA14D5BB6893ED057A51
:10A81000D7ED017A37EE677AD7ED227A67EE277A9D
:10A8200097ED237A77EE277AC7ED217ABB685B69CB
:10A83000FB6705E0D7F88C30C7F884307B68FB678E
:10A84000BB68D3ED067A97ED177AB4EEE77AF1EEAE
:10A8500010FA14DDBB6893ED067AD7ED017A37EE76
:10A86000677AD7ED227A67EE277A97ED237A77EE2B
:10A87000277AC7ED207ABB689B69BB6704E0BB6D94
:10A88000C7F88030FB6DBB67D7ED217AF5EEC07A53
:10A89000F1EE10FAC0F23C82D7ED207AF5EEC07AE4
:10A8A000F1EE10FAC0F23482FB6807EE903AF8EE4F
:10A8B000E77A97ED217AB4EEE77AF1EE10FA40F1FB
:10A8C0002782FB6807EE903AF8EEE77A97ED207A58
:10A8D000B4EEE77AF1EE10FA40F11A82D7ED217A60
:10A8E000FDEEE77A17EE902AD7ED207AFDEEE77AB3
:10A8F00017EE903A9A426BD1D7ED217AFDEEE77AC6
:10A9000017EE903A3B6497ED1E7AD7ED1F7A37EE3B
:10A91000677ABB68D3ED047A67EE277AC7ED0F7AC2
:10A920003B6C002B03DB3A6CFB689A4206DB274B3F
:10A93000234A40F64141234807F0C0FE3B6C07EE36
:10A94000903AF8EEE77AB7EE007A37EE877A3B6C0A
:10A9500007EE903AF8EEE77AF7EE006A77EEA67A1D
:10A96000B0EE672AD7ED201AB0EE471AD7ED210ACC
:10A9700097ED0F0AFFF742FEB0EE407A3B6C9B006A
:10A980007A691344D3ED007A3B6C9B007A691344D7
:10A9900077EE277AC3ED007A3B6C9B003A6913444B
:10A9A00093ED007A3B6C9B003A691344D7ED0F7A24
:10A9B00077EE277AC3ED007A37E300BFB856010877
:10A9C000C8CE0208B8540108C8560108EC56010860
:10A9D00097ED217AD7ED207AB4EEE77AF1EE10FA0E
:10A9E0003BDD97ED1F7AD7ED017A77EE677A97ED29
:10A9F000177A77EE677AC7ED1F7A97ED1E7AD7ED53
:10AA0000017A77EE677A97ED177A77EE677AC7ED76
:10AA10001E7AFB6F7B65BB6FFB677B6DBB67D7F8EF
:10AA200080307B65D7F88430C7F880307B6DC7F8FD
:10AA30008430D7ED227AF1EE677AC7ED227AD7ED2E
:10AA40001D7AF1EE677AC7ED1D7AD7F88C307B65F9
:10AA5000BB6DC7F88C307B6DBB65D7ED1D7AF5EE0D
:10AA6000C07AF1EE10FA06DAAB4BAC4A40F653412D
:10AA7000AB4807F023FED7ED227AF5EEC07AF1EE6F
:10AA800010FA06DAA74BA54A40F65441A44807F04D
:10AA900015FED7ED217AFDEEE77A17EE903A3B6589
:10AAA000D7ED207AFDEEE77A17EE903AFB643B6D26
:10AAB000013307EE903AB8EEE77AD7ED237A37EE16
:10AAC000677AD7ED1D7A67EE277A97ED017A77EEF0
:10AAD000277AC7ED1B7AFB6C07EE903AB8EEE77A5F
:10AAE000D7ED237A37EE677AD7ED1D7A67EE277AAE
:10AAF00097ED017A77EE277AC7ED1A7A97ED1B7AF0
:10AB0000D7ED177AB4EEE77AF1EE10FA01DDFB6DBE
:10AB1000FB66BB681B69BB6497ED1B7AD7ED1F7A98
:10AB200077EE677A97ED127A67EE277AC7ED197A92
:10AB30003B6D013307EE903AB8EEE77AD7ED217A14
:10AB400077EE677AF0EE670A97ED190AFFF77EFD58
:10AB5000B0EE407A3B6D9B007A691344D3ED007AE6
:10AB60003B6D9B007A69134477EE277AC3ED007A38
:10AB700097ED1A7AD7ED177AB4EEE77AF1EE10FA7C
:10AB800013DDFB6DBB6697ED1A7AD7ED1B7A77EE76
:10AB9000676A3B6D0133FA6CD31A07EE903AB8EE50
:10ABA000E77AC6EE877AC7ED1D7A97ED127AD7ED70
:10ABB0001D7A67EE277AC7ED117A3B6D01333B674B
:10ABC00022E03B6F9B007A69134493ED007AD7ED46
:10ABD000117AB0EE006AC7EE866AD7ED197A76EE82
:10ABE000A77A3B6F9B007A69134477EE277AC3ED0F
:10ABF000007A97ED197AD7ED117A77EE277AC7EDBB
:10AC0000197A3B6F01333B673A6FFB6C9A42D8DB92
:10AC1000D7ED197AF0EEE77A9FED437AF4EEC77A32
:10AC2000F1EE10FA06D9414B3C4A40F694413C48BB
:10AC300007F044FDD7ED1A7A9FED3D7A77EEC77A9B
:10AC400097ED1E7AB4EEE77AF1EE10FA06DC394B96
:10AC5000324A40F69541324807F030FD97ED1E7AB2
:10AC6000D7ED1A7A37EE677AFB6C07EE903AF8EE7A
:10AC7000E76AFB6C07EE903AF8EEE77AB7EE006A07
:10AC800037EE866AFB6C07EE903AF8EEE77AF7EE5D
:10AC9000005A77EEA57AB0EE672AD7ED201AB0EE0B
:10ACA000461AF0EE660AB0EE470AFFF7A7FCB0EED0
:10ACB000407AD7ED127A27EE277AD7ED197A37EE58
:10ACC000277AFB6C9B007A691344D3ED007AFB6C06
:10ACD0009B007A69134477EE277AC3ED007AFB6C08
:10ACE0009B003A69134493ED007AD7ED1E6AD7EDC5
:10ACF0001F7A76EEE76AD7ED127A66EEA77AFB6CDA
:10AD00009B003A69134477EE277AC3ED007A8CE111
:10AD100000233B6684E100BF00570108C8CE02084B
:10AD2000B854010808570108AE47813F1057010881
:10AD30000AD7233C245701087B68BB633B6E07EEB0
:10AD4000903AF8EEE77AC7ED0D7A3B6E013307EEE5
:10AD5000903AF8EEE77AC7ED0C7ABB6DFB62FB6DBB
:10AD6000BB623B6E07EE903AB8EEE77AD7ED237AF6
:10AD700077EE676A97ED227AC6EE877A97ED017AC9
:10AD800077EE277AC7ED097A3B6E013307EE903AEA
:10AD9000B8EEE77AD7ED237A77EE676A97ED227AF5
:10ADA000C6EE877A97ED017A77EE277AC7ED087AB3
:10ADB00097ED237AD7ED0D7AB4EEE77AF1EE10FA3B
:10ADC00030D597ED0B7AD7ED0C7AB4EEE77AF1EE49
:10ADD00010FA27DDD7ED091A97ED0D1AD7ED0E0AF7
:10ADE00097ED230ABA68396E7869FFF773F9D7EDE2
:10ADF000081A97ED0C1AD7ED090A97ED0D0ABA68F3
:10AE0000396E7869FFF766F9D7ED0A1A97ED0B1AD4
:10AE1000D7ED080A97ED0C0ABA68396E7869FFF722
:10AE200059F9FAE097ED0B7AD7ED0D7AB4EEE77A9F
:10AE3000F1EE10FA30D597ED237AD7ED0C7AB4EE17
:10AE4000E77AF1EE10FA27DDD7ED081A97ED0C1A24
:10AE5000D7ED0E0A97ED230ABA68396E7869FFF7C5
:10AE600039F9D7ED091A97ED0D1AD7ED080A97EDC4
:10AE70000C0ABA68396E7869FFF72CF9D7ED0A1A0F
:10AE800097ED0B1AD7ED090A97ED0D0ABA68396EDE
:10AE90007869FFF71FF9C0E097ED237AD7ED0D7AB7
:10AEA000B4EEE77AF1EE10FA23D597ED0B7AD7EDF1
:10AEB0000D7AB4EEE77AF1EE10FA1ADDD7ED091A41
:10AEC00097ED0D1AD7ED0E0A97ED230ABA68396E81
:10AED0007869FFF7FFF8D7ED0A1A97ED0B1AD7ED4F
:10AEE000090A97ED0D0ABA68396E7869FFF7F2F82A
:10AEF00093E097ED0B7AD7ED0D7AB4EEE77AF1EEA9
:10AF000010FA23D597ED237AD7ED0D7AB4EEE77AD0
:10AF1000F1EE10FA1ADDD7ED091A97ED0D1AD7EDFB
:10AF20000E0A97ED230ABA68396E7869FFF7D2F8EE
:10AF3000D7ED0A1A97ED0B1AD7ED090A97ED0D0A0E
:10AF4000BA68396E7869FFF7C5F866E097ED237A3D
:10AF5000D7ED0C7AB4EEE77AF1EE10FA23D597ED3F
:10AF60000B7AD7ED0C7AB4EEE77AF1EE10FA1ADD2F
:10AF7000D7ED081A97ED0C1AD7ED0E0A97ED230AB4
:10AF8000BA68396E7869FFF7A5F8D7ED0A1A97ED18
:10AF90000B1AD7ED080A97ED0C0ABA68396E786972
:10AFA000FFF798F839E097ED0B7AD7ED0C7AB4EE0D
:10AFB000E77AF1EE10FA23D597ED237AD7ED0C7AE4
:10AFC000B4EEE77AF1EE10FA1ADDD7ED081A97ED34
:10AFD0000C1AD7ED0E0A97ED230ABA68396E786914
:10AFE000FFF778F8D7ED0A1A97ED0B1AD7ED080A94
:10AFF00097ED0C0ABA68396E7869FFF76BF80CE0C8
:10B00000D7ED0A1A97ED0B1AD7ED0E0A97ED230A22
:10B01000BA68396E7869FFF75DF83B6E01333B66BD
:10B020003A6EFB689A42FFF687AEBB681B68BB604E
:10B03000BB68002B7FF437AB00BF00BF9037BD4625
:10B0400080BD00BF90B5ADF5197D00AF07F5187450
:10B05000A4F51574206007F51870A0F5167001604E
:10B0600007F51871A1F517710A6007F51872A2F5B6
:10B07000187213600023C7F81C320023C7F820326F
:10B080000023C7F824320023C7F818320023C7F87A
:10B09000583207F51873A3F515731B681B68402B0E
:10B0A0000FDD07F51873A3F515731B681B685B00AC
:10B0B00001339B00184607F01FFB0346C7F85032C8
:10B0C00003E007F11403C7F8503207F51873A3F52E
:10B0D00015731B681B689B00D7F850221344C7F8F0
:10B0E0004032D7F87432C7F85C3207F51873A3F50D
:10B0F00015731B685A68D7F87432134407EE903AF8
:10B10000F8EEE77A07F51873A3F517731A68134674
:10B110009B0013449B001A4607F51873A3F516739A
:10B120001B681344B7EE007A77EE877AC3ED017A95
:10B130008EE1D7F85C3207EE903AF8EEE77AC7ED89
:10B140008F7AD7F85C3207EE903AF8EEE77AB7EEEE
:10B15000007A77EE877AC7ED8E7A07F50673C7F81F
:10B160004C3207F51873A3F515731B681B689B0019
:10B170001A460021D7F8500207F0B7FC07F51873FC
:10B18000A3F515731B681B6801339B001A46002149
:10B19000D7F8400207F0A9FC37E0D7F84C321B681B
:10B1A000C7F82832D7F82832D3ED067A97ED8F7A90
:10B1B000B4EEE77AF1EE10FA22DBD7F828321A68FB
:10B1C000D7F84C321A60D7F82832D3ED047AF5EE6E
:10B1D000407AF1EE10FA06D1AE4BAF4A40F6035179
:10B1E000AE4807F06BFAD7F828324FF000021A6128
:10B1F00007F50773D7F828121846FEF7B4FE04E0E7
:10B20000D7F84C321B68C7F84C32D7F84C321B6861
:10B21000002BC2D165E007F51873A3F516731B6800
:10B2200093ED017A07F51873A3F516731B68D3ED38
:10B23000037AB4EE677AF1EE10FA47D007F5187387
:10B24000A3F5167107F50770D7F8783297ED8F0AD6
:10B25000D7F870220968FEF7B1FEC7F82C02D7F8BC
:10B260002C32002B32D0D7F85832002B13D1D7F81C
:10B270007432002B0FD0D7F82C32D3ED067A97ED2D
:10B280008F7AB4EEE77AF1EE10FA04DDD7F82C32BB
:10B29000D7F83C229A61D7F82C32D3ED067A97ED95
:10B2A0008F7AB4EEE77AF1EE10FA06D97C4B7A4A3F
:10B2B00040F61651794807F001FAD7F81822D7F866
:10B2C0002C321A60D7F82C32C7F8183207F51873E9
:10B2D000A3F5167307F51872A2F5167212681432E8
:10B2E0001A6007F51873A3F516731B68D3ED017A7E
:10B2F00097ED8E7AB4EEE77AF1EE10FA8BDAD7F8A2
:10B300001832002B10D0D7F84032191D07F51873EA
:10B31000A3F515731B681A68D7F8183297ED8F0AD2
:10B32000D7F85002FFF7ACF94FF00003C7F84832E6
:10B330000023C7F8543255E0D7F854329B00D7F8B1
:10B3400040221344D3ED007A97ED927A77EE277A74
:10B35000C7ED927AD7F854329B00D7F850221344A5
:10B36000D3ED007A97ED927A77EE277AC7ED8C7A53
:10B37000D7ED8C7AF0EEE77A9FED4A7A67EE877A1E
:10B38000B6EE007A77EE877AC7ED8C7AD7ED8C7AB5
:10B39000FDEEE77A17EE903AC7F84432D7F8443218
:10B3A000FF2B02DDFF23C7F8443207F51873A3F51E
:10B3B00015731B68DB6807F51872A2F51572126821
:10B3C0009268D7F8581202FB01F1D7F854220A44C8
:10B3D0001344D7F84422D2B21A70D7F8543201334A
:10B3E000C7F8543207F51873A3F515731B681B686B
:10B3F000D7F854229A429FDB07F50673C7F84C3200
:10B4000017E0D7F84C321B68C7F83432D7F834321B
:10B4100093ED017AD7F83432D3ED027A77EE277ABA
:10B42000D7F83432C3ED017AD7F84C321B68C7F82D
:10B430004C32D7F84C321B68002BE2D1D7F85C3283
:10B440000133C7F85C32D7F858320133C7F85832A5
:10B4500007F51873A3F515731B685B68D7F85822B6
:10B460009A42FFF666AE07F50773D7F878121846CA
:10B47000FEF78BFD07F11403D7F850229A4203D050
:10B48000D7F8500207F040F900BF07F51977BD461D
:10B4900090BD00BF38570108E8CE0208B854010833
:10B4A0004857010800007F43B0B48DB000AF78600A
:10B4B00039600123FB6263E0FA6A13469B00134480
:10B4C0009B001A467B68134407F108041D460FCD04
:10B4D0000FC42B68236007F108037B62FB6ABB6221
:10B4E00033E0BA6A13469B0013449B00143B7A680E
:10B4F00013443B627B6A93ED017A3B6AD3ED017A98
:10B50000B4EEE77AF1EE10FA4CBF01230023DBB270
:10B51000FB61FB69002B1CD0BA6A13469B001344E5
:10B520009B00143B7A68D118BA6A13469B001344F7
:10B530009B001A467B6813441C460D460FCD0FC472
:10B540002B682360BB6A013BBB62BB6A002BC8DC73
:10B5500000E000BFFA6ABB6A9A420ED0BA6A13468C
:10B560009B0013449B001A467B6813441D4607F159
:10B5700008040FCC0FC523682B60FB6A0133FB6204
:10B58000FA6A3B689A4297DB00BF00BF3437BD467A
:10B59000B0BC7047B0B58EB000AF786039605DE187
:10B5A0003B685B10FB627B6893ED017AFA6A134695
:10B5B0009B0013449B001A467B681344D3ED017A29
:10B5C000B4EEE77AF1EE10FA4CBF01230023DBB2B0
:10B5D000BB62FA6A13469B0013449B001A467B68C1
:10B5E000134493ED017A3A6813469B0013449B0081
:10B5F000143B7A681344D3ED017AB4EEE77AF1EEA6
:10B6000010FA4CBF01230023DBB27B62BA6A7B6A6B
:10B610009A4252D07B6893ED017A3A6813469B00B8
:10B6200013449B00143B7A681344D3ED017AB4EEC3
:10B63000E77AF1EE10FA4CBF01230023DBB23B6244
:10B640003A6A7B6A9A4202D03B68013B00E00023E1
:10B65000FB61FA6913469B0013449B001A467B6802
:10B66000134407F108041D460FCD0FC42B68236057
:10B67000FA6A13469B0013449B001A467B6899188C
:10B68000FA6913469B0013449B001A467B681344D7
:10B690001C460D460FCD0FC42B682360FA6A134673
:10B6A0009B0013449B001A467B6813441D4607F118
:10B6B00008040FCC0FC523682B607B6807F10804D2
:10B6C0001D460FCD0FC42B682360FA6A13469B00FA
:10B6D00013449B001A467B6813447A6814461D463F
:10B6E0000FCD0FC42B682360FA6A13469B001344E6
:10B6F0009B001A467B6813441D4607F108040FCCD3
:10B700000FC523682B6001237B633B68013B3B63D0
:10B710007A6B13469B0013449B001A467B681344C4
:10B7200093ED017A7B68D3ED017AB4EEE77AF1EE1E
:10B7300010FA4CBF01230023DBB283F00103DBB21C
:10B74000002B00D003E07B6B01337B63E0E77B6879
:10B7500093ED017A3A6B13469B0013449B001A4603
:10B760007B681344D3ED017AB4EEE77AF1EE10FA78
:10B770004CBF01230023DBB283F00103DBB2002BBB
:10B7800003D13B6B013B3B63E1E700BF7A6B3B6B53
:10B790009A423ADA7A6B13469B0013449B001A468E
:10B7A0007B68134407F108041D460FCD0FC42B68B6
:10B7B00023603A6B13469B0013449B001A467B6838
:10B7C00099187A6B13469B0013449B001A467B68BA
:10B7D00013441C460D460FCD0FC42B6823603A6BF3
:10B7E00013469B0013449B001A467B6813441D4676
:10B7F00007F108040FCC0FC523682B607B6B013366
:10B800007B633B6B013B3B6382E700BF3A687B6B2A
:10B81000D31A3A6B9A4211DA396B7868FFF7BAFE9D
:10B820007A6B13469B0013449B001A467B681344B3
:10B830007B603A687B6BD31A3B600FE07A6B1346F0
:10B840009B0013449B001A467B6898183A687B6BF0
:10B85000D31A1946FFF79EFE3B6B3B603B680C2BEF
:10B860003FF79EAE00BF00BF3837BD46B0BD80B5C4
:10B8700082B000AF7860396039687868FFF78AFE77
:10B8800039687868FFF710FE00BF0837BD4680BDF5
:10B8900080B598B004AFF861B9617A613B6187ED1A
:10B8A000030AC7ED020A87ED011AC7ED001A3B6EC5
:10B8B000002B04D0D7ED027AF1EE677A01E0D7EDE4
:10B8C000027AC7ED0C7A0123FB620023FB6400239C
:10B8D000BB640AE0BB6C9B007A6913441B68FA6C7A
:10B8E0001344FB64BB6C0133BB64BA6C3B699A4282
:10B8F000F0DBFB6C01331A4613469B0013449B009C
:10B90000184606F0F9FE0346BB62BB6A002B00F046
:10B9100016810023FB640023FB630023BB64F5E076
:10B92000FB6BDB00BA6913447B62BB6C9B007A69DA
:10B9300013441B68FA6B1344FB63BB6C9B007A696E
:10B9400013441B68013B7B6400233B64D2E03B6CE7
:10B95000BB637B6C7B637B6CDB007A6A134493ED87
:10B96000017A3B6CDB007A6A1344D3ED017AB4EEC2
:10B97000677AF1EE10FA00F0B880FA6C13469B007B
:10B9800013449B001A46BB6A134400221A613B6EA3
:10B99000002B14D07B6CDB007A6A134493ED017AA0
:10B9A0003B6CDB007A6A1344D3ED017AB4EEE77A9C
:10B9B000F1EE10FACCBF01230023DBB213E07B6C65
:10B9C000DB007A6A134493ED017A3B6CDB007A6A00
:10B9D0001344D3ED017AB4EEE77AF1EE10FA4CBFDE
:10B9E00001230023DBB2002B0DD0FA6C13469B0021
:10B9F00013449B001A46BB6A134401221A617B6CF4
:10BA0000BB633B6C7B63BB6BDB007A6A134493EDD7
:10BA1000007AD7ED037A27EE277AFA6C13469B005B
:10BA200013449B001A46BB6A1344D7ED017A77EEA4
:10BA3000277AC3ED007ABB6BDB007A6A134493ED7F
:10BA4000017AD7ED0C7A27EE277AD7ED007A37EE18
:10BA5000277AFB6A07EE903AF8EEE77AFA6C13461B
:10BA60009B0013449B001A46BB6A134467EE277A77
:10BA7000C3ED017A7B6BDB007A6A134493ED007AA5
:10BA8000D7ED037A27EE277AFA6C13469B0013440E
:10BA90009B001A46BB6A1344D7ED017A77EE277AEA
:10BAA000C3ED027A7B6BDB007A6A134493ED017A73
:10BAB000D7ED0C7A27EE277AD7ED007A37EE277A82
:10BAC000FB6A07EE903AF8EEE77AFA6C13469B00B1
:10BAD00013449B001A46BB6A134467EE277AC3EDF2
:10BAE000037AFB6C0133FB6400E000BF3B6C5A1C23
:10BAF0003A647B64BB6C9B007A6913441B683A6CA4
:10BB00009A42FFF624AFBB6C0133BB64BA6C3B694D
:10BB10009A42FFF605AFF96CB86AFFF7A8FE7B6E94
:10BB20000293FB6D0193BB6D0093FB6AFA6CB96ADB
:10BB3000F869FFF787FAB86A06F0E6FD00E000BF93
:10BB40005037BD4680BD80B485B000AFF860B960A5
:10BB500087ED010AC7ED000AFB68002B0CD0BB681B
:10BB6000DB00FA6813447A681A60BB68DB00FA6885
:10BB700013443A685A6000E000BF1437BD465DF8D0
:10BB8000047B704780B58EB000AF7862396287ED74
:10BB9000070AC7ED060A87ED051AC7ED041A87EDF7
:10BBA000032AC7ED022A87ED013A3A60D7ED057AFC
:10BBB00037EEA77AD7ED077A37EE277AD7ED037AF3
:10BBC00037EE277AF1EE006AC7EE267AC7ED0D7AD6
:10BBD000D7ED047A37EEA77AD7ED067A37EE277AD3
:10BBE000D7ED027A37EE277AF1EE006AC7EE267AB1
:10BBF000C7ED0C7A97ED077AD7ED037A77EE277ABF
:10BC0000F0EE006A87EEA67AD7ED0D7A77EE677AC6
:10BC1000C7ED0B7A97ED067AD7ED027A77EE277AA1
:10BC2000F0EE006A87EEA67AD7ED0C7A77EE677AA7
:10BC3000C7ED0A7A3B68102B01DD012373E0D7EDD5
:10BC40000B7A27EEA77AD7ED0A7A67EEA77A77EE16
:10BC5000277A97ED017AB4EEE77AF1EE10FA52D531
:10BC600097ED077AD7ED057A77EE277AB0EE007A6E
:10BC7000C7EE876A97ED067AD7ED047A77EE277AD2
:10BC8000B0EE006A87EE867A3B6801331A4697ED7C
:10BC9000013AD7ED0C2A97ED0D2AF0EE471AB0EED7
:10BCA000661AD7ED060A97ED070A396A786AFFF730
:10BCB00069FF97ED057AD7ED037A77EE277AB0EE34
:10BCC000007AC7EE876A97ED047AD7ED027A77EEAD
:10BCD000277AB0EE006A87EE867A3B6801331A460F
:10BCE00097ED013AD7ED022A97ED032AF0EE471AB5
:10BCF000B0EE661AD7ED0C0A97ED0D0A396A786A2C
:10BD0000FFF740FF0EE03B6A1B68D7ED020A97ED94
:10BD1000030A1946786AFFF716FF3B6A1B685A1C2C
:10BD20003B6A1A60012318463837BD4680BDB0B55E
:10BD3000A4B000AFF862B96287ED090AC7ED080A3E
:10BD400087ED071AC7ED061A87ED052AC7ED042A05
:10BD500087ED033AC7ED023A87ED014A3A6097ED65
:10BD6000077AD7ED097A77EE677AC7ED237A97EDF0
:10BD7000067AD7ED087A77EE677AC7ED227A97EDE3
:10BD8000057AD7ED077A77EE677AC7ED217A97EDD6
:10BD9000047AD7ED067A77EE677AC7ED207A97EDC9
:10BDA000037AD7ED057A77EE677AC7ED1F7A97EDBC
:10BDB000027AD7ED047A77EE677AC7ED1E7A97EDAF
:10BDC000037AD7ED097A77EE677AC7ED1D7A97ED9A
:10BDD000027AD7ED087A77EE677AC7ED1C7AD7ED4D
:10BDE000237A27EEA77AD7ED227A67EEA77A77EE45
:10BDF000277A17EE900AF4F7F7FB02460B4643EC5E
:10BE0000102B09F047F955EC104BD7ED217A27EEAE
:10BE1000A77AD7ED207A67EEA77A77EE277A17EE22
:10BE2000900AF4F7E1FB02460B4643EC102B09F0B5
:10BE300031F953EC102B20462946F4F777FA0246E5
:10BE40000B4614461D46D7ED1F7A27EEA77AD7ED8D
:10BE50001E7A67EEA77A77EE277A17EE900AF4F744
:10BE6000C3FB02460B4643EC102B09F013F953ECCD
:10BE7000102B20462946F4F759FA02460B46104685
:10BE80001946F4F7E1FE0346FB66D7ED1D7A27EE6F
:10BE9000A77AD7ED1C7A67EEA77A77EE277A17EEA6
:10BEA000900AF4F7A1FB02460B4643EC102B09F075
:10BEB000F1F853EC102B10461946F4F7C5FE034673
:10BEC000BB66D7ED1B7A27EEA77AD7ED1A7A67EE15
:10BED000A77A77EE677AC7ED197A3B68102B00F3E3
:10BEE000DD8097ED197AD7ED017AB4EEE77AF1EEBD
:10BEF00010FA40F3C38097ED097AD7ED077A37EE51
:10BF0000277AF0EE006AC7EE267AC7ED187A97ED29
:10BF1000087AD7ED067A37EE277AF0EE006AC7EE98
:10BF2000267AC7ED177A97ED077AD7ED057A37EEBF
:10BF3000277AF0EE006AC7EE267AC7ED167A97EDFB
:10BF4000067AD7ED047A37EE277AF0EE006AC7EE6C
:10BF5000267AC7ED157A97ED057AD7ED037A37EE95
:10BF6000277AF0EE006AC7EE267AC7ED147A97EDCD
:10BF7000047AD7ED027A37EE277AF0EE006AC7EE40
:10BF8000267AC7ED137A97ED187AD7ED167A37EE41
:10BF9000277AF0EE006AC7EE267AC7ED127A97ED9F
:10BFA000177AD7ED157A37EE277AF0EE006AC7EEEA
:10BFB000267AC7ED117A97ED167AD7ED147A37EE17
:10BFC000277AF0EE006AC7EE267AC7ED107A97ED71
:10BFD000157AD7ED137A37EE277AF0EE006AC7EEBE
:10BFE000267AC7ED0F7A97ED127AD7ED107A37EEF1
:10BFF000277AF0EE006AC7EE267AC7ED0E7A97ED43
:10C00000117AD7ED0F7A37EE277AF0EE006AC7EE95
:10C01000267AC7ED0D7A3B6801331A4697ED014A3F
:10C02000D7ED0D3A97ED0E3AD7ED112A97ED122A7A
:10C03000D7ED171A97ED181AD7ED080A97ED090AE8
:10C04000B96AF86AFFF773FE3B6801331A4697ED49
:10C05000014AD7ED023A97ED033AD7ED132A97ED4F
:10C06000142AD7ED0F1A97ED101AD7ED0D0A97ED98
:10C070000E0AB96AF86AFFF75AFE10E0BB6A1B683D
:10C08000D7ED020A97ED030A1946F86AFFF75BFD40
:10C09000BB6A1B685A1CBB6A1A6000E000BF90377D
:10C0A000BD46B0BD80B590B000AF7861396187ED15
:10C0B000030ABA607B600023FB630023FB61D7EDBA
:10C0C000037A67EEA77AC7ED087A00237B63002323
:10C0D0003B630023BB6310E0BA6B1346DB009B1A83
:10C0E0005B001A467B6913441B7B012B02D17B6BDF
:10C0F00001337B63BB6B0133BB63BA6B3B699A4211
:10C10000EADB7B687A6B1A607B6B002B01D1002322
:10C11000D7E17B6B9B00184606F0EEFA03461A4601
:10C12000BB681A60BB681B68002B04D17B680022C7
:10C130001A600023C5E10023FB62ACE14FF000036D
:10C14000BB624FF000037B62FB6A012B0AD1FB69E3
:10C15000DB00184606F0D0FA0346FB63FB6B002BAE
:10C1600000F09F810023FB614FF0FF337B630023CE
:10C17000BB637FE1BA6B1346DB009B1A5B001A4678
:10C180007B6913441B7B013B032B00F2708101A2EE
:10C1900052F823F0A5C100081FC2000877C20008AA
:10C1A00053C300087B6B002B08DBF969BB681A6876
:10C1B0007B6B9B0013443A6B8A1A1A607B6B0133CA
:10C1C0007B63FB693B63BA6B1346DB009B1A5B0026
:10C1D0001A467B691344B3F9003007EE903AF8EE43
:10C1E000E77AC7ED0A7ABA6B1346DB009B1A5B004D
:10C1F0001A467B691344B3F9023007EE903AF8EE21
:10C20000E77AC7ED097AFB695A1CFA61D7ED090A8A
:10C2100097ED0A0A1946F86BFFF795FC27E1BA6B10
:10C220001346DB009B1A5B001A467B691344B3F983
:10C23000003007EE903AF8EEE77AC7ED0A7ABA6B6B
:10C240001346DB009B1A5B001A467B691344B3F963
:10C25000023007EE903AF8EEE77AC7ED097AFB690B
:10C260005A1CFA61D7ED090A97ED0A0A1946F86BCC
:10C27000FFF769FCFBE0BA6B1346DB009B1A5B001F
:10C280001A467B691344B3F9043007EE903AF8EE8E
:10C29000E77ABA6B1346DB009B1A5B001A467B6990
:10C2A0001344B3F9063007EE103AB8EEC77ABA6B0A
:10C2B0001346DB009B1A5B001A467B691344B3F9F3
:10C2C000003006EE903AF8EEE66ABA6B1346DB00F1
:10C2D0009B1A5B001A467B691344B3F9023006EEE1
:10C2E000103AB8EEC66A07F11C03002297ED083A2F
:10C2F000F0EE462AB0EE662AF0EE471AB0EE671A64
:10C30000D7ED090A97ED0A0A1946F86BFFF73AFCD0
:10C31000BA6B1346DB009B1A5B001A467B69134419
:10C32000B3F9003007EE903AF8EEE77AC7ED0A7AF3
:10C33000BA6B1346DB009B1A5B001A467B691344F9
:10C34000B3F9023007EE903AF8EEE77AC7ED097AD2
:10C350008DE0BA6B1346DB009B1A5B001A467B69C3
:10C360001344B3F9043007EE903AF8EEE77ABA6B6B
:10C370001346DB009B1A5B001A467B691344B3F932
:10C38000063007EE103AB8EEC77ABA6B1346DB00F8
:10C390009B1A5B001A467B691344B3F9083006EE1A
:10C3A000903AF8EEE66ABA6B1346DB009B1A5B0024
:10C3B0001A467B691344B3F90A3006EE103AB8EE18
:10C3C000C66ABA6B1346DB009B1A5B001A467B6990
:10C3D0001344B3F9003005EE903AF8EEE55ABA6B23
:10C3E0001346DB009B1A5B001A467B691344B3F9C2
:10C3F000023005EE103AB8EEC55A07F11C030022D0
:10C4000097ED084AF0EE453AB0EE653AF0EE462A6E
:10C41000B0EE662AF0EE471AB0EE671AD7ED090AB9
:10C4200097ED0A0A1946F86BFFF781FCBA6B1346C1
:10C43000DB009B1A5B001A467B691344B3F900309A
:10C4400007EE903AF8EEE77AC7ED0A7ABA6B134630
:10C45000DB009B1A5B001A467B691344B3F9023078
:10C4600007EE903AF8EEE77AC7ED097A00BFBB6BAA
:10C470000133BB63BA6B3B699A42FFF67BAEF96945
:10C48000BB681A687B6B9B0013443A6B8A1A1A606C
:10C49000FB6A0133FB62FB6A012B7FF74FAEFB6B3C
:10C4A0000FE000BFF86B06F02FF9BB681B68184659
:10C4B00006F02AF9BB6800221A607B6800221A6025
:10C4C000002318464037BD4680BD00BF80B592B0FE
:10C4D00004AF786287ED080AF961BA61C7ED050A11
:10C4E00087ED041AC7ED031A87ED022A7B6097EDEA
:10C4F000057AD7ED047AB4EEE77AF1EE10FA01DDB1
:10C500003B6900E07B697B630023FB620023BB6225
:10C5100097ED087AD7ED0D7AC7EE276A07F12C015F
:10C5200007F12802BB6C00930B46B0EE660AB969AE
:10C53000F869FFF7B7FD38633B6B002B1DD0BA6A73
:10C54000F96ABB6C03937B6C02933B6C01937B6831
:10C550000093D7ED021A97ED031AD7ED040A97ED71
:10C56000050A0B46396B786AFFF792F9BB6A1846E1
:10C5700006F0CAF8386B06F0C7F800BF3837BD467A
:10C5800080BD80B582B000AF78603960786806F011
:10C59000BBF800BF0837BD4680BD000090B597B01E
:10C5A00004AFF86187ED060AC7ED050A87ED041AA6
:10C5B000C7ED031AB9607A603B6007F120031A46A1
:10C5C000B968F869FCF7B0FE7864D7ED067AF5EE45
:10C5D000407AF1EE10FA01D17B69BB61D7ED057AA3
:10C5E000F5EE407AF1EE10FA0ED1D7ED067AF5EEBF
:10C5F000407AF1EE10FA05D13B6A184606F084F84D
:10C6000000236CE0BB697B6107F13C0107F140024C
:10C6100007F13403019307F1380300930B46D7ED7C
:10C62000031A97ED041AD7ED050A97ED060AB968C3
:10C63000F869FDF703FBBA6B3B6CD31A7B627A6B2C
:10C64000FB6BD31ABB6200233B637B68002B02D0D9
:10C650007A6A7B681A603B68002B02D0BA6A3B6832
:10C660001A60BB6D002B02D03A6CBB6D1A60FB6D7B
:10C67000002B02D0FA6BFB6D1A607B6A002B29D06D
:10C68000BB6A002B26D07B6ABA6A02FB03F318460A
:10C6900006F032F803463B633B6B002B1AD07B6AF3
:10C6A000FB62396A3C6CFB6BFA69126807F1240083
:10C6B0000292012201920093234697ED032AD7EDBF
:10C6C000041A97ED051AD7ED060A7A6C9FED060A53
:10C6D000FFF7FCFE3B6A184606F016F83B6B18465F
:10C6E0004C37BD4690BD00BF3333B33E80B58AB0F2
:10C6F00002AFF86187ED060AC7ED050A87ED041A57
:10C70000C7ED031AB9607A603B60B968F869FAF757
:10C710005BF90146FB6A0193BB6A00933B687A6848
:10C72000D7ED031A97ED041AD7ED050A97ED060A1F
:10C73000F869FFF733FF034618462037BD4680BD32
:10C7400080B588B002AF786187ED040AC7ED030AAF
:10C75000B9607A603B607B6A01933B6A00933B68F7
:10C760007A68B968DFED071A9FED061AD7ED030A5C
:10C7700097ED040A7869FFF7B9FF034618461837A2
:10C78000BD4680BD0000000080B582B000AF78607B
:10C79000396039687868F9F736FE03461846083775
:10C7A000BD4680BD80B584B000AFF860B9607A60E6
:10C7B0007A68B968F868F9F7D7FE03461846103763
:10C7C000BD4680BD80B483B000AF0346FB80044A01
:10C7D000FB88138000BF0C37BD465DF8047B7047B3
:10C7E0000E00002090B5A5B002AF78613961FA6003
:10C7F000BB6087ED010A0021B868FFF7C5FF03465B
:10C800001A46B9688748FFF7CDFF0346002B01D1D0
:10C81000002302E197ED010A8248FDF7E2F987ED76
:10C820001D0A07F1480307F14C0207F150017D484A
:10C83000FDF79CF93B6D07EE903AB8EEE77AD7ED3D
:10C840001D7A67EE277AFDEEE77A17EE903A3B679E
:10C8500007F1400307F144024D217248FDF771F9D9
:10C860007B6C07EE903AB8EEE77AD7ED1D7A67EE6B
:10C87000277AFDEEE77A17EE903AFB66F868F3F751
:10C88000F1FC0346BB6607F1380107F13C0207F1F2
:10C890003003019307F1340300930B46D7ED1D0AD3
:10C8A00097ED1D0A4D215F48FDF7E8FA3B6B3A6FA3
:10C8B00013447B660023C7F884300023C7F8803018
:10C8C000A4E0D7F88030FA6813441B783B6607F180
:10C8D000280107F12C0207F12003019307F124033B
:10C8E00000930B46D7ED1D0A97ED1D0A396E4D4892
:10C8F000FDF7C4FA7A6AFB6AD31AFB613A6ABB6A2B
:10C90000D31ABB61FB6EF0335B109AB2FB699BB22A
:10C91000D31A9AB2FB6EC3F1F0035B109BB2D31A29
:10C92000A7F85E303B6F9AB2BB6A9BB2134499B2D0
:10C93000FB699AB2B7F85E3013449BB2013B9CB2DC
:10C940003B6F9AB2BB6A9BB213449AB2BB699BB26B
:10C9500013449BB2B7F85E00224604F0D9FEFB6E8A
:10C9600019463148F3F74FFCFB6919462F48F3F796
:10C970004AFC07F1180307F11C0200210191002174
:10C980000091396ED7ED1D0A97ED1D0A2548FFF776
:10C99000D7FEB8650023FB6725E00023BB671BE0DB
:10C9A000FB69FA6F03FB02F2BB6F13441A46BB6DBF
:10C9B00013441B7887F8573097F85730002B04D072
:10C9C0001B4B1C4A12881A8003E0194B1A4A128822
:10C9D0001A80BB6F0133BB67FB69BA6F9A42DFDB1A
:10C9E000FB6F0133FB67BB69FA6F9A42D5DB00210D
:10C9F000B86DFFF7C6FDD7F88420FB6E1344C7F867
:10CA00008430D7F880300133C7F88030D7F88020E1
:10CA1000BB6E9A42FFF655AF7B6E18468C37BD460B
:10CA200090BD00BF2C030020FC0200200C0300205E
:10CA3000000008600E000020AC03002080B582B02A
:10CA400000AF214B1B78184604F096FF1F4B1B8844
:10CA5000184604F0DFFE0123FB7113E0FB791A4650
:10CA60001B491C4805F0DAFF9FED1B0A1B4B194AB6
:10CA700000210020FFF7B6FEC820F5F727FAFB7962
:10CA80000133FB71FB79092BE8D9002210491148C9
:10CA900005F0C4FF9FED100A104B0E4A0021002044
:10CAA000FFF7A0FEC820F5F711FA0D4B1B781846CA
:10CAB00004F062FF054B1B88184604F0ABFE00BF74
:10CAC0000837BD4680BD00BF53040020AC030020E2
:10CAD000DC570108B003002000006643585A0108E3
:10CAE0005004002090B5ADF5497D02AF07F54674BE
:10CAF000A4F54174206007F54670A0F5427001600E
:10CB000007F54671A1F543710A6007F54672A2F573
:10CB10004472136007F54673A3F5457383ED000A6D
:10CB200007F54673A3F5447300211868FFF72CFE40
:10CB3000024607F54673A3F544731968BE48FFF72C
:10CB400031FE0346002B01D100236FE107F5467348
:10CB5000A3F5457393ED000AB748FDF742F887ED5A
:10CB6000BF0A07F5337307F5347207F53571B2481C
:10CB7000FCF7FCFFD7F8D43207EE903AB8EEE77A2C
:10CB8000D7EDBF7A67EE277AFDEEE77A17EE903A97
:10CB9000C7F8F83207F5317307F532724D21A64810
:10CBA000FCF7CFFFD7F8C83207EE903AB8EEE77A35
:10CBB000D7EDBF7A67EE277AFDEEE77A17EE903A67
:10CBC000C7F8F43207F54673A3F543731868F3F713
:10CBD00049FB0346C7F8F03207F52F7107F53072AD
:10CBE00007F52D73019307F52E7300930B46D7EDD0
:10CBF000BF0A97EDBF0A4D218F48FDF73FF9D7F8DF
:10CC0000B432D7F8F8221344C7F8EC320023C7F83F
:10CC100014330023C7F81033FFE0D7F8103307F5BB
:10CC20004672A2F54372126813441B78C7F8E832C3
:10CC300007F52B7107F52C7207F52973019307F59A
:10CC40002A7300930B46D7EDBF0A97EDBF0AD7F8BA
:10CC5000E8127948FDF712F9D7F8A822D7F8B032D0
:10CC6000D31AC7F8A032D7F8A422D7F8AC32D31A17
:10CC7000C7F89C3207F5277307F528720021019148
:10CC800000210091D7F8E812D7EDBF0A97EDBF0A4F
:10CC90006948FFF755FDC7F8E40207F54673A3F5A9
:10CCA00041731B689AB2D7F814339BB21344A7F8A8
:10CCB000E232D7F8F4329AB2B7F8E23213449BB2B8
:10CCC000013BA7F8E032D7F89C32D7F8EC22D31A10
:10CCD0005B109AB207F54673A3F542731B689BB2CB
:10CCE0001344A7F8DE32D7F89C329AB2B7F8DE3296
:10CCF00013449BB2013B9BB2B7F8E022B7F8DE12B7
:10CD0000B7F8E20204F004FD0023C7F80C336DE02D
:10CD10000023A7F80A330EE0B7F80A23474B198817
:10CD200007F54673A3F53F7323F81210B7F80A33DB
:10CD30000133A7F80A33B7F80A33D7F8F4229A4236
:10CD4000EADC0023C7F804332CE0D7F8A032D7F888
:10CD50000C2303FB02F2D7F8043313441A46D7F826
:10CD6000E43213441B7887F8DD32D7F8A032D7F8C5
:10CD7000F422D31AD7F804231344C7F8D83297F80B
:10CD8000DD32002B09D02E4B198807F54673A3F529
:10CD90003F73D7F8D82223F81210D7F804330133A1
:10CDA000C7F80433D7F8A032D7F804239A42CCDB73
:10CDB0000023A7F802330EE0B7F80223214907F554
:10CDC0004673A3F53F7333F812300B80B7F8023384
:10CDD0000133A7F80233B7F80233D7F8F4229A42A6
:10CDE000EADCD7F80C330133C7F80C33D7F89C32A0
:10CDF000D7F80C239A428BDB0021D7F8E402FFF727
:10CE0000C0FBD7F81423D7F8F4321344C7F814330F
:10CE1000D7F810330133C7F81033D7F81023D7F8F9
:10CE2000F0329A42FFF6F9AED7F8EC32184607F521
:10CE30004777BD4690BD00BF2C030020AC03002007
:10CE40000E0000200000086080B5A0B002AF78613D
:10CE5000396187ED030ABA607B6097ED030A786950
:10CE6000FCF7BFFE87ED170A07F1340307F138021C
:10CE700007F13C017869FCF779FEFB6B07EE903A0D
:10CE8000B8EEE77AD7ED177A67EE277AFDEEE77A04
:10CE900017EE903ABB654A4B7B67494B3B67494B62
:10CEA000FB66484BBB6600237B663B693B6673E0D1
:10CEB0003B6E1B7819467869F9F786FD786507F1AE
:10CEC0002C0307F13002796D7869FCF748FA07F115
:10CED000240107F1280207F11C03019307F1200345
:10CEE00000930B46D7ED170A97ED170A796D78690D
:10CEF000FCF776FFBB6A7A6E13443B657B6ABA6DBA
:10CF00001344FB643B6A7A6E1344BB64FB69BA6DDD
:10CF100013447B643A6D7B6F9A4201DA3B6D7B6709
:10CF2000FA6C3B6F9A4201DAFB6C3B67BA6CFB6EA2
:10CF30009A4201DDBB6CFB667A6CBB6E9A4201DDE6
:10CF40007B6CBB663B6E01331B781A46796D786942
:10CF5000FCF7CFFD38643B6B07EE903AB8EEE77A0A
:10CF6000D7ED177A67EE277AFDEEE77A17EE902A6B
:10CF70003B6C07EE903AB8EEE77AD7ED177A67EE9A
:10CF8000277AFDEEE77A17EE903A13447A6E13444F
:10CF90007B663B6E01333B663B6E1B78002B87D173
:10CFA000FA6E7B6FD21ABB681A60BA6E3B6FD31AE7
:10CFB000DA1C7B681A6000BF7837BD4680BD00BFB1
:10CFC0003F420F00C1BDF0FF90B5A1B002AF786144
:10CFD0003961FA60BB6087ED010A0021B868FFF78C
:10CFE000D3FB03461A46B9688448FFF7DBFB0346C8
:10CFF000002B01D10023FDE007F1480307F14C02AB
:10D0000097ED010AF9687D48FFF71EFF97ED010AC9
:10D010007A48FCF7E6FD87ED190A07F13C0307F1B2
:10D02000400207F144017548FCF7A0FD7B6C07EE58
:10D03000903AB8EEE77AD7ED197A67EE277AFDEEE7
:10D04000E77A17EE903A3B6600237B67FB683B6705
:10D05000CAE03B6F1B7819466848F9F7B5FCF865DC
:10D0600007F1340307F13802F96D6448FCF777F9EA
:10D0700007F12C0107F1300207F12403019307F1B6
:10D08000280300930B46D7ED190A97ED190AF96D9D
:10D090005A48FCF7A5FEBA6A3B6BD31A3B627A6A20
:10D0A000FB6AD31AFB613B6F1B78184607F11C0122
:10D0B00007F1200207F12C03019307F130030093DD
:10D0C0000B460146D7ED190A97ED190A4B48FFF7B1
:10D0D00037FBB8657B699AB27B6F9BB2134498B2F9
:10D0E0003B699AB23B6E9BB213449AB2FB6A9BB205
:10D0F000134499B27B699AB27B6F9BB213449AB284
:10D100003B6A9BB213449BB2013B9CB23B699AB20F
:10D110003B6E9BB213449AB2FB6A9BB213449AB221
:10D12000FB699BB213449BB2013B9BB2224604F0C5
:10D13000EFFA0023FB6625E00023BB661BE03B6A99
:10D14000FA6E03FB02F2BB6E13441A46BB6D134426
:10D150001B7887F8533097F85330002B04D0284BB6
:10D16000284A12881A8003E0254B274A12881A8021
:10D17000BB6E0133BB663B6ABA6E9A42DFDBFB6E65
:10D180000133FB66FB69FA6E9A42D5DB0021B86D6C
:10D19000FFF7F7F93B6F01331B781A46F96D174813
:10D1A000FCF7A7FC7865BB6B07EE903AB8EEE77A20
:10D1B000D7ED197A67EE277AFDEEE77A17EE902A17
:10D1C0007B6D07EE903AB8EEE77AD7ED197A67EE05
:10D1D000277AFDEEE77A17EE903A13447A6F1344FC
:10D1E0007B673B6F01333B673B6F1B78002B7FF402
:10D1F00030AFBB6C18467C37BD4690BD2C03002079
:10D20000000008600E000020AC03002080B588B04C
:10D2100002AF78613961FA60BB6087ED010A0023D3
:10D2200001930023009397ED010ABB68FA683969FE
:10D230007869FFF7C9FE02463B6913441846183760
:10D24000BD4680BD80B586B000AF78613961FA60B7
:10D25000BB6087ED010A97ED010ABB68FA6839697E
:10D260007869FFF73FFC02463B69134418461837BC
:10D27000BD4680BD80B58AB002AF78613961FA6081
:10D28000BB6087ED010A1D4B1B88FB831C4B1B7881
:10D290001A461C4B33F812301846FFF793FA002356
:10D2A00001930023009397ED010ABB68FA6839697E
:10D2B0007869FFF789FE02463B691344BB61FB8B2B
:10D2C0001846FFF77FFA104B1B68DAB20C4B1B783D
:10D2D0001344DAB20A4B1A70094B1B781E2B03D089
:10D2E000074B1B78002B04D1074B1B685B42064A97
:10D2F0001360BB6918462037BD4680BD0E00002074
:10D30000CE03002054CD02081000002080B500AFED
:10D310000C4B1B79032B02D9002004F02DFBB3EE3C
:10D32000090A094B094ACB21AA20FFF76FFFB3EE88
:10D33000090A054B064ACB21FA20FFF767FF00BF19
:10D3400080BD00BF1C000020585A0108E0570108AA
:10D35000E457010880B582B000AF104B1B79032B56
:10D3600002D9002004F008FB002004F053FA002347
:10D370007B600AE09FED0A0A0A4B0B4A3C210A2017
:10D38000FFF778FF7B6801337B607B68772BF1D9EF
:10D3900000BF00BF0837BD4680BD00BF1C00002095
:10D3A0000000AC42585A0108E857010880B586B021
:10D3B00000AF78613961FA60BB6087ED010ABB6834
:10D3C000002B09D197ED010A0C4BFA68396978698D
:10D3D000FFF738FF03460DE0BB68012B09D197ED3D
:10D3E000010A074BFA6839697869FFF72BFF034692
:10D3F00000E0002318461837BD4680BD585A010882
:10D4000090E0010880B586B000AF78613961FA60BC
:10D41000BB6087ED010ABB68002B09D197ED010ABB
:10D420000C4BFA6839697869FFF7F0FE03460DE0A6
:10D43000BB68012B09D197ED010A074BFA683969DE
:10D440007869FFF7E3FE034600E00023184618372B
:10D45000BD4680BD585A010890E0010880B582B0F1
:10D4600000AF0023FB71114B1B6903F00203002B7B
:10D4700001D00123FB710E4B1B6903F00103002B4C
:10D4800001D00123FB710B4B1B6903F00403002B3C
:10D4900001D10123FB71FB79002B02D01420F4F79A
:10D4A00015FDFB7918460837BD4680BD00080240CF
:10D4B000000002400010024080B586B000AF034675
:10D4C000FB71244B1B783B72234B1B787B72234BE5
:10D4D0001B78BB72224B1B78FB72214B1B783B7372
:10D4E0001C4B1B787B731B4B1B78BB73194B1B7836
:10D4F000FB731B4B1B783B74194B1B787B74184BCD
:10D500001B78BB74164B1B78FB7401F0D9F9114BD7
:10D510001B78184604F030FAFB79FB75FB7D0C2B69
:10D5200001D90023FB75FB7D18333B4413F8103CF5
:10D53000BB75BB7D184604F01FFA0A4B1A88094BCD
:10D540005B880021002004F0E3F800BF1837BD46D7
:10D5500080BD00BF5004002053040020520400206E
:10D56000510400201C00002080B5CAB000AF024664
:10D5700007F59473A3F221131A7007F11403C7F887
:10D580001C3107F59473A3F58E7303221A6007F11B
:10D590001003C7F8183107F10C03C7F8143107F569
:10D5A0009473A3F221131B781846FFF785FF07F544
:10D5B0009473A3F221131B784FF4163202FB03F38A
:10D5C0001A4607F59473A3F58C731A600323C7F802
:10D5D00020310023C7F8243115E0D7F81821D7F8F7
:10D5E00024311A44D7F81411D7F820310B4412789B
:10D5F0001A70D7F82031013BC7F82031D7F8243111
:10D600000133C7F82431D7F82431022BE5D90022A1
:10D610004FF480512548F4F743FF0520F4F756FCFA
:10D6200041F2B3530422D7F814112148F6F7F3F866
:10D630000023C7F8243124E007F1140141F2B35369
:10D640004FF480721A48F6F72AFA0023C7F82031FF
:10D650000EE0D7F820315B00D7F81C2113441B885B
:10D66000184604F00BF9D7F820310133C7F8203100
:10D67000D7F820317F2BECD9D7F824310133C7F804
:10D680002431D7F82431B3F5167FD5D301224FF4D6
:10D6900080510648F4F704FF0520F4F717FC002337
:10D6A000184607F59477BD4680BD00BF00040240D0
:10D6B0007C010020B0B48BB000AF0346FB71FB7956
:10D6C000002B01D10123FB71FB79072B01D9072323
:10D6D000FB710B4B07F10C041D460FCD0FC495E8F1
:10D6E000070084E80700FB79013B9B0028333B449B
:10D6F00053F81C3C18462C37BD46B0BC704700BFE1
:10D700003458010880B487B000AFF860B9607A601F
:10D71000BB68022BD4BF01230023DBB21A46FB688F
:10D720009B1AFB60FB68002B00DA03339B101A4640
:10D73000FB681A44FB68174981FB03014911DB1799
:10D740005B1A1A44FB68134981FB0301C911DB17FB
:10D75000CB1A13441049BA680A4412781A447B68F9
:10D760001A440E4B83FB021313449910D317C91AA2
:10D770000B46DB005B1AD31A7B617B69002B01D15E
:10D7800007237B617B6918461C37BD465DF8047B27
:10D79000704700BF1F85EB515058010893244992F0
:10D7A00080B500AF00F00CF8002203490348F5F7FC
:10D7B000E5FD00BF80BD00BF040400205C01002027
:10D7C00080B582B000AF0023FB71324BDB78632B56
:10D7D0000CD9304BDB78304AA2FB0312520964218A
:10D7E00001FB02F29B1ADAB22A4BDA70294BDB7882
:10D7F00003F00303DBB2002B01D10123FB71254BA6
:10D800005B78002B02D1234B01225A70214B5B78AD
:10D810000C2B02D91F4B0C225A701E4B5B78013B1C
:10D820001E4AD25C1E4B1A701A4B5B78022B06D133
:10D830001B4B1A78FB791344DAB2194B1A70154B4B
:10D840009B78002B02D1134B01229A70114B9A78CE
:10D85000134B1B789A4203D9114B1A780D4B9A70CF
:10D86000104B1B68013B642202FB03F3094AD27888
:10D870001344084A52781146064A92781846FFF730
:10D8800041FF0346DAB2034B1A7000BF0837BD46AA
:10D8900080BD00BF040400201F85EB5108CF0208A3
:10D8A000D20300201800002080B500AF0C4B1B688D
:10D8B0000B4A43F0010313600A48F6F78DFD0A4B4B
:10D8C0001B880C221E219E20F7F70EFF064B1B889B
:10D8D0000C2248219E20F7F707FF00BF80BD00BF44
:10D8E000000800401C0200200E00002080B500AFA0
:10D8F0000B4B1B68CA225A62094B1B6853225A629F
:10D900000748F5F70FFE002206490548F5F7D8FC51
:10D91000002205490248F5F7B5FD00BF80BD00BFF4
:10D920005C010020DC0300200404002080B582B0EC
:10D9300000AFFFF7DBFF0D4B1B787B600C4B1B78B8
:10D9400003F00103002B0BD17B68132B02DD01F0E8
:10D95000E9FC07E07B68052B02DC01F0E3FC01E059
:10D9600001F0ACFC0837BD4680BD00BFDC030020E1
:10D97000D103002080B586B002AF434B1B78184618
:10D9800003F0FAFFFFF7D2FF404B1B78FB603F4BE1
:10D990005B78BB603D4B9B787B6000F093F83B4B22
:10D9A0009A783B4B9A70FA683A493B4805F036F84A
:10D9B0009FED3A0A3A4B384A00210220FFF742FC19
:10D9C000BA683449344805F029F89FED340A344BDD
:10D9D000314A0021A720FFF735FC7A682D492E48EF
:10D9E00005F01CF89FED2F0A2D4B2B4A7D210020BE
:10D9F000FFF728FC2C4B1B880093B92340F23F1201
:10DA00007D21C820F7F7A8FE284B1B781846FFF7A2
:10DA100051FE02469FED260A264B8C215820FFF727
:10DA2000F5FB224BDB781946234B1B68013B642234
:10DA300002FB03F30B44FB601C4B5B781A461B4B49
:10DA40009B7800931346FA681C49134804F0E6FFDC
:10DA5000194B1B6813F1090F08DB9FED190A104BD6
:10DA60000D4AB9210520FFF7EDFB07E0B3EE0E0AE2
:10DA70000B4B094AB9210520FFF7E4FBFFF714FF20
:10DA800000BF1037BD4680BD50040020DC030020DD
:10DA9000F003002060580108B00300200000AC42F1
:10DAA000585A010800002042AC0300200404002062
:10DAB0000000284290E00108180000206858010882
:10DAC0000000104280B400AF164B4FF6FF721A8070
:10DAD000154B00221A80154B1B7803F00103002B15
:10DAE0001AD1134B5B780E2B04D80E4B4FF4806287
:10DAF0001A8012E00E4B5B781D2B04D8094B4FF4B3
:10DB000078421A8009E00A4B5B782C2B05D8054B2C
:10DB10004FF61F021A8000E000BFBD465DF8047B8F
:10DB2000704700BF0E000020AC030020CF03002090
:10DB3000DC0300202DE9B04386B000AFFFF7D6FE2E
:10DB4000884B5B78BB74874B9B787B61FFF7BAFF90
:10DB5000844B9A78844B9B789A4200F0B580814B35
:10DB60009A78814B9A707B69032B05D17F4B1B7888
:10DB7000002B01D100F0D2FB7C4B1B78012B5BD139
:10DB8000784B9B78042B57D1784B00221A70784B36
:10DB90001B68FB60FB68002B4ED000F097FCFB6815
:10DBA000DA171C461546734BD3E9002314EB020821
:10DBB00045EB03096F4BC3E900896E4804F0A6FFEB
:10DBC000B860BB685B696C4A82FB03125111DA17BB
:10DBD0008A1A642101FB02F29A1AD2B2674BDA70F8
:10DBE000BB68DB68DAB2654B9A70BB681B69DBB255
:10DBF0000133DAB2614B5A70BB68DB68DAB25F4B53
:10DC00001A70BB689B68DAB2564B1A70BB685B68C7
:10DC1000DAB2544B5A70BB681B68DAB2514B9A7037
:10DC2000FFF7BEFD00224F495548F5F7AFFA4D4BBF
:10DC30009B787B61FFF79EFE4A4B9B78002B02D1BD
:10DC4000FFF798FE89E07A694E494F4804F0E6FEF6
:10DC50009FED4E0A4E4B4C4A7D210020FFF7F2FA11
:10DC60007B69052B2ED14B4B1B78002B2AD1BA7C1C
:10DC7000494BA3FB021399080B469B000B44D31A94
:10DC8000DBB2002B1ED1BB7C434AA2FB03239B08C3
:10DC9000FB71F3F787FFFB791846FFF765FC42F24B
:10DCA0001070F4F713F900F00BFE3C4B1B7818468C
:10DCB00003F062FE3A4B1B88184603F0ABFDFFF7FA
:10DCC00059FE4AE0FFF7F0FD364B1B6903F00203F3
:10DCD000002B42D0F3F766FF0C20FFF745FC00BF96
:10DCE000FFF7BCFB0346012BFAD10023FB7418E0BD
:10DCF00000F0E6FD294B1B78184603F03DFEFB7C47
:10DD00001846FFF731FC00BFFFF7A8FB0346012BC5
:10DD1000FAD101F02FFE1420F4F7D8F8FB7C013380
:10DD2000FB74FB7C0B2BE3D900BF1E4B1B6903F07C
:10DD30000203002BF9D13720F4F7C8F800F0C0FD3A
:10DD4000164B1B78184603F017FE154B1B88184618
:10DD500003F060FDFFF70EFE00BF1837BD46BDE8BB
:10DD6000B08300BFDC030020F0030020D8030020B4
:10DD7000D4030020200400201F85EB510404002060
:10DD80005C01002060580108B00300200000204220
:10DD9000585A0108D0030020CDCCCCCC5004002030
:10DDA000AC0300200008024080B582B002AFB92366
:10DDB0007D2240F23F11462001F05EFF0346002B1A
:10DDC00000F0B380F3F7EEFE5A4B1B88184603F0C1
:10DDD00021FD9FED590A594B594A00210020FFF7B8
:10DDE00015FA9FED580A554B574A32211920FFF773
:10DDF0000DFA9FED540A514B544A3221AF20FFF7E0
:10DE000005FA9FED500A4D4B514A64211920FFF746
:10DE1000FDF99FED4C0A494B4E4A6421A520FFF7BE
:10DE2000F5F99FED480A454B4B4A96211620FFF71E
:10DE3000EDF99FED440A414B484A9621AA20FFF78D
:10DE4000E5F99FED400A3D4B454AC8211620FFF7F2
:10DE5000DDF99FED3C0A394B424AC821BE20FFF74D
:10DE6000D5F95F2300939F232D2200214FF6FF70E9
:10DE7000F7F76EFD5F23009340F23F132D229F21A1
:10DE80004FF6FF70F7F764FD912300939F235F2205
:10DE900000214FF6FF70F7F75BFD9123009340F2EE
:10DEA0003F135F229F214FF6FF70F7F751FDC32309
:10DEB00000939F23912200214FF6FF70F7F748FD52
:10DEC000C323009340F23F1391229F214FF6FF702E
:10DED000F7F73EFDEF2300939F23C32200214FF667
:10DEE000FF70F7F735FDEF23009340F23F13C32295
:10DEF0009F214FF6FF70F7F72BFD01F00BFC00F0B0
:10DF000039FE01F06DFA01F041FA01F05DF901F01E
:10DF1000C7F801F027F801F009F80346002B01D0FB
:10DF2000012303E000F006FE53E700231846BD4638
:10DF300080BD00BFAC0300200000104290E001084B
:10DF400078580108000028428C58010894580108AC
:10DF50009C580108A4580108AC580108B45801089D
:10DF6000BC580108C458010880B582B002AF9FEDCB
:10DF7000560A564B564A00210A20FFF747F99FEDF3
:10DF8000550A524B544A32210320FFF73FF99FEDC7
:10DF9000510A4E4B514A3221AF20FFF737F99FED1E
:10DFA0004D0A4A4B4E4A64210A20FFF72FF99FED94
:10DFB000490A464B4B4A6421A520FFF727F99FEDFC
:10DFC0004A0A424B494A9B210520FFF71FF99FED62
:10DFD000480A3E4B474A9A21A220FFF717F99FEDC6
:10DFE0003D0A3A4B444AC8211620FFF70FF99FED2E
:10DFF000390A364B414AC821BE20FFF707F95F2393
:10E0000000939F232D2200214FF6FF70F7F7A0FC0D
:10E010005F23009340F23F132D229F214FF6FF70A4
:10E02000F7F796FC912300939F235F2200214FF680
:10E03000FF70F7F78DFC9123009340F23F135F22AE
:10E040009F214FF6FF70F7F783FCC32300939F23B4
:10E05000912200214FF6FF70F7F77AFCC32300935B
:10E0600040F23F1391229F214FF6FF70F7F770FCAB
:10E07000EF2300939F23C32200214FF6FF70F7F791
:10E0800067FCEF23009340F23F13C3229F214FF61A
:10E09000FF70F7F75DFC01F03DFB00F015FD00F0AF
:10E0A000BFFC00F085FC00F047FC00F073FB00F0C3
:10E0B000C9FA00F025F800F039FF0346002B00D123
:10E0C00055E700BFBD4680BD0000104290E001084A
:10E0D000CC58010800002842DC580108E458010827
:10E0E000EC580108F458010800001842FC580108D7
:10E0F0000000144204590108BC5801080C590108D9
:10E1000080B584B002AFFFF7F1FB00F0D9F8C3236C
:10E11000912240F23F119F2001F0AEFD0346002BFB
:10E1200000F0AA80564B1B88184603F073FB9FED46
:10E13000550A554B554A05213720FFF767F89FEDE3
:10E14000540A544B544A3221DC20FFF77BF89FEDF0
:10E15000500A504B514A32210020FFF773F8504BC0
:10E160001B681A464F49504804F058FC4F4B002298
:10E170001A809FED4F0A474B4E4A4E215020FFF721
:10E1800061F84A4B4FF6FF721A80454B1B68002B13
:10E1900008DA9FED470A3F4B434A4E215020FFF7D4
:10E1A00051F807E09FED420A3A4B3F4A4E217B204F
:10E1B000FFF748F89FED330A334B3F4AB4217320F1
:10E1C000FFF724F8394B1888E6230093F023AC229C
:10E1D0005021F7F7BDFB354B1888A523009350233A
:10E1E00037220021F7F7B4FB304B1888A5230093A2
:10E1F0004FF49F733722EB21F7F7AAFBFFF7E0FA02
:10E2000001F012FD0346FB71FB79032B13D1244B64
:10E210001B681A460A212948F5F742FAFFF766FB00
:10E22000FFF7BEFA164B1B88184603F0F3FA64207A
:10E23000F3F74CFE20E0FB79022B0ED1184B1B6844
:10E24000632B04D1164B6FF062021A606FE7144B18
:10E250001B680133124A136069E7114B1B6813F105
:10E26000630F03D10E4B63221A6060E70C4B1B68EF
:10E27000013B0B4A13605AE70837BD4680BD00BF1B
:10E28000AC0300200000284290E001081459010866
:10E290000000AC42585A01082059010824590108CD
:10E2A00018000020DC570108B00300200E000020F9
:10E2B00000004842285901082C5901085C0100203F
:10E2C00080B500AF0A211348F5F704FA03461A4651
:10E2D000114B1A60104B1B68632B09DD0E4B152286
:10E2E0001A600D4B1B681A460A210A48F5F7D8F93F
:10E2F000094B1B6813F1630F09DA074B15221A60EB
:10E30000054B1B681A460A210248F5F7C9F900BFF8
:10E3100080BD00BF5C010020180000202DE9B04F37
:10E320008EB000AF09214248F5F7D4F90346002228
:10E33000BB60FA60D7E90223C7E90C23D7E90C01D7
:10E340004FF000024FF0000303000022C7E90C2346
:10E3500008213748F5F7BEF9034600229846914652
:10E36000D7E90C2342EA0801396043EA09037B60DC
:10E37000D7E90023C7E90C23D7E90C23C7E90A230F
:10E3800000F0A4F82B4BD3E90001D7E90A2304F0ED
:10E39000B4FB87ED080B4FF000024FF00003D7E904
:10E3A0000801F2F709FC0346002B00D13AE0224BAA
:10E3B00001221A7004211E48F5F78CF9F861FB69F7
:10E3C0004FF4616202FB03F3BB611A49D7E90A23E8
:10E3D000C1E90023BB6900221C461546154BD3E951
:10E3E000002314EB020A45EB030B124BC3E900AB0D
:10E3F000104BD3E900014FF000024FF000030A0078
:10E40000CB1713467B610B4BD3E9002313463B61CB
:10E410003A6908210648F5F743F97A690921044861
:10E42000F5F73EF900BF3837BD46BDE8B08F00BFF5
:10E430005C01002020040020D80300202DE9B04317
:10E4400084B000AF04211E48F5F744F9F860FB687A
:10E450004FF4616202FB03F3BB6000F037F8BB6866
:10E4600000221C461546174BD3E9002314EB020883
:10E4700045EB0309134BC3E90089124BD3E90001B3
:10E480004FF000024FF000030A00CB1713467B60E9
:10E490000C4BD3E9002313463B603A680821084837
:10E4A000F5F7FEF87A6809210548F5F7F9F8064B03
:10E4B00000221A7000BF1037BD46BDE8B08300BF10
:10E4C0005C01002020040020D803002080B500AFAC
:10E4D00000221C491C48F4F7F3FE00221B491A488D
:10E4E000F4F7D0FF194BDB781946194B1B68143B26
:10E4F000642202FB03F30B44164A5361134B9B78CF
:10E500001A46144BDA60114B5B78013B114A1361D8
:10E510000C4B1B781A460F4B9A600A4B5B781A46D5
:10E520000C4B5A60074B9B781A460A4B1A600948F5
:10E5300004F084FC02460B460749C1E9002300BFF2
:10E5400080BD00BF080400205C0100201C040020E6
:10E5500018000020280400202004002080B582B08C
:10E5600000AF07212D48F5F7B5F878607B680A2BD6
:10E5700001D90A237B6000F0D5FE294B1B88184681
:10E5800003F048F99FED270A274B284A052155201B
:10E59000FEF73CFE7B681A462549264804F03EFA01
:10E5A0009FED250A254B234A55217D20FEF74AFE83
:10E5B00001F0F0FA01F038FB0346FB7000F0B2FE08
:10E5C0001F4B00221A801E4B00225A80FB78032B1F
:10E5D00009D101F0CFF9124B1B88184603F01AF944
:10E5E000FFF7A4F917E0FB78022B06D17B68092B13
:10E5F00009D87B6801337B6005E07B68002B02D083
:10E600007B68013B7B607A6807210448F5F748F88E
:10E6100000F088FEB6E70837BD4680BD5C010020EB
:10E62000AC0300200000284290E0010834590108A2
:10E6300060580108B003002000001042585A010839
:10E640004C04002080B582B000AFEF23C32240F21B
:10E650003F119F2001F010FB0346002B66D0354B85
:10E660001B88184603F0D6F800F080F8324B1B7870
:10E67000FB71FB7903F00103FB719FED300A304B16
:10E68000304A05211920FEF7C1FD2F492F4804F01B
:10E69000C5F9FB79002B03D02D492C4804F0BEF9B5
:10E6A0002C4B00221A809FED2C0A2C4B2C4A552112
:10E6B0006920FEF7C7FD274B4FF6FF721A809FEDCA
:10E6C000260A264B214A55216920FEF7BBFD01F0A1
:10E6D00061FA01F0A9FA0346BB71224B00221A80AD
:10E6E000204B00225A80BB79032B12D1FFF7FEF892
:10E6F000FB791A4606211C48F4F7D2FF0E4AFB7933
:10E70000137001F037F90B4B1B88184603F082F8A1
:10E710000CE001F02FF9BB79022B03D1FB79013317
:10E72000FB71A6E7FB79013BFB71A2E70837BD4609
:10E7300080BD00BFAC030020D003002000002842B1
:10E7400090E00108405901084C590108B00300202D
:10E75000505901080E00002000001042585A0108CC
:10E76000285901084C0400205C01002080B500AF4E
:10E7700006210648F4F7AEFF0346DBB203F00103BF
:10E78000DAB2034B1A7000BF80BD00BF5C010020ED
:10E79000D003002080B582B000AFC32391229F2117
:10E7A000002001F069FA0346002B6ED0384B1B881D
:10E7B000184603F02FF800213648F4F78BFF7860F5
:10E7C0007B68002B01D001237B607B6803F0010391
:10E7D0007B607B68002B03D02F4B02221A7002E073
:10E7E0002D4B00221A702C4B1B781A460021294809
:10E7F000F4F756FF00F064F8274B1B78184603F037
:10E80000BBF8234B1B88184603F004F89FED230A3E
:10E81000234B244A05211920FEF7F8FC22492348FE
:10E8200004F0FCF87B68002B03D021491F4804F05A
:10E83000F5F89FED200A204B1C4A55216920FEF770
:10E8400001FD01F0A7F901F0EFF90346FB701B4B46
:10E8500000221A80194B00225A80FB78032B07D123
:10E8600001F088F80A4B1B88184602F0D3FF0CE031
:10E8700001F080F8FB78022B03D17B6801337B60C9
:10E88000A3E77B68013B7B609FE70837BD4680BDFF
:10E89000AC0300205C01002050040020000028424E
:10E8A00090E001085459010864590108B0030020A0
:10E8B0006859010800001042585A01084C04002011
:10E8C00080B500AF00211748F4F704FF0346DAB221
:10E8D000154B1A70144B1B7803F00303002B0CD05C
:10E8E000114B02221A70114B00221A70104B072292
:10E8F0001A70104B04221A700BE00B4B00221A7096
:10E900000A4B02221A700A4B04221A70094B072282
:10E910001A70054B1B781A4600210248F4F7C0FE16
:10E9200000BF80BD5C010020500400205104002085
:10E93000520400205304002080B500AF91235F22D1
:10E9400040F23F119F2001F097F90346002B24D09D
:10E9500001F010F8124B1B88184602F05BFF114BB8
:10E960001B684FF6FF72DA63042003F005F803F02A
:10E9700063F800F0A3FC0C4B1B78184602F0FCFF78
:10E9800000F0F8FF064B1B88184602F043FF074BC8
:10E9900000221A80054B00225A8000BF80BD00BFB4
:10E9A000AC030020D4010020500400204C040020BF
:10E9B00080B500AF91235F229F21002001F05CF918
:10E9C0000346002B21D000F0D5FF114B1B881846C1
:10E9D00002F020FF0F4B1B684FF6FF72DA6301F065
:10E9E000EAFF00F06BFC0C4B1B78184602F0C4FFEA
:10E9F00000F0C0FF064B1B88184602F00BFF074BC8
:10EA000000221A80054B00225A8000BF80BD00BF43
:10EA1000AC030020D4010020500400204C0400204E
:10EA200080B582B000AF244B1B79BB715F232D22D0
:10EA300040F23F119F2001F01FF90346002B36D012
:10EA400000F098FF1D4B1B88184602F0E3FE0023E0
:10EA5000FB7118E0FFF734FF194B1B78184602F0E2
:10EA60008BFFFB791846FEF77FFD00BFFEF7F6FC33
:10EA70000346012BFAD100F07DFF1420F3F726FAAC
:10EA8000FB790133FB71FB790B2BE3D9BB7918467A
:10EA900002F072FF00F06EFF084B1B88184602F070
:10EAA000B9FE084B00221A80064B00225A8000BF94
:10EAB0000837BD4680BD00BF1C000020AC0300200D
:10EAC000500400204C04002080B500AF5F232D22AD
:10EAD0009F21002001F0D0F80346002B22D000F047
:10EAE00049FF114B1B88184602F094FE0F4B1B6820
:10EAF0004FF6FF72DA63022001F04EF90A4B1B88D1
:10EB0000184602F087FE0A4B4FF6FF721A8003F098
:10EB1000ABFC00F0D3FB00F02DFF034B1B88184625
:10EB200002F078FE00BF80BDAC030020D4010020BD
:10EB30006C00002080B500AFEF23C32240F23F11EC
:10EB40009F2001F099F80346002B0FD000F012FF30
:10EB5000074B1B88184602F05DFEFFF705FA00F030
:10EB600009FF034B1B88184602F054FE00BF80BD0E
:10EB7000AC03002080B584B002AFC323912240F2E1
:10EB80003F119F2001F078F80346002B00F026810A
:10EB9000F3F708F8934B1B88184602F03BFE9FEDF5
:10EBA000920A924B924A05210020FEF72FFB8D4BD3
:10EBB0001A88904B1A809FED900A904B904A37210B
:10EBC0008220FEF73FFB9FED8C0A8C4B8C4AB421D0
:10EBD0008720FEF737FB874B4FF6FF721A80894B71
:10EBE0001B681A468849894803F018FF854B1B6843
:10EBF000002B08DA9FED800A804B844A372182205F
:10EC0000FEF720FB07E09FED7C0A7C4B7F4A372113
:10EC10009120FEF717FB7E4B1B681A467A497B480A
:10EC200003F0FCFE9FED740A744B784AB4218720F0
:10EC3000FEF708FB9FED700A704B764A37214FF4C0
:10EC40008270FEF7FFFA9FED6C0A6C4B724A372117
:10EC50001420FEF7F7FA9FED680A684B6D4AB4215D
:10EC60004FF48270FEF7EEFA9FED630A634B6A4A37
:10EC7000B4211420FEF7E6FAB3EE0C0A5B4B674AA8
:10EC800044215520FEF7C2FAB3EE0C0A574B644AF2
:10EC9000B4215520FEF7BAFA9FED530A534B614A4F
:10ECA00076216E20FEF7B2FA524B1888A523009306
:10ECB000E62372225321F6F74BFE4E4B18886E2343
:10ECC0000093502337220021F6F742FE494B188863
:10ECD000E62300935023AC220021F6F739FE454B82
:10ECE00018886E2300934FF49F733722EB21F6F7B9
:10ECF0002FFE404B1888E62300934FF49F73AC22FD
:10ED0000EB21F6F725FE00F093F80346FB71464B26
:10ED100000221A80444B00225A80FB79052B17D120
:10ED200000F028FE2F4B1B88184602F073FD384B6D
:10ED30001B681A4604213D48F4F7B2FC314B1B68AE
:10ED40001A4605213948F4F7ABFCFFF777FB45E09D
:10ED5000FB79022B0DD12B4B1B68622B05DC294B59
:10ED60001B680133274A136003E0264B6FF06202F1
:10ED70001A60FB79012B0DD1224B1B6813F1620F36
:10ED800005DB204B1B68013B1E4A136002E01D4B54
:10ED900063221A60FB79042B0DD11D4B1B68B3F560
:10EDA0003A7F05D21A4B1B680133194A136002E0FF
:10EDB000174B01221A60FB79032B7FF4F0AE144B42
:10EDC0001B68012B05D9124B1B68013B104A1360CD
:10EDD000E5E60F4B4FF43A721A60E0E60837BD469D
:10EDE00080BD00BFAC0300200000284290E0010875
:10EDF0006C5901080E00002000001042585A01080A
:10EE000028590108D4030020DC570108B003002072
:10EE10001400002020590108245901087C590108D8
:10EE2000805901082C5901084C0400205C01002085
:10EE300080B500AF00F06EFCA5237322F0215020B6
:10EE400000F01AFF0346002B01D005232CE06E23AF
:10EE500037225021002000F00FFF0346002B01D085
:10EE6000012321E0E623AC225021002000F004FF22
:10EE70000346002B01D0032316E06E2337224FF404
:10EE80009F71EB2000F0F8FE0346002B01D0022317
:10EE90000AE0E623AC224FF49F71EB2000F0ECFE79
:10EEA0000346002BC6D00423184680BD80B582B02F
:10EEB00000AF04211A48F4F70DFC786005211848CA
:10EEC000F4F708FC03463B607B68002B01D101236B
:10EED0007B607B68B3F53A7F02D94FF43A737B606D
:10EEE0003B68632B01DD00233B603B6813F1630F3C
:10EEF00001DA00233B603B681A4605210848F4F715
:10EF0000CFFB7A6804210648F4F7CAFB054A7B6800
:10EF10001360054A3B68136000BF0837BD4680BDDB
:10EF20005C01002014000020D403002080B500AF55
:10EF3000EF23C3229F21002000F09EFE0346002BFA
:10EF40000BD000F017FD064B1B88184602F062FC40
:10EF50006420F2F7BBFF012300E00023184680BDC8
:10EF6000AC03002080B582B000AFC32391229F2163
:10EF7000002000F081FE0346002B72D03A4B1B8824
:10EF8000184602F047FC03213848F4F7A3FB7860E9
:10EF90007B6803F001037B60354B00221A809FEDF4
:10EFA000350A354B354A55216920FEF74BF9304B70
:10EFB0004FF6FF721A809FED320A324B324A05211A
:10EFC0001920FEF723F93149314803F027FD7B680A
:10EFD000002B03D02F492E4803F020FD9FED250A7A
:10EFE000254B2B4A55216920FEF72CF900F0D2FD64
:10EFF00000F01AFE0346FB70274B00221A80264BB6
:10F0000000225A80FB78032B1ED1FEF76FFC7A6832
:10F0100003211648F4F744FB03211448F4F75AFB84
:10F020000346DAB21D4B1A7000F0A4FC0E4B1B888D
:10F03000184602F0EFFB194B1B78002B01D1FFF7AC
:10F040008DFAFEF773FC0CE000F094FCFB78022BC9
:10F0500003D17B6801337B609AE77B68013B7B606F
:10F0600096E70837BD4680BDAC0300205C01002058
:10F070000E00002000001042585A010828590108CB
:10F080000000284290E00108845901084C59010809
:10F09000B0030020505901084C040020D103002087
:10F0A00080B582B000AF02213948F4F713FB7860D5
:10F0B00091235F2240F23F119F2000F0DDFD0346C7
:10F0C000002B62D0334B1B88184602F0A3FB9FED48
:10F0D000320A324B324A05211920FEF797F8314B9C
:10F0E00000221A809FED300A304B314A55216920A9
:10F0F000FEF7A8F82B4B4FF6FF721A802D492E48C9
:10F1000003F08CFC7B6803F00103002B03D02B4938
:10F11000294803F083FC9FED240A244B264A5521FD
:10F120006920FEF78FF800F035FD00F07DFD034605
:10F13000FB70234B00221A80214B00225A80FB785F
:10F14000032B17D17A6802211148F4F7A9FA02219A
:10F150000F48F4F7BFFA0346DAB21A4B1A7000F000
:10F1600009FC0C4B1B88184602F054FB6420F2F794
:10F17000ADFE0AE0FB78022B03D17B6801337B6094
:10F18000A5E77B68013B7B60A1E70837BD4680BDF2
:10F190005C010020AC0300200000284290E0010840
:10F1A000905901080E00002000001042585A010832
:10F1B000285901084C590108B00300205059010892
:10F1C0004C040020CF03002080B582B000AF0121A5
:10F1D0003048F4F77FFA78607B680A2B01D90A235C
:10F1E0007B6091235F229F21002000F045FD0346B4
:10F1F000002B4CD0284B1B88184602F00BFB9FEDD0
:10F20000270A274B274A05215520FDF7FFFF7B687A
:10F210001A462549254803F001FC9FED250A254B98
:10F22000224A55217D20FEF70DF800F0B3FC00F0D6
:10F23000FBFC0346FB70204B00221A801E4B002271
:10F240005A80FB78032B0AD100F094FB6420F2F77C
:10F250003DFE114B1B88184602F0DCFA17E0FB78E4
:10F26000022B06D17B68092B09D87B6801337B60B0
:10F2700005E07B68002B02D07B68013B7B607A68ED
:10F2800001210448F4F70CFA00F018F8B7E7083742
:10F29000BD4680BD5C010020AC0300200000284278
:10F2A00090E001089C59010860580108B003002053
:10F2B00000001042585A01084C04002080B582B06A
:10F2C00000AF01211548F4F705FA38603B68002BC0
:10F2D00002D14FF48053FB803B680A2B01D90A23EB
:10F2E0003B603B68002B0CD03B689BB21A46520037
:10F2F0001A4492001A44114689018A1AD200134412
:10F30000FB803A6801210548F4F7CAF9044B1B68F1
:10F31000FA88DA6300BF0837BD4680BD5C01002073
:10F32000D401002080B582B000AF07211548F4F762
:10F33000D1F938603B68002B02D14FF48053FB8039
:10F340003B680A2B01D90A233B603B68002B0CD099
:10F350003B689BB21A4652001A4492001A44114666
:10F3600089018A1AD2001344FB803A6807210548B4
:10F37000F4F796F9044B1B68FA88DA6300BF083784
:10F38000BD4680BD5C010020D401002080B500AFE7
:10F390005F232D2240F23F119F2000F06DFC0346B9
:10F3A000002B14D00B4B4FF6FF721A80FDF746FB73
:10F3B00000F0E0FA084B00221A80074B00225A8026
:10F3C000FFF77EFA054B1B78184602F0D5FA00BF0E
:10F3D00080BD00BF6C0000204C04002050040020C1
:10F3E00080B500AF5F232D229F21002000F044FC58
:10F3F0000346002B0DD0084B4FF6FF721A8003F026
:10F4000033F800F0B7FA054B00221A80034B0022B4
:10F410005A8000BF80BD00BF6C0000204C0400205B
:10F4200080B582B000AFEF23B92240F23F11E62051
:10F4300000F022FC0346002B59D0F2F7B3FB2E4B11
:10F440001B88184602F0E6F9FEF7BAF99FED2B0A81
:10F450002B4B2C4A05215520FDF7D8FE2A4B9B78D3
:10F460001A462A492A4803F0D9FA9FED2A0A2A4B5C
:10F47000274A55217D20FDF7E5FE00F08BFB00F0CB
:10F48000D3FB0346FB71FEF79BF9FB79032B0AD1F3
:10F49000FEF786F9184B1B88184602F0BBF9FEF7F9
:10F4A00069FA012324E0FB79022B10D1164B9A78DC
:10F4B0001A4B1B789A4203D1134B01229A70C5E76D
:10F4C000114B9B780133DAB20F4B9A70BEE70E4BAB
:10F4D0009B78012B04D1114B1A780B4B9A70B5E72E
:10F4E000094B9B78013BDAB2074B9A70AEE70023D9
:10F4F00018460837BD4680BDAC03002000002842F6
:10F5000090E00108A859010804040020605801088F
:10F51000B003002000001042585A0108D203002016
:10F5200080B582B000AFEF23B922E621822000F03F
:10F53000A3FB0346002B54D0F2F734FB2B4B1B8864
:10F54000184602F067F99FED2A0A2A4B2A4A05213C
:10F550003720FDF75BFE294B5B781A46284929487E
:10F5600003F05CFA9FED280A284B264A55217D209E
:10F57000FDF768FE00F00EFB00F056FB0346FB7142
:10F58000FEF71EF9FB79032B0AD1FEF709F9174B99
:10F590001B88184602F03EF9FEF7ECF9012321E042
:10F5A000FB79022B0ED1154B5B780C2B03D1134B3F
:10F5B00001225A70C7E7114B5B780133DAB20F4B67
:10F5C0005A70C0E70D4B5B78012B03D10B4B0C221B
:10F5D0005A70B8E7094B5B78013BDAB2074B5A70B7
:10F5E000B1E7002318460837BD4680BDAC030020B4
:10F5F0000000284290E00108B059010804040020EE
:10F6000060580108B003002000001042585A010859
:10F6100080B582B000AFEF23B9228221002000F034
:10F620002BFB0346002B5CD0F2F7BCFA2F4B1B8858
:10F63000184602F0EFF89FED2E0A2E4B2E4A0521B8
:10F640004120FDF7E3FD2D4BDB7819462C4B1B6861
:10F65000013B642202FB03F30B441A4629492A4862
:10F6600003F0DCF99FED290A294B274A55215F2039
:10F67000FDF7E8FD00F08EFA00F0D6FA0346FB71C4
:10F68000FEF79EF8FB79032B0AD1FEF789F8174B9A
:10F690001B88184602F0BEF8FEF76CF9012321E042
:10F6A000FB79022B0ED1154BDB78632B03D1134B67
:10F6B0000022DA70BFE7114BDB780133DAB20F4B6F
:10F6C000DA70B8E70D4BDB78002B03D10B4B6322CC
:10F6D000DA70B0E7094BDB78013BDAB2074BDA703E
:10F6E000A9E7002318460837BD4680BDAC030020BB
:10F6F0000000284290E00108BC59010804040020E1
:10F7000018000020C8590108B00300200000104272
:10F71000585A010880B582B000AF00BF00F0ECFE7F
:10F72000034683F00103DBB2002BF7D100BF3B1D82
:10F730009A1C3B1D1146184600F0EEFE034683F06E
:10F740000103DBB2002BF2D13B1D164A19461648C5
:10F7500001F0C5F8154B1B78002B0ED1124B1B88FE
:10F76000C3F59F7301339AB20F4B1A800E4B5B881F
:10F77000C3F1EF039AB20C4B5A800B4B1B8819460E
:10F780000B48F0F740FD084B5B8819460948F0F735
:10F790003AFD00F0EFF81420F2F798FB00BF0837AD
:10F7A000BD4680BD500000204C04002050040020C5
:10F7B000FC0200200C03002080B500AF00F09CFE8E
:10F7C000034683F00103DBB2002B30D1FFF7A2FF29
:10F7D00000F0DEF80346002B2BD11C4B4FF6FF72D6
:10F7E0001A8000F0FDF80346002B24D100F030F819
:10F7F0000346002B21D1FFF70BFF0346002B1ED140
:10F80000FFF78EFE0346002B1BD1FFF709FE0346D0
:10F81000002B18D1FEF7C8FA0346002B04D0FEF7E0
:10F82000A9F800F0A7F80FE000F0A4F80CE000BF82
:10F830000AE000BF08E000BF06E000BF04E000BF30
:10F8400002E000BF00E000BF80BD00BF0E0000204E
:10F8500080B582B000AFFEF749F8404B5B78FB7192
:10F860007323002240F23F11B42000F005FA034652
:10F87000002B6ED0F2F796F9394B1B88184601F031
:10F88000C9FF9FED380A384B384A05212320FDF780
:10F89000BDFC324B5B78184600F01CF900F0C4F94F
:10F8A0000346BB71BB79032B32D12C4B5B787B7148
:10F8B000FEF71CF8294A7B795370284B5B78FA795C
:10F8C0009A421CD0254B9B780133DAB2234B9A70B5
:10F8D000224B9B783B2B02D9204B00229A70244B61
:10F8E0001B68CA225A62224B1B6853225A62204864
:10F8F000F3F718FE002219491D48F3F747FC184B8F
:10F900001B88184601F086FFFEF734F8012321E03A
:10F91000BB79022B0ED1114B5B783B2B03D10F4BE4
:10F9200000225A70ADE70D4B5B780133DAB20B4B16
:10F930005A70A6E7094B5B78002B03D1074B3B229B
:10F940005A709EE7054B5B78013BDAB2034B5A7065
:10F9500097E7002318460837BD4680BDDC0300202A
:10F96000AC0300200000284290E00108D0590108B3
:10F970005C01002080B500AF00BF00F0BDFD034674
:10F98000002BFAD11420F2F7A1FA00BF80BD0000CD
:10F9900080B500AF0F4B1B88452B17D80D4B5B88EC
:10F9A0007D2B13D90B4B5B88B82B0FD8FDF79EFF2F
:10F9B000094B00229A70002207490848F3F7E6FB3A
:10F9C000FDF7D8FFFFF7D6FF012300E0002318461C
:10F9D00080BD00BF4C040020DC0300205C0100203F
:10F9E00080B582B000AFFDF781FF344B1B78FB710F
:10F9F000732300229621002000F03EF90346002BDD
:10FA000056D0F2F7CFF82E4B1B88184601F002FFB4
:10FA10009FED2C0A2C4B2D4A05213720FDF7F6FBD4
:10FA2000264B1B78184600F055F800F0FDF8034609
:10FA3000BB71BB79032B1AD1204B1B787B71FDF76F
:10FA400055FF1E4A7B7913701C4B1B78FA799A423A
:10FA500004D0002219491E48F3F798FB184B1B8865
:10FA6000184601F0D7FEFDF785FF012321E0BB79A1
:10FA7000022B0ED1114B1B78172B03D10F4B0022F9
:10FA80001A70C5E70D4B1B780133DAB20B4B1A70B5
:10FA9000BEE70A4B1B78002B03D1084B17221A70C4
:10FAA000B6E7064B1B78013BDAB2044B1A70AFE79E
:10FAB000002318460837BD4680BD00BFDC03002088
:10FAC000AC0300200000284290E00108DC59010846
:10FAD0005C01002080B584B002AF0346FB719FED4E
:10FAE000230A234B234A3221DC20FDF7ABFB9FED99
:10FAF0001F0A1F4B204A32210020FDF7A3FBFB7990
:10FB00001A461E491E4802F089FF9FED180A184B3D
:10FB10001B4A32215020FDF795FB9FED1A0A1A4B24
:10FB20001A4AB4217320FDF771FB194B1888E6239C
:10FB30000093F023AC225021F5F70AFF144B1888EC
:10FB4000A5230093502337220021F5F701FF104B26
:10FB50001888A52300934FF49F733722EB21F5F704
:10FB6000F7FE00BF0837BD4680BD00BF0000AC42B5
:10FB7000585A010820590108245901086058010801
:10FB8000B00300200000284290E001082C59010831
:10FB90000E00002080B582B002AF9FED1B0A1B4B08
:10FBA0001B4A3221DC20FDF74DFB9FED170A174B56
:10FBB000184A32210020FDF745FB9FED170A174B2D
:10FBC000174AB4217320FDF721FB164B1888E62352
:10FBD0000093F023AC225021F5F7BAFE114B1888A0
:10FBE000A5230093502337220021F5F7B1FE0D4BDA
:10FBF0001888A52300934FF49F733722EB21F5F764
:10FC0000A7FE00BFBD4680BD0000AC42585A0108A7
:10FC100020590108245901080000284290E00108F9
:10FC20002C5901080E00002080B500AFFFF772FDCF
:10FC3000E623AC22F021502000F01EF80346002BF2
:10FC400001D0032315E0A52337224FF49F71EB2049
:10FC500000F012F80346002B01D0022309E0A5238F
:10FC600037225021002000F007F80346002BDDD09A
:10FC70000123184680BD000090B482B000AF044656
:10FC8000084611461A462346FB800346BB800B46B6
:10FC90007B8013463B800E4B1B88FA889A4210D219
:10FCA0000B4B1B88BA889A420BD9094B5B887A8820
:10FCB0009A4206D2064B5B883A889A4201D90123C0
:10FCC00000E0002318460837BD4690BC704700BFCF
:10FCD0004C04002080B584B000AF0346FB800B4687
:10FCE000BB8013467B80FB880F3BFB8108E07A8852
:10FCF000B988FB89184601F04DFDFB890133FB8172
:10FD0000FB8803F10E02FB899A42F0DABB880F3BB5
:10FD1000FB8108E07A88F989FB88184601F03AFDF2
:10FD2000FB890133FB81BB8803F10E02FB899A42F8
:10FD3000F0DA00BF00BF1037BD4680BD80B582B08D
:10FD400000AF0346FB800B46BB8013467B807A885E
:10FD5000B988FB88184601F01DFDFB8801339BB272
:10FD60007A88B988184601F015FDBB88013399B22D
:10FD70007A88FB88184601F00DFDFB88013398B2A4
:10FD8000BB8801339BB27A88194601F003FD00BF9E
:10FD90000837BD4680BD000080B58AB000AF03467D
:10FDA000FB71074B1B7987F82330FB79184601F06C
:10FDB000E3FD002001F02EFD00237B62A4E000BFE4
:10FDC0001C000020C74B01221A60C74A7B6A32F828
:10FDD0002300C54A7B6A9B0013445B884FF6FF7281
:10FDE0001946FFF777FF00BF00F086FB034683F05C
:10FDF0000103DBB2002BF7D14FF47A70F2F766F80B
:10FE000000BFBA49BA4800F087FB034683F00103FC
:10FE1000DBB2002BF5D1B64B1988B64A7B6A22F8C3
:10FE20002310B24B1988B34A7B6A9B0013440A46DD
:10FE30005A80AD4A7B6A32F82300AB4A7B6A9B004A
:10FE400013445B8800221946FFF744FF00BF00F00F
:10FE500053FB0346002BFAD14FF47A70F2F736F8D1
:10FE6000A44A7B6A32F823301946A348F0F7CBF94D
:10FE7000A04A7B6A9B0013445B8819469F48F0F7B1
:10FE8000C2F99F4A07F11C0392E80300186004338B
:10FE900019809C4A07F1140392E8030018600433A8
:10FEA0001980994A07F10C0392E8030018600433A3
:10FEB00019807B6A5B0028333B4433F80C3C1846BE
:10FEC0007B6A5B0028333B4433F8143C1946B3EE9D
:10FED000040A0023884AFDF769FA7B6A5B0028332D
:10FEE0003B4433F80C3C18467B6A5B0028333B44A8
:10FEF00033F81C3C1946B3EE040A00237F4AFDF791
:10FF000055FA7B6A01337B627B6A022B7FF65AAF1C
:10FF100097F82330184601F02FFD00BF00F0ECFAEF
:10FF20000346002BFAD11620F1F7D0FF00BF00F0F6
:10FF3000E3FA034683F00103DBB2002BF7D116206E
:10FF4000F1F7C4FF714A6B49674800F06AFB002073
:10FF500001F060FC6D4B19466748F0F739F9B3EED4
:10FF6000040A00236A4A4B212320FDF71FFAB3EE4F
:10FF7000040A0023604A73214620FDF717FA00BFE8
:10FF800000F0BAFA0346002BFAD11620F1F79EFFD3
:10FF900000BF00F0B1FA034683F00103DBB2002B8F
:10FFA000F7D11620F1F792FF002001F033FCB3EEF9
:10FFB000040A0023574A05211E20FDF7F7F9B3EE86
:10FFC000040A0023544A23211E20FDF7EFF9B3EE63
:10FFD000040A0023514A41211E20FDF7E7F9B3EE40
:10FFE000040A00234E4A5F211E20FDF7DFF9B3EE1D
:10FFF000040A00234B4A7D211E20FDF7D7F9B3EEFA
:020000040801F1
:10000000040A0023484A9B211E20FDF7CFF9B3EED6
:10001000040A0023454AC8211E20FDF7C7F93B4BBF
:100020001B6819463448F0F7D3F8B3EE040A0023EE
:10003000314A05216420FDF7B9F9344B5B68194654
:100040002D48F0F7C5F8B3EE040A00232A4A23210D
:100050006420FDF7ABF92D4B9B6819462648F0F755
:10006000B7F8B3EE040A0023234A41216420FDF7C8
:100070009DF9264BDB6819461F48F0F7A9F8B3EE47
:10008000040A00231C4A5F216420FDF78FF91F4BEF
:100090001B6919461848F0F79BF8B3EE040A0023D1
:1000A000154A7D216420FDF781F9184B5B691946DB
:1000B0001148F0F78DF8B3EE040A00230E4A9B2195
:1000C0006420FDF773F9114B9B6919460A48F0F754
:1000D0007FF8B3EE040A0023074AC8216420FDF725
:1000E00065F925E088824042440000205604002043
:1000F0005404002038000020FC0200200C030020E3
:10010000145A01081C5A0108245A01085000002002
:10011000E8590108F8590108FC590108005A01087A
:10012000045A0108085A01080C5A0108105A01081B
:1001300000BF00F0E1F90346002BFAD11620F1F7D9
:10014000C5FE00BF00F0D8F9034683F00103DBB21F
:10015000002BF7D11620F1F7B9FE00BF00F0CCF963
:100160000346002BFAD11620F1F7B0FE97F82330A2
:10017000184601F001FC00F009F897F82330184602
:1001800001F0FAFB00BF2837BD4680BD80B588B0BE
:1001900002AF904B01221A608F4B1B79022B02D0C9
:1001A000002001F0E9FB002001F034FB9FED8B0AF9
:1001B00000238B4A3C210A20FDF7F8F800BF00F02D
:1001C0009BF9034683F00103DBB2002BF7D100203B
:1001D00001F020FBB3EE090A0023824ACB21FA206A
:1001E000FDF710F94FF6FF730093CA2340F23F1258
:1001F000C821EF20F5F7B0FA4FF6FF730093EF2315
:10020000F122C821EF20F5F7A7FA4FF6FF72782107
:10021000A020FFF75FFD4FF6FF721E214FF4917093
:10022000FFF758FD4FF6FF72D2211E20FFF752FD57
:100230004FF6FF72D221A020FFF74CFD4FF6FF7260
:1002400078211E20FFF746FD4FF6FF7278214FF40C
:100250009170FFF73FFD00BF00F04EF9034683F0B9
:100260000103DBB2002BF7D100BF07F10C0207F14D
:100270000E031146184600F04FF9034683F00103C0
:10028000DBB2002BF1D1FB89BB80BB89FB80022054
:10029000F1F71CFEBB8819465348EFF7B4FFFB8803
:1002A00019465248EFF7AFFF502373221421142050
:1002B00001F02EFA00237B6105E04D4B00221A80ED
:1002C0007B6901337B617B6941F243629342F4D9DC
:1002D000B3EE040A0023444A14211420FDF766F803
:1002E000B3EE040A0023414A32211420FDF75EF8E0
:1002F000391D07F108033F4A184600F0F0FA3A8921
:10030000354B1B889A4204D9334B1B88013B9BB267
:100310003B817A89304B5B889A4204D92E4B5B88AB
:10032000013B9BB23B812C4B1B79002B09D13B89B4
:10033000C3F5A0739BB23B817B89C3F1F0039BB2F1
:100340007B813B8919462848EFF75DFF7B89194679
:100350002648EFF758FF5023D7221421782001F0C8
:10036000D7F900233B6105E0214B00221A803B694D
:1003700001333B613B6941F243629342F4D9B3EEEE
:10038000040A0023184A14217820FDF70FF8B3EE71
:10039000040A0023154A32217820FDF707F87B89EB
:1003A000C82B7FF658AF3B89F02B7FF654AF00BFC8
:1003B00000F0A2F80346002BFAD1FA20F1F786FDEF
:1003C000002001F027FAFCF7C5FF00BF1837BD4633
:1003D00080BD00BF888240421C00002000002042F7
:1003E0002C5A0108385A0108FC0200200C03002096
:1003F000000008605000002080B584B000AF0346C4
:10040000FB710023FB601EE097F90730002B05DA33
:10041000012202211048F2F743F804E000220221F1
:100420000D48F2F73DF8FB795B00FB7100220221D9
:100430000A48F2F735F8012202210848F2F730F8AD
:10044000FB680133FB60FB68072BDDD900BF00BFF1
:100450001037BD4680BD00BF0010024000040240BE
:1004600080B582B000AF0023BB710823FB71FB791C
:10047000013BFB71002202211148F2F711F8012122
:100480001048F1F7F5FF03467B717B79002B09D00B
:10049000FB79012202FA03F35AB297F906301343AB
:1004A0005BB2BB71012202210548F1F7F9FFFB792C
:1004B000002BDCD1BB7918460837BD4680BD00BF94
:1004C000000402400010024080B500AF0022042169
:1004D0000248F1F7E5FF00BF80BD00BF0004024005
:1004E00080B500AF012204210248F1F7D9FF00BF17
:1004F00080BD00BF0004024080B500AF0421054864
:10050000F1F7B6FF0346002B0CBF01230023DBB23B
:10051000184680BD0010024080B58AB000AF7860F8
:10052000396000233B620023FB610023BB61002391
:100530007B61FFF7C9FFFFF7DFFF034683F001038D
:10054000DBB2002B03D0FFF7CBFF002365E00023D5
:1005500087F82730D020FFF74FFFFFF781FF0346D2
:100560003B74FFF77DFF03467B749020FFF744FF49
:10057000FFF776FF03463B73FFF772FF03467B737B
:100580003B7B1B027A7B13433B623B7C1B027A7CE6
:100590001343FB61D020FFF72FFFFFF761FF0346F6
:1005A0003B74FFF75DFF03467B749020FFF724FF49
:1005B000FFF756FF03463B73FFF752FF03467B737B
:1005C0003B7B1B027A7B1343BB613B7C1B027A7C27
:1005D00013437B61BA693B6A9A4204D197F827308A
:1005E000013387F827307A69FB699A4204D197F87A
:1005F0002730013387F8273097F82730022B9AD11C
:10060000FFF76EFF3B6A5B099AB27B681A80FB6951
:100610005B099AB23B681A80012318462837BD4609
:1006200080BD80B487B000AFF860B9607A60002305
:100630007B61BB681B881A46BB6808331B88D31ACA
:10064000BA68043252881146BA68083252888A1A47
:1006500003FB02F2BB6804331B881946BB680833EE
:100660001B88CB1AB96849880846B9680831498897
:10067000411A01FB03F3D21A7B689A617B689B697C
:10068000002B03D14FF0FF337B6121E1FB681B8816
:100690001A46FB6808331B88D31ABA68043252889A
:1006A0001146BA68083252888A1A03FB02F2FB68C4
:1006B00004331B881946FB6808331B88CB1AB968BA
:1006C00049880846B96808314988411A01FB03F393
:1006D000D21A7B681A60BB681B881A46BB6808334D
:1006E0001B88D31AFA68043212881146FA68083255
:1006F00012888A1A03FB02F2FB681B881946FB6802
:1007000008331B88CB1AB968043109880846B968D0
:1007100008310988411A01FB03F3D21A7B685A6039
:10072000BB6808331B881A46FB6804331B8803FB2D
:1007300002F2BB6804331B881946FB6808331B8828
:1007400001FB03F3D31ABA68528803FB02F2BB68B9
:100750001B881946FB6808331B8803FB01F1BB6843
:1007600008331B881846FB681B8800FB03F3CB1A71
:10077000B9680431498801FB03F31A44BB680433A8
:100780001B881946FB681B8803FB01F1BB681B88AB
:100790001846FB6804331B8800FB03F3CB1AB968C7
:1007A0000831498801FB03F31A447B689A60FB68AF
:1007B0005B881A46FB6808335B88D31ABA68043230
:1007C00052881146BA68083252888A1A03FB02F22C
:1007D000FB6804335B881946FB6808335B88CB1AD7
:1007E000B96849880846B96808314988411A01FB47
:1007F00003F3D21A7B68DA60BB681B881A46BB68B1
:1008000008331B88D31AFA68043252881146FA68F2
:10081000083252888A1A03FB02F2FB685B88194689
:10082000FB6808335B88CB1AB9680431098808462D
:10083000B96808310988411A01FB03F3D21A7B68B1
:100840001A61BB6808331B881A46FB6804335B884F
:1008500003FB02F2BB6804331B881946FB680833AC
:100860005B8801FB03F3D31ABA68528803FB02F2D8
:10087000BB681B881946FB6808335B8803FB01F1E2
:10088000BB6808331B881846FB685B8800FB03F3D2
:10089000CB1AB9680431498801FB03F31A44BB68D9
:1008A00004331B881946FB685B8803FB01F1BB68B6
:1008B0001B881846FB6804335B8800FB03F3CB1AE4
:1008C000B9680831498801FB03F31A447B685A610F
:1008D0007B6918461C37BD465DF8047B704780B4C1
:1008E00087B000AFF860B9607A6000237B617B68F5
:1008F0009B69002B2ED07B681B68BA68128803FBAB
:1009000002F27B685B68B968498801FB03F31A440B
:100910007B689B681A447B689B6992FBF3F39AB2ED
:10092000FB681A807B68DB68BA68128803FB02F2F6
:100930007B681B69B968498801FB03F31A447B682B
:100940005B691A447B689B6992FBF3F39AB2FB687C
:100950005A8002E04FF0FF337B617B6918461C37F9
:10096000BD465DF8047B704780B483B000AF78600B
:100970000B4B1B680B4AA2FB03235B0D7A6802FB3F
:1009800003F37B6000BF7B685A1E7A60002BFAD1AC
:1009900000BF00BF0C37BD465DF8047B704700BF49
:1009A000040000206BCA5F6B80B500AF002000F030
:1009B00031FF00BF80BD80B500AF00F06FFE00F0DA
:1009C00013FE00F0A7FD00F047FD00F0C9FC00F0A9
:1009D0005BFC00F021FB00F061FA00F0EFF900F0A1
:1009E0008FF900F00CF900F015F800F006F8FFF7A9
:1009F000DBFF00F05AFE00BF80BD80B500AF1F20B6
:100A000000F008FF4FF47A70F1F760FAFFF7CCFFBF
:100A100000BF80BD80B584B000AF1F237B80002362
:100A2000FB7200237B603223FB813223BB81FFF703
:100A3000BBFFB7F90E00B7F90C107B883222F4F730
:100A4000BEFFD0E0FCF70AFD0346002B02D000F009
:100A50002CFED1E0FB7A002B2ED1FB89B3F5877FEA
:100A600028D2BB89BD2B22D8B989F889002334222A
:100A7000F4F78AFDB989F88900233322F4F784FD5D
:100A8000B989F88900233522F4F77EFDFB8901330B
:100A9000FB81BB890133BB81B7F90E00B7F90C109C
:100AA0007B883222F4F78BFF00F007FE04E001237D
:100AB000FB7201E00323FB72FB7A012B2ED1FB8931
:100AC000B3F5877F28D2BB89322B22D9B989F8891F
:100AD00000233422F4F758FDB989F8890023332222
:100AE000F4F752FDB989F88900233522F4F74CFD5B
:100AF000FB890133FB81BB89013BBB81B7F90E0048
:100B0000B7F90C107B883222F4F759FF00F0D5FDBD
:100B100004E00023FB7201E00223FB72FB7A022B4C
:100B20002DD1FB89322B28D9BB89322B22D9B98907
:100B3000F88900233422F4F727FDB989F8890023C6
:100B40003322F4F721FDB989F88900233522F4F71F
:100B50001BFDFB89013BFB81BB89013BBB81B7F9D5
:100B60000E00B7F90C107B883222F4F728FF00F052
:100B7000A4FD04E00323FB7201E00123FB72FB7A76
:100B8000032B2DD1FB89322B28D9BB89BD2B22D831
:100B9000B989F88900233422F4F7F6FCB989F88979
:100BA00000233322F4F7F0FCB989F88900233522B9
:100BB000F4F7EAFCFB89013BFB81BB890133BB8174
:100BC000B7F90E00B7F90C107B883222F4F7F7FE64
:100BD00000F073FD04E00223FB7201E00023FB72CE
:100BE0007B6801337B607B68B3F57A7FFFF42AAFC3
:100BF0004FF47A70F1F76AF91037BD4680BD80B5C1
:100C000082B000AF4FF478437B8000237B71642374
:100C1000FB8078233B80FFF7C7FEB7F90600B7F9E2
:100C200000107B886422F4F7CAFE2EE0FCF716FC65
:100C30000346002B02D000F038FD5EE0FB88DB2B82
:100C400021D83988F88800236622F4F79DFC39887A
:100C5000F88800236522F4F797FCFB880133FB80BA
:100C60007B883988F8886422F4F78EFC7B88398881
:100C7000F8886522F4F788FC7B883988F888662232
:100C8000F4F782FC01E001237B717B79002BCDD04E
:100C90002EE0FCF7E3FB0346002B02D000F005FD3D
:100CA0002BE0FB88662B21D93988F888002366223F
:100CB000F4F76AFC3988F88800236522F4F764FCAD
:100CC000FB88013BFB807B883988F8886422F4F735
:100CD0005BFC7B883988F8886522F4F755FC7B88B3
:100CE0003988F8886622F4F74FFC01E000237B7115
:100CF0007B79012BCDD000F0D8FC0837BD4680BDF4
:100D0000F0B583B000AFFFF74FFE0023FB8041E05A
:100D10002648F2F7A5F9024693082549A1FB0313DB
:100D20005B08DC2101FB03F3D31A9BB232339BB285
:100D30001CB21E48F2F794F9024693081D49A1FB24
:100D40000313DB088C2101FB03F3D31A9BB232336C
:100D50009BB21DB21548F2F783F90246164BA3FB6E
:100D600002131B09322101FB03F3D31A1EB2F4F75D
:100D700041FD0346324629462046F4F720FEFCF7A3
:100D80006DFB0346002B02D000F08FFC0BE0FB88CC
:100D90000133FB80FB8840F6C3129342B8D94FF46D
:100DA0007A70F1F793F80C37BD46F0BD4C01002086
:100DB00095204F093BA8833A1F85EB5190B587B02A
:100DC00002AFFFF7F1FD0023FB8156E0F4F712FDBF
:100DD0000346BB812E48F2F743F901462D4BA3FB96
:100DE00001231A0A13469B0013449B01CA1A134697
:100DF0007B812748F2F734F90146264BA3FB0123F8
:100E00001A0A13469B0013449B01CA1A13463B81DE
:100E10001F48F2F725F901461F4BA3FB0123DA090E
:100E200013461B019B1A1B01CA1A1346FB80184864
:100E3000F2F716F90146184BA3FB0123DA09134612
:100E40001B019B1A1B01CA1A1346BB803C89FA88F6
:100E50007989B889BB8800932346F4F779FD0A2085
:100E6000F1F734F8FCF7FAFA0346002B02D000F051
:100E70001CFC09E0FB890133FB81FB89632BA5D9AD
:100E80004FF47A70F1F722F81437BD4690BD00BFD9
:100E90004C010020CDCCCCCC8988888880B584B02A
:100EA00002AFFFF781FD00237B800023FB8004233A
:100EB000BB80EF233B801BE07988FA88B8883B88A9
:100EC000009303461F20F4F7A1FCFB8806339BB276
:100ED000FB80BB8808339BB2BB800A20F0F7F6FF8B
:100EE000FCF7BCFA0346002B02D000F0DEFB90E0DA
:100EF000B7F90630EE2BDFDD40F23F137B80EF23A6
:100F0000FB8040F23B13BB8000233B801BE07988D1
:100F1000FA88B8883B88009303461F20F4F776FCD4
:100F2000FB88063B9BB2FB80BB88083B9BB2BB8027
:100F30000A20F0F7CBFFFCF791FA0346002B02D012
:100F400000F0B3FB65E0B7F90630002BDFDC0023CF
:100F50007B80EF23FB800423BB8000233B801CE0CD
:100F60007988FA88B8883B88009303464FF4784024
:100F7000F4F74CFCFB88063B9BB2FB80BB88083334
:100F80009BB2BB800A20F0F7A1FFFCF767FA03468B
:100F9000002B02D000F089FB3BE0B7F90630002BB4
:100FA000DEDC40F23F137B800023FB8040F23B13EA
:100FB000BB80EF233B801CE07988FA88B8883B88A7
:100FC000009303464FF47840F4F720FCFB88063387
:100FD0009BB2FB80BB88083B9BB2BB800A20F0F72A
:100FE00075FFFCF73BFA0346002B02D000F05DFBD7
:100FF0000FE0B7F90630EE2BDEDDFCF72FFA0346E3
:10100000002B02D000F051FB03E04FF47A70F0F7B0
:101010005DFF0837BD4680BD90B587B002AF4FF485
:1010200078437B800023FB710023BB800023FB817E
:10103000FB8964337B810023BB81BB8964333B81A3
:10104000FFF7B2FC3C897A89B989F8897B880093DB
:101050002346F4F781FB0EE1FCF700FA0346002B70
:1010600002D000F022FB0BE1FB79002B3DD1FB8984
:10107000DB2B38D8BB898B2B32D87889BA89F98990
:10108000BB89009303460020F4F7C0FBF889BA89B6
:10109000F9893B89009303460020F4F7B7FBFB89ED
:1010A0000133FB817B8901337B81BB890133BB81A8
:1010B0003B8901333B817C893A89F98978883B896E
:1010C00000932346F4F7A2FB7C89BA897989788852
:1010D0003B8900932346F4F799FB00F0EEFA04E015
:1010E0000123FB7101E00323FB71FB79012B3DD14F
:1010F000FB89DB2B38D8BB89002B32D0F889BA8921
:10110000F9893B89009303460020F4F77FFB788937
:101110003A89F9893B89009303460020F4F776FB6E
:10112000FB890133FB817B8901337B81BB89013BD7
:10113000BB813B89013B3B817C89BA89798978886D
:101140003B8900932346F4F761FB7C89BA89F989CE
:101150007888BB8900932346F4F758FB00F0ADFA7A
:1011600004E00023FB7101E00223FB71FB79022BF9
:101170003DD1FB89002B38D0BB89002B32D0788938
:101180003A89F9893B89009303460020F4F73EFB36
:101190007889BA8979893B89009303460020F4F75E
:1011A00035FBFB89013BFB817B89013B7B81BB8953
:1011B000013BBB813B89013B3B817C89BA89F98931
:1011C0007888BB8900932346F4F720FBFC89BA8911
:1011D000F98978883B8900932346F4F717FB00F0E0
:1011E0006CFA04E00323FB7101E00123FB71FB793E
:1011F000032B3DD1FB89002B38D0BB898B2B32D8F8
:101200007889BA89F989BB89009303460020F4F7ED
:10121000FDFA7889BA8979893B89009303460020D1
:10122000F4F7F4FAFB89013BFB817B89013B7B816D
:10123000BB890133BB813B8901333B817C893A897E
:10124000F98978883B8900932346F4F7DFFAFC8913
:10125000BA89F98978883B8900932346F4F7D6FA4E
:1012600000F02BFA04E00223FB7101E00023FB7184
:10127000BB880133BB80BB88B3F57A7FFFF4ECAE4B
:101280001437BD4690BD000090B587B002AFFFF7A0
:101290008BFB0023FB8153E0F4F7ACFA0346BB81E0
:1012A0002C48F1F7DDFE01462B4BA3FB01231A0A64
:1012B00013469B0013449B01CA1A13467B812548A1
:1012C000F1F7CEFE0146244BA3FB01231A0A134675
:1012D0009B0013449B01CA1A13463B811D48F1F73A
:1012E000BFFE01461D4BA3FB0123DA0913461B0178
:1012F0009B1A1B01CA1A1346FB801648F1F7B0FE71
:101300000146164BA3FB0123DA0913461B019B1A66
:101310001B01CA1A1346BB80BC883A89F9887889B0
:10132000BB8900932346F4F717FAFCF797F80346B6
:10133000002B02D000F0B9F908E0FB890133FB81F2
:10134000FB89B3F5FA6FA7D300F0AFF91437BD46A8
:1013500090BD00BF4C010020CDCCCCCC89888888C2
:1013600090B587B002AF002000F054FA0023FB8153
:1013700016E0F4F73FFA03461846FA89FB89009312
:1013800040F23F130021F4F741FAFCF767F80346F7
:10139000002B02D000F089F95BE0FB890133FB816F
:1013A000FB89EF2BE5D900F080F90023FB8115E0E4
:1013B000F4F720FA03461846FB89F989EF220092D8
:1013C0000022F4F723FAFCF749F80346002B02D079
:1013D00000F06BF93DE0FB890133FB81FB89B3F53C
:1013E000A07FE5D300F061F90023BB8140F23F13F9
:1013F0003B8100237B81EF23FB800023FB8123E0E3
:10140000F4F7F8F90346BB803C897A89B989B88832
:10141000FB8800932346F4F79BFABB890133BB8119
:101420003B89013B3B817B8901337B81FB88013B0D
:10143000FB80FCF713F80346002B02D000F035F9CF
:1014400007E0FB890133FB81FB89772BD8D900F0BA
:101450002CF91437BD4690BDF0B583B000AFFFF74F
:10146000A3FA00237B6043E02648F1F7F9FD02462A
:10147000D3082549A1FB03135B084FF48C7101FBD2
:1014800003F3D31A9BB214339CB21E48F1F7E8FD64
:1014900002461E4BA3FB02139B09C82101FB03F369
:1014A000D31A9BB214339DB21648F1F7D9FD014609
:1014B000174BA3FB01231A0913469B0013449B00FF
:1014C000CA1AD6B2F4F796F90346324629462046A0
:1014D000F4F75AF80120F0F7F9FCFBF7BFFF0346D9
:1014E000002B02D000F0E1F809E07B6801337B605B
:1014F0007B6840F2DB529342B6D900F0D6F80C3745
:10150000BD46F0BD4C0100200FEAA00E1F85EB5137
:10151000CDCCCCCC2DE9F04184B002AFFFF744FA3A
:1015200000237B6050E0F4F765F9034698462B48AA
:10153000F1F796FD01462A4BA3FB01231A0A134635
:101540009B0013449B01CA1A94B22448F1F788FD0A
:101550000146244BA3FB0123DA0913461B019B1A06
:101560001B01CA1A95B21D48F1F77AFD01461C4BC2
:10157000A3FB01231A0A13469B0013449B01CA1ABA
:1015800096B21648F1F76CFD0146164BA3FB0123FA
:10159000DA0913461B019B1A1B01CA1A93B2009366
:1015A00033462A4621464046F4F730F90120F0F749
:1015B0008DFCFBF753FF0346002B02D000F075F8BB
:1015C00008E07B6801337B607B68B3F57A7FAAD340
:1015D00000F06BF80837BD46BDE8F0814C010020F3
:1015E000CDCCCCCC89888888B0B582B000AFFFF76D
:1015F000DBF900237B603EE02448F1F731FD014632
:10160000234BA3FB01231A0A13469B0013449B019F
:10161000CA1A94B21D48F1F723FD01461D4BA3FBE6
:101620000123DA0913461B019B1A1B01CA1A95B242
:101630001648F1F715FD0146174BA3FB0123DA0B02
:1016400013461B049B1ACA1A93B21A46294620460F
:1016500000F0A0F85F20FFF787F9FBF7FFFE0346D5
:10166000002B05D000F021F8002000F0D3F809E0AD
:101670007B6801337B607B6843F697229342BBD93A
:1016800000F013F80837BD46B0BD00BF4C01002084
:10169000CDCCCCCC898888880180008080B500AF13
:1016A000002000F069F900BF80BD80B500AF4FF4A5
:1016B000FA70F0F70BFC00BF80BD80B500AF0220D0
:1016C000F0F704FC00BF80BD80B582B000AF4FF0E2
:1016D000C04345221A800320FFF746F90B4B1B88B5
:1016E0009BB2FB71094B1B889BB2FB71074B1B889C
:1016F0009BB2BB71FB799BB21B029AB2BB799BB2C6
:1017000013449BB218460837BD4680BD00000860F0
:1017100090B482B000AF0446084611461A462346EC
:10172000FB800346BB800B467B8013463B804FF01B
:10173000C0432A221A80164AFB881B0A9BB21380D8
:10174000134AFB881380124A7B881B0A9BB21380C2
:101750000F4A7B8813804FF0C0432B221A800C4A1B
:10176000BB881B0A9BB21380094ABB881380084AB6
:101770003B881B0A9BB21380054A3B8813804FF0BD
:10178000C0432C221A8000BF0837BD4690BC70476A
:101790000000086080B483B000AF0346FB800B46B6
:1017A000BB8013467B804FF0C0432A221A80184A20
:1017B000FB881B0A9BB21380154AFB881380144ACE
:1017C000FB881B0A9BB21380114AFB8813804FF0E1
:1017D000C0432B221A800E4ABB881B0A9BB213807F
:1017E0000B4ABB8813800A4ABB881B0A9BB2138032
:1017F000074ABB8813804FF0C0432C221A80044A4A
:101800007B88138000BF0C37BD465DF8047B7047B2
:101810000000086080B584B000AF0346FB800D4B2C
:101820001A880C4B5B8800210020FFF771FF002312
:10183000FB6005E0084AFB881380FB680133FB600E
:10184000FB68B3F5963FF5D300BF00BF1037BD4628
:1018500080BD00BF1C0000200000086080B483B081
:1018600000AF0346FB804FF0C042FB88138000BFEF
:101870000C37BD465DF8047B7047000080B483B030
:1018800000AF0346FB80044AFB88138000BF0C377F
:10189000BD465DF8047B70470000086080B584B0E9
:1018A00000AF0023FB60002220212F48F0F7F8FD55
:1018B0001420F0F70BFB012220212B48F0F7F0FD5C
:1018C0001420F0F703FB4FF0C04301221A800A20D6
:1018D000F0F7FCFA2EE0254AFB6813441A784FF023
:1018E000C0431A80FB680133204AD35CFB71FB685C
:1018F0000233FB60FB790F2B04D9FB791846F0F714
:10190000E5FA17E0FB79002B14D00023BB6009E057
:10191000FA68BB681344154AD25C154B1A80BB6841
:101920000133BB60FB79BA689A42F1D3FB79FA685C
:101930001344FB600D4AFB6813441B78002BCAD18B
:10194000042000F019F80020FFF764FF082109487F
:10195000F2F730FE074B1B684FF6FF72DA6300BFE9
:101960001037BD4680BD00BF0008024014CF0208FA
:1019700000000860D401002080B584B000AF0346A9
:10198000FB71FB79072B01D90023FB71244AFB79FA
:101990001371FB79234AD25C214BDA714FF4A073A7
:1019A000BB81F023FB81FB79032B03D8BB89FB812F
:1019B000F023BB811A4AFB891380194ABB895380E3
:1019C0003620FFF74BFF164BDB791846FFF756FF23
:1019D000134B1A79144B1A70134B1B7803F0030343
:1019E000002B0CD0104B02221A70104B00221A70E0
:1019F0000F4B07221A700F4B04221A700BE00A4B90
:101A000000221A70094B02221A70094B04221A7024
:101A1000084B07221A7000BF1037BD4680BD00BFBB
:101A20001C00002088CF0208500400205104002030
:101A3000520400205304002080B582B000AF8B4BCD
:101A400000221A808A4B00221A800020FFF7E2FE53
:101A500000F020F9874B1B680133864A1360FBF7BF
:101A6000FDFC0346002B08D00020FFF7D3FEFFF754
:101A70001CFE804B40F605521A607E4B1B68B3F586
:101A8000966F38D97C4B1B88B3F5804F12D27B4BB5
:101A90001B78002B0ED0784B1B8840339AB2764BC4
:101AA0001A80754B1B88B3F5804F10D1734B002201
:101AB0001A700CE0704B1B88403B9AB26E4B1A8038
:101AC0006D4B1B883F2B02D86C4B01221A70694B5F
:101AD0001B6840F6B83293420DD90020FFF79AFEFA
:101AE000654B4FF480521A80644B01221A70614B8F
:101AF00000221A60B6E000F07BF900F0F3FB00F082
:101B0000C5FA00BFFFF7E0FD03461A4640F21D1379
:101B10009A42F7D100237B603BE0544A7B6832F85D
:101B200013307B80524A7B6832F813303B804FF091
:101B3000C0432A221A80524A3B881B0A9BB2138058
:101B40004F4A3B8813804E4A3B881B0A9BB2138046
:101B50004B4A3B8813804FF0C0432B221A80484ADF
:101B60007B881B0A9BB21380454A7B881380444ABA
:101B70007B881B0A9BB21380414A7B8813804FF0FD
:101B8000C0432C221A803E4B00221A807B6801330E
:101B90007B603C4B1B687A689A42BED300237B6013
:101BA0003CE0394A7B6832F813307B80374A7B68E7
:101BB00032F813303B804FF0C0432A221A80304A5B
:101BC0003B881B0A9BB213802D4A3B8813802C4A0A
:101BD0003B881B0A9BB21380294A3B8813804FF035
:101BE000C0432B221A80264A7B881B0A9BB2138093
:101BF000234A7B881380224A7B881B0A9BB213806E
:101C00001F4A7B8813804FF0C0432C221A801C4B44
:101C10004FF6FF721A807B6801337B601C4B1B6898
:101C20007A689A42BDD300237B6012E0164A7B6833
:101C300032F813100D4A7B6822F81310134A7B68A0
:101C400032F813100A4A7B6822F813107B680133BC
:101C50007B607B68B3F5007FE8D30D4B1B68094AB6
:101C60001360F7E60837BD4680BD00BFA010002016
:101C7000A0140020A01800202C0000202E0000201E
:101C80000000086028000020A0080020A00C002010
:101C90002400002080B483B000AF44237B70002375
:101CA000BB710723FB7141E07B78DBB2083BDBB201
:101CB0007B707B78DBB203F03F03DBB2FB70002369
:101CC000BB70BB78DAB2FB78DBB2D31ADBB27B71C4
:101CD000BB78DAB2FB78DBB21344DBB23B717B79C1
:101CE000DBB280333D4A52F823203B79DBB28033AC
:101CF0003A4951F82330D31A1B12FA79D2B259B2A9
:101D0000374B9954FB79DBB21946BB79DBB21A46E3
:101D1000334B5956334B9954BB79DBB20133DBB2A9
:101D2000BB71FB79DBB2013BDBB2FB71FB79DBB250
:101D3000FF2BB9D144237B700023BB710723FB71B8
:101D400041E07B78DBB2083BDBB27B707B78DBB2B7
:101D500003F03F03DBB2FB700023BB70BB78DAB249
:101D6000FB78DBB2D31ADBB27B71BB78DAB2FB78DB
:101D7000DBB21344DBB23B717B79DBB28033174AB1
:101D800052F823203B79DBB28033144951F82330D9
:101D9000D31A1B12FA79D2B259B2134B9954FB7968
:101DA000DBB21946BB79DBB21A460F4B59560F4BC3
:101DB0009954BB79DBB20133DBB2BB71FB79DBB287
:101DC000013BDBB2FB71FB79DBB2FF2BB9D100BF6A
:101DD00000BF0C37BD465DF8047B704790CF02080A
:101DE00060040020680400207004002078040020B3
:101DF00080B485B000AF934B1A88934B1B88134473
:101E00009AB2904B1A80914B1A88914B1B881344BD
:101E10009AB28E4B1A808F4B1A888F4B1B881344B3
:101E20009AB28C4B1A80874B1B881B0A9BB2DAB282
:101E30008A4B1A70854B1B881B0A9BB2DAB2884BFF
:101E40001A70844B1B881B0A9BB2DAB2854B1A703E
:101E5000834B1A78834B1B78D31AFB73804B1A7809
:101E6000804B1B781344BB737C4B1A787D4B1B78DB
:101E700013447B73794B1A787A4B1B78D31A3B73D4
:101E8000764B1A78764B1B781344DAB2754B1B7875
:101E90001344FB72714B1A78714B1B78D31ADAB268
:101EA000704B1B781344BB726C4B1A786C4B1B78CD
:101EB0001344DAB26B4B1B78D31A7B72684B1A78D7
:101EC000684B1B781344DAB2644B1B78D31A3B720D
:101ED000634B1A78614B1B78D31AFB71604B1A78ED
:101EE0005E4B1B781344BB71FB7B40335E4A52F858
:101EF0002320BB7B40335C4951F8233013441B1231
:101F00005AB25A4B1A70FB7B574A52F82320BB7BBC
:101F1000554951F82330D31A1B125AB2544B1A7038
:101F20004F4B1B788033504A52F823305B001B1212
:101F30005AB2504B1A707B7B4B4A52F823203B7BA2
:101F4000494951F82330D21ABB7A4033464951F8F7
:101F50002310FB7A4033444850F82330C91A3B7AA7
:101F60004033414850F8233019447B7A40333E488F
:101F700050F82330CB1AD90F0B445B1013441B12BB
:101F80005AB23D4B1A707B7B4033374A52F82320BC
:101F90003B7B4033344951F823301A44FB7A3249B1
:101FA00051F82310BB7A304850F82330C91A7B7A95
:101FB0002D4850F82330C91A3B7A2B4850F823306B
:101FC000CB1AD90F0B445B1013441B125AB22B4B84
:101FD0001A70FB798033244A52F82320BB7980336E
:101FE000214951F82330D31A1B125AB2244B1A70CC
:101FF000244B1B785BB2002B1DDB224B1B78184651
:102000001C4B93F9003019461F4A030213440B443A
:102010001B785AB2174B1A701A4B1B781846184B7C
:1020200093F900301946184A030213440B441B78F5
:102030005AB2134B1A7000BF1437BD465DF8047BCB
:10204000704700BFA418002030000020A618002010
:1020500032000020A818002034000020AA18002018
:10206000AB180020AC18002090CF020858040020C4
:10207000590400205A0400205B0400205C04002066
:102080005D0400202F00002090D7020880B489B0A2
:1020900000AF0023BB8300237B8398E07B8B824AC5
:1020A000D356FB80FB88814A92F900201146804A72
:1020B0001B0213440B441B787B71FB887D4A92F909
:1020C000002011467A4A1B0213440B441B783B71D3
:1020D0007B8B794AD3567B800023FB8371E07B881E
:1020E000FA8B76498A561146714A1B0213440B44F7
:1020F0001A787B791344DAB2BB8B51B2704AD1544F
:10210000BB8B6F4AD256BB8B0133D24351B26C4A60
:10211000D1547B88FA8B6B498A561146644A1B025C
:1021200013440B441A783B791344DAB2BB8B51B297
:10213000654AD154BB8B644AD256BB8B0133D24320
:1021400051B2614AD1547B88FA8B5C498A56114658
:10215000574A1B0213440B441A787B79D31ADAB21C
:10216000BB8B023351B2564AD154BB8B0233544A13
:10217000D256BB8B0333D24351B2514AD1547B88E0
:10218000FA8B50498A561146494A1B0213440B44A4
:102190001A783B79D31ADAB2BB8B023351B24A4A6E
:1021A000D154BB8B0233484AD256BB8B0333D24344
:1021B00051B2454AD154BB8B0433BB83FB8B0133F3
:1021C000FB83FB8B0F2B8AD97B8B01337B837B8B30
:1021D000072B7FF663AF3D4B00221A600023FB8381
:1021E00057E0FB8B364AD3569BB21B019BB23B8315
:1021F000FB8B354AD3569BB21B019BB2FB82B7F9CE
:102200001830334A128802FB03F33B613B691B140D
:102210003B83B7F916302E4A128802FB03F33B6169
:102220003B691B14FB823B8B03F500639BB23B8332
:10223000FB8A03F500639BB2FB82B7F91830254A8D
:10224000D25CB7F916302449CB5C1343DBB2032BC5
:102250001CD1B7F91630A3F5F163FB60B7F918305C
:10226000A3F5EC63BB60194B1B68BA6891B21B4ABB
:1022700022F81310154B1B68FA6891B2184A22F81D
:102280001310124B1B680133104A1360FB8B013390
:10229000FB83FB8BB3F5007FA3D300BF00BF2437C4
:1022A000BD465DF8047B7047780400205A04002086
:1022B00090D702085D0400207004002080040020F4
:1022C000A004002090040020A0060020240000208C
:1022D0002C0000209057030890670308A0080020F6
:1022E000A00C002080B483B000AF0023BB7100239A
:1022F000FB715BE0FB79324AD3567B71FB79314A43
:10230000D3563B717B79304A92F9002011462F4A0F
:102310001B0213440B441B78FB707B792C4A92F907
:1023200000201146294A1B0213440B441B78BB7042
:102330003B79284A92F900201146244A1B02134493
:102340000B441B787B703B79234A92F9002011469D
:102350001E4A1B0213440B441B783B703A78BB782F
:102360001344DAB2BB7951B21C4AD1547A78FB7863
:102370001344DAB2BB7951B2194AD1543A78BB78D6
:10238000D31ADAB2BB79013351B2144AD1547A78F4
:10239000FB78D31ADAB2BB79013351B2104AD15467
:1023A000BB790233BB71FB790133FB71FB79072BDE
:1023B000A0D900BF00BF0C37BD465DF8047B704755
:1023C00060040020680400205C04002090D702080C
:1023D000590400205B0400205804002080040020E1
:1023E0009004002080B582B002AF0020FFF712FAFF
:1023F000FAF78CFF4FF480630093EF232822C82163
:102400000020F3F7A9F94FF478430093EF2350220B
:10241000C8212820F3F7A0F91F230093EF23782287
:10242000C8215020F3F798F94FF6E0730093EF239B
:10243000A022C8217820F3F78FF94FF6FF7300939D
:10244000CA2340F23F12C821A020F3F785F94FF6C6
:10245000FF730093EF23F122C821EF20F3F77CF9FB
:1024600000BFBD4680BD000080B584B000AF002332
:10247000FB73EFF71FFDB860BB6803F5FA73BB6031
:10248000634B1B79BB7300237B73BB7B022B01D097
:102490000023BB73BB7B1846FFF76EFA0020FFF7E3
:1024A000B9F95B4B1B885B0898B2594B5B885B089A
:1024B0009BB24FF6FF721946FDF70CFC24E0EFF7D4
:1024C000F9FC0246BB68934201D10123FB73FEF77E
:1024D00013F80346002B17D00020FFF79BF91420B8
:1024E000EFF7F4FC00BFFEF707F80346002BFAD124
:1024F0001E20EFF7EBFC0220FDF74EFCBB7B1846DD
:10250000FFF73AFA0123FB73FB7B002BD7D0FFF7D1
:1025100069FFEFF7CFFCB86000237B731AE0EFF799
:10252000C9FC78607A68BB68D31AB3F5FA6F0AD928
:102530000020FFF76FF90A20EFF7C8FC354B4FF684
:10254000FF721A8060E0FDF7D7FF0346002B01D031
:1025500001237B737B7B002BE1D000F05FF82E4BD7
:102560005B88C82B42D92C4B1B88F12B10D900BF9C
:10257000FDF7C2FF0346002BFAD10020FFF74AF90E
:102580000A20EFF7A3FC234B4FF6FF721A803BE0C3
:10259000214B1B88A02B0AD9FFF724FF00BFFDF7B2
:1025A000ABFF0346002BFAD10A20EFF78FFC1A4B42
:1025B0001B889F2B03D8174B4FF6E0721A80164BDF
:1025C0001B88772B02D8134B1F221A80124B1B88B3
:1025D0004F2B03D80F4B4FF478421A800E4B1B88B9
:1025E000272B03D80B4B4FF480621A800A4B5B8871
:1025F000C72B8ED8084B1B88074A5188054A12887A
:102600001846FDF79BFB84E71037BD4680BD00BF31
:102610001C0000206C000020B018002080B582B0A3
:1026200000AF00BFFDF768FF034683F00103DBB294
:10263000002BF7D100BF3B469A1C3B46114618467B
:10264000FDF76AFF034683F00103DBB2002BF2D1F2
:102650003B46154A19461548FEF741F9144B1B78BD
:10266000002B0ED1114B1B88C3F59F7301339AB217
:102670000E4B1A800D4B5B88C3F1EF039AB20B4BE4
:102680005A800A4B1B887B6079680A48EDF7BBFDCE
:10269000064B5B887B6079680748EDF7B4FD00BFA7
:1026A0000837BD4680BD00BF50000020B018002094
:1026B00050040020FC0200200C0300201FB514462B
:1026C0001A46094B1B680546D8684CB1074B009168
:1026D000CDE9013406492B4600F070F901F0E9F824
:1026E000044B1C46F3E700BF8400002090770308EA
:1026F0009D770308CB770308024B0146186800F06A
:102700002DB800BF84000020024B0146186801F07C
:10271000DFB800BF8400002070B50F4E0C46316852
:10272000054611B901F05EF830602146284601F0F7
:1027300059F8431C03D14FF0FF34204670BDC41C30
:1027400024F00304A042F8D0211A284601F04AF8E8
:102750000130F2D1EFE700BFB41800202DE9F843B3
:10276000CD1C25F0030508350C2D38BF0C25002D98
:10277000064601DBA94204D90C2333600020BDE8E2
:10278000F883DFF8D48000F069F8D8F800301C46F0
:1027900044BB29463046FFF7BFFF431C044658D1CF
:1027A000D8F800402746002F43D1002C4BD0236897
:1027B0003946304604EB030901F014F8814542D153
:1027C00021686D1A29463046FFF7A6FF01303AD03E
:1027D00023682B442360D8F800305A6862BBC8F8DD
:1027E00000700FE02268521B20D40B2A17D9611900
:1027F000A342256018BF5960636808BFC8F800107D
:1028000062514B60304600F02FF804F10B00231D9D
:1028100020F00700C21A1CBF1B1AA350AFE7626862
:10282000A3420CBFC8F800205A60EBE72346646857
:10283000AEE73C467F68B6E71A465B68A342FBD129
:1028400000235360DEE70C233360304600F00CF8C1
:1028500094E70560D6E700BFB8180020014801F0F2
:102860000FB800BF221A0020014801F00BB800BFCA
:10287000221A0020002310B50446C0E90033C0E945
:102880000433836081814366C281836119460822D3
:102890005C3000F02AF90D4B63620D4BA3620D4BC7
:1028A000E3620D4B23630D4B24629C4206D003F17F
:1028B0006802944202D0D0339C4205D104F1580002
:1028C000BDE8104000F0DABF10BD00BF612A01086A
:1028D000872A0108BF2A0108E32A0108BC18002042
:1028E000024A0349034800F07BB800BF7000002093
:1028F000354401088800002041680C4B994210B50E
:10290000044601D001F096FDA168094B994202D01E
:10291000204601F08FFDE168064B994204D0204625
:10292000BDE8104001F086BD10BD00BFBC180020FE
:10293000241900208C19002010B50B4B0B4C0C4AAD
:102940001A60204600220421FFF794FF04F168007A
:1029500001220921FFF78EFF04F1D0000222BDE819
:1029600010401221FFF786BFF4190020BC18002088
:10297000E1280108014800F083BF00BF231A0020AE
:10298000014800F07FBF00BF231A002010B50446A5
:10299000FFF7F0FF236A1BB1BDE81040FFF7F0BF5F
:1029A000044B2362044B1B68002BF5D1FFF7C4FFD7
:1029B000F2E700BFF9280108F41900200EB403B5AE
:1029C000014603AB054853F8042B0068019301F05E
:1029D00009FA02B05DF804EB03B0704784000020F0
:1029E0002DE9F8430746884614460026D4E90195A8
:1029F000B9F1010905D52468002CF7D13046BDE8AE
:102A0000F883AB89012B07D9B5F90E30013303D018
:102A100029463846C04706436835E9E70EB410B585
:102A20009DB01FAB029006906FF000410A480791DD
:102A300004910A4953F8042B0591002402A9006867
:102A400001931B9401F0A8F8029B1C701DB0BDE817
:102A5000104003B0704700BF840000200802FFFF51
:102A600010B50C46B1F90E1000F0AAFE0028ABBF5D
:102A7000636DA3891B1823F48053ACBF6365A381E6
:102A800010BD002070472DE9F0411F468B89DB0502
:102A900005460C46164605D5B1F90E100223002254
:102AA00000F07CFEA389B4F90E1023F48053A381B7
:102AB00032463B462846BDE8F04100F0A3BE10B5C3
:102AC0000C46B1F90E1000F069FE431CA38915BF36
:102AD000606523F4805343F48053A38118BFA3811E
:102AE00010BDB1F90E1000F049BE024403469342F6
:102AF00000D1704703F8011BF9E7801A08B561EBB4
:102B00000301EDF79BFD41EC100B08BD38B50B4BF5
:102B10001D686B6B044653B92420FFF7EDFD024698
:102B2000686320B9064B07483D21FFF7C7FD696B75
:102B30002046BDE8384000F007B800BF8400002000
:102B4000CC770308E37703082DE9F0414D4A0C46A2
:102B50000023D0E90001EEF7C7F8002ABCBF02F558
:102B6000A83202F5C0724FF4616100F52F20B2FB6C
:102B7000F1F301FB13224FF03C01ACBF00F66C20D7
:102B800000F66B20A360B2FBF1F301FB132263603C
:102B90002260C31C072293FBF2F2C2EBC2029B1A13
:102BA000394955D50733A361A0F50E33A3F52C732E
:102BB00093FBF1F1354B03FB010048F6AC63B0FB2E
:102BC000F3F3034440F2B45CB0FBFCF29B1A40F216
:102BD0006D172F4AB0FBF2F264269B1AB3FBF7F293
:102BE000B3FBFCF3B2FBF6F5EB1A034407FB12331D
:102BF000992003EB8307023703F1010EB7FBF0FCCA
:102C000000FB0CF002304FF00508B0FBF8F0AEEB23
:102C1000000040F2F95E77458CBF6FF0090702278C
:102C200067444FF4C87C0CFB0121012F98BF013190
:102C3000B3F5997F12D3A3F59973E361A1F26C7197
:102C40000023E060C4E9047123622046BDE8F081FE
:102C50000028A361A8DB90FBF1F1ABE712F0030FB2
:102C600002D106FB15255DB94FF4C875B2FBF5F628
:102C700005FB1622B2FA82F252093B331344DCE719
:102C80000122FAE780510100B13A02004FC5FDFF71
:102C9000B03A0200F7B501683B29044611D93C223D
:102CA000684600F00DFE019A63680099002A0B4403
:102CB0006360BBBF3C3203F1FF3322602260B8BFC8
:102CC000636061683B2911D93C22684600F0F8FD39
:102CD000019AA3680099002A0B44A360BBBF3C3251
:102CE00003F1FF3362606260B8BFA360A168172977
:102CF00011D91822684600F0E3FD019AE3680099B3
:102D0000002A0B44E360BBBF183203F1FF33A2601B
:102D1000A260B8BFE36021690B2911D90C22684673
:102D200000F0CEFD019A63690099002A0B446361AB
:102D3000BBBF0C3203F1FF3322612261B8BF636174
:102D400063699A071CD1642193FBF1F201FB1232F3
:102D5000C2B903F26C734FF4C87293FBF2F102FB39
:102D60001133002B0CBF1D231C23E268002A0BDC4F
:102D7000314D0B206421E668002E30DD03B0F0BD3C
:102D80001C23F2E71D23F0E72B4DD4E90312012A9F
:102D900014BF55F8220018468142EFDD0132091AAE
:102DA0000C2AE1602261F0D1636900215A1C216183
:102DB000910762613CD1642192FBF1F001FB10228A
:102DC000002A37D103F26D734FF4C87293FBF2F10E
:102DD00002FB1133002B0CBF1D231C23D5E72269F6
:102DE000013A2261013216D163695A1E9707C4E97C
:102DF000040219D192FBF1F701FB1722B2B903F2D9
:102E00006B734FF4C87293FBF2F702FB1733002B7E
:102E10000CBF1D231C232269012A14BF55F8222050
:102E20001A463244E260A6E71C23F4E71D23F2E7CA
:102E30001C23AAE71D23A8E7087903082DE9F04F12
:102E400085B0074601F03AFC81463846FFF722FF7D
:102E5000D7E900433C2202FB0344BB687D694FF481
:102E6000616202FB0344D7E90363C34A52F823209B
:102E7000013E012B164411DDA9070FD1642295FBF9
:102E8000F2F302FB135343B905F26C734FF4C872AB
:102E900093FBF2F102FB113303B9013605F51C5324
:102EA000103344F620629342FE6100F27081462D99
:102EB00040F3B680462340F26D1C64214FF4C87085
:102EC0009A0740F0A78093FBF1F201FB1232002A2F
:102ED00040F0A38003F26C7292FBF0FE00FB1E2216
:102EE000002A0CBF4FF4B772624601339D4216446C
:102EF000E6D1A24B4FEAE478C6FB034800F00AFA99
:102F000000F014FA9E4B1B68002B00F04781D7F8A5
:102F100020A078695346012BA8BF01230193D9F85B
:102F2000043000F26C70834240F0BD80D9E9082182
:102F3000D9F85000D9F84CC0131A0393D9F8483087
:102F40000293029AD9F8283061EBE07BB2EB030ED2
:102F50006CEBE371744578EB010280F2C780D9F81D
:102F60000020002A00F0D080039A944278EB0B02F4
:102F7000C0F21181744578EB0101B4BF4FF0010B31
:102F80004FF0000BBAF1000FC0F29480019A82EA70
:102F90000B0ABAF1010F40F08D80BBF1000F00F079
:102FA000C2801B1A3A681A441C193A603846FA68FB
:102FB000019248EBE378FFF76DFEFB68019A9B1ADC
:102FC00078D0012B00F3B180B3F1FF3FA8BF9A4640
:102FD000FB691AEB0303564440F1B0806B1E99075E
:102FE00040F0A680642293FBF2F102FB1133002B28
:102FF00040F0A1804FF4C87305F26B7595FBF3F2B6
:1030000003FB1255002D40F26D1318BF4FF4B67339
:10301000FB614FE040F26D1267E74FF4B77264E76F
:103020003FF467AF452340F26D1C64214FF4C87034
:1030300012E062BB93FBF1F201FB123252BB03F2CE
:103040006C7292FBF0FE00FB1E22002A0CBF4FF4B4
:10305000B7726246B61A013B9D4203F00302E8DBF9
:10306000DAB9642295FBF2F302FB1353C3B905F2FC
:103070006C734FF4C87293FBF2F102FB1133002B17
:1030800040F26D1308BF4FF4B773F61A31E740F200
:103090006D12DFE74FF4B772DCE740F26D13F4E72F
:1030A0004FF4B773F1E700F081F800287FF43EAFEA
:1030B000DDF804B0BBF1010F72D1D9F850301C1902
:1030C00048EBE3784FF0010B00F02AF904360723B0
:1030D00096FBF3F3C3EBC303F61A56D4C7F820B03C
:1030E000BE612046414605B0BDE8F08F029A121A33
:1030F00002924FEAE0726CEB020C029A944278EB77
:103100000C0CBFF62CAFD3E7039A944278EB0B027A
:10311000FFF630AFBAF1000FCFDB4FF0010B35E710
:103120004FF0000B32E7C31A3CE74FF0FF3A4FE78E
:103130004FF4B6736CE740F26D1369E7AA0717D135
:10314000642195FBF1F201FB1252DAB94FF4C87217
:1031500005F26C7595FBF2F102FB1155002D40F262
:103160006D1208BF4FF4B7729342A8BF9B1A4FE786
:1031700040F26D12F8E700BFD878030880510100D3
:10318000181A00204FF4B772EEE70736A6E74FF0A3
:10319000FF34A046A5E7BAF1000FC1DA4FF0000BEB
:1031A000D9F828301C1948EBE3788DE72DE9F8436E
:1031B000044601F083FA40F2B1739C4240F3A380CD
:1031C0006FF4F6616518A4F2B27340F26D12AD109F
:1031D00002FB03556FF4C8666FF06302A4F26D73CF
:1031E00093FBF2F31D44A319484E44604FF4C87298
:1031F0000146B3FBF2F300F150071D440B7AD1F8FE
:1032000014C04A2B38D1A20705EB0C0306D14FF0AE
:10321000640E94FBFEF20EFB124232B94FF4C87EEC
:1032200094FBFEF20EFB12421ABBBCF13B0FD4BF63
:103230004FF0000C4FF0010C6344013B8A694FEAE8
:10324000E27CC3FB062C8B6AD2184CEBE373C1E91A
:10325000082328318F42D1D1D0E90843D0E9121296
:103260008C429341B4BF0123002303600120BDE8D9
:10327000F8834FF0000CDFE7442B02D105EB0C0381
:10328000DCE7A30705D1642294FBF2F302FB1343AE
:1032900093BB4FF4C87294FBF2F302FB1343B3FAEF
:1032A00083F35B09DFF868E0D1F80C905B4203F030
:1032B00030032A464FF00008734408F10108C14565
:1032C00053F828E01ADC02F10408072398FBF3F313
:1032D000C3EBC303A8EB0303BCEB030C0B6903F1C3
:1032E000FF3348BF0CF1070CC3EBC3039C44F44508
:1032F00006DA02EB0C03A1E70123D3E77244DCE713
:10330000ACF1070CF3E70020B1E700BF80510100EA
:10331000387A0308014800F0B2BA00BF201A002032
:10332000014800F0AEBA00BF201A0020014B186817
:1033300000F002B8840000202DE9F04F8DB0074660
:1033400001F0BCF9BC49BD4D0446384600F046FBCF
:10335000064610BBBA4BBB4A1860BB4BA062186054
:10336000BA4B2065C3E900224A2100220023C4E9A8
:103370000300C4E90500C4E90D00C4E90F00C4E975
:103380000823C4E912232868217284F83010FFF75B
:10339000BBF92E600DB0BDE8F08F2968002940F020
:1033A0008E802868FFF7B0F93046ECF75BFF411CD0
:1033B0003846FFF7D3F92860002840F08680A24AFB
:1033C000DFF88882DFF878A200231360A04ACAF8E9
:1033D000003000200021C8E90022C4E90333C4E919
:1033E0000533C4E90801C4E90D33C4E90F33C4E966
:1033F00012014A222272A36284F8302023653378B6
:103400003A2B08BF013633783C2B62D1751C914AA8
:1034100091490AAB284601F035F80028BADD0A9B2D
:10342000DA1E072AB6D8EB5C3E2BB3D102360A9BD4
:10343000F518F35C2D2B5AD101354FF0FF390023DD
:10344000ADF81E30ADF8203008AF0AABCDE901373A
:1034500003930DF11E03009380490AAB07AA284687
:1034600001F010F8002895DDBDF81E30BDF8206091
:103470003C2202FB0366BDF81C304FF4616202FB84
:1034800003660A9B09FB06F605EB0309EB5C3C2B84
:1034900040F0EE8009F10105714A6F490AAB2846F8
:1034A00000F0F0FF002828DC99F801303E2B24D1F1
:1034B000684BA662C8E90033CAF800606AE7ECF717
:1034C000C7FE00287FF46DAF64E7314600F0DBF9FA
:1034D00075E7604A63490AAB304600F0D3FF002825
:1034E0007FF758AF0A9B033B072BA0D952E72B2B42
:1034F00008BF01354FF00109A1E70A9BDA1E072A30
:103500003FF648AFEB5C3E2B7FF444AF09F1020974
:103510000A9B09EB030519F803302D2B40F0B78007
:1035200001354FF0FF390023ADF81C30ADF81E30E7
:10353000ADF820300A930AABCDE9027301930DF187
:103540001E03009345490AAB07AA284600F09AFFDC
:10355000002800F3A280A6F5616304930A9B274626
:103560001D444FF0000B2B782C2B08BF013595F82C
:103570000090B9F14D0F40F0A3800AAB0DF1260287
:10358000CDE9013209AA0092374903930DF12202D5
:10359000284600F077FF03287FF4FCAEBDF8221028
:1035A0004B1E0B2B3FF6F6AEBDF82420531E042B0A
:1035B0003FF6F0AEBDF82630062B3FF6EBAEC7E97E
:1035C000031287F808907B610A9B05EB030900252D
:1035D0004FF00203ADF81C30ADF81E50ADF820508E
:1035E0000A9599F800302F2B40F096800AAB08AA74
:1035F000CDE901320DF11E0200921C49039307AA86
:10360000484600F03FFFA84200F386804A2100228E
:103610000023C4E90355C4E90555C4E90823C4E9F6
:103620000D55C4E90F55C4E912232172A56284F82F
:1036300030102565AEE600BF3B780308F81900207E
:10364000141A00203E780308181A00207C0000207D
:10365000CB770308081A002042780308777803081C
:10366000FC1900205578030863780308767803086E
:103670003E4A3F490AAB484600F004FF00287FF766
:1036800017AF0A9B033B072B7FF642AF82E62B2B3B
:1036900008BF01354FF0010945E7BDF81E20BDF810
:1036A00020303C2101FB0233BDF81C204FF4616146
:1036B00001FB023309FB03F34FE74FF0010B52E725
:1036C000B9F14A0F06BF01354B4644230A220BA924
:1036D0002846059300F0FAF9DDF82C90059BADF82B
:1036E0002600A94514D14D23BBF1000F07D1237249
:1036F00003210223C4E90313C4F814B067E784F874
:1037000030300B220123C4E90D230023E3635EE77D
:1037100080B23B7278615AE7BDF81E20BDF82030B8
:103720003C2101FB0233BDF81C204FF4616101FB19
:103730000233BB610A9D28374D44BBF1000FBCD05A
:10374000049B23650B4BC8F800306068074BA662EA
:10375000C8F80430FFF72AFDA26A236DCAF80020DA
:103760009B1A054A18BF0123136013E6FC190020B9
:1037700055780308081A0020181A002038B5064D9D
:103780000023044608462B60EEF788FA431C02D15A
:103790002B6803B1236038BD1C1A002038B5074DD3
:1037A00004460846114600222A601A46EEF79DFAA2
:1037B000431C02D12B6803B1236038BD1C1A0020C2
:1037C00038B5074D04460846114600222A601A46BD
:1037D000EEF72BFA431C02D12B6803B1236038BDEE
:1037E0001C1A002038B5064D0023044608462B60FD
:1037F000EEF788FA431C02D12B6803B1236038BD71
:103800001C1A002038B5074D044608461146002210
:103810002A601A46EEF726FA431C02D12B6803B140
:10382000236038BD1C1A0020014B1868704700BF88
:103830008400002070B50D4D0D4C641BA4100026B3
:10384000A64209D10B4D0C4C01F01EFE641BA410C6
:103850000026A64205D170BD55F8043B98470136B5
:10386000EEE755F8043B98470136F2E7B87A0308CB
:10387000B87A0308B87A0308BC7A0308704770471F
:10388000704770477047034611F8012B03F8012B6E
:10389000002AF9D170470A44914200F1FF3300D168
:1038A000704710B511F8014B03F8014F9142F9D15F
:1038B00010BD08B5062000F0F9FE0120EEF7AAF9C8
:1038C00010B591FBF2F402FB14110460416010BDCD
:1038D00038B50546002941D051F8043C0C1F002B97
:1038E000B8BFE418FEF7BAFF1D4A136833B9636026
:1038F00014602846BDE83840FEF7B6BFA34208D999
:10390000206821188B4201BF19685B680918216083
:10391000EDE71A465B680BB1A342FAD9116850185B
:10392000A0420BD120680144501883421160E0D1BD
:1039300018685B68536008441060DAE702D90C230A
:103940002B60D6E7206821188B4204BF19685B689A
:10395000636004BF091821605460CAE738BD00BF26
:10396000B81800202DE9F84FDFF86CA0064689460C
:10397000174600F0BBFEDAF8004034B14B469846DB
:1039800013F8012B3AB13D2AF9D1304600F0B4FECC
:103990000020BDE8F88FA8EB0908A34654F8040BF3
:1039A0000028F2D04246494600F046FE0028F4D1F5
:1039B00054F8043C03EB080513F808303D2BECD118
:1039C000DAF80030ABEB03039B1030463B6000F0AD
:1039D00093FE681CDDE700BF0000002007B501AAC8
:1039E000FFF7C0FF03B05DF804FB00002DE9F043D2
:1039F000344E86460D46284615F8014B375D17F0C4
:103A00000807F8D12D2C10D12C780127851C33F014
:103A1000100015D1302C0DD1287800F0DF00582887
:103A200008D16C78023510230AE02B2C04BF2C78C7
:103A3000851CECE7002BF6D1302C14BF0A23082399
:103A40004FF0FF380026B8FBF3F803FB08F96FEAE4
:103A500009093046A4F1300CBCF1090F10D86446B6
:103A6000A3421EDDB6F1FF3F07D0804516D301D13A
:103A7000A14513DB00FB0340012615F8014BE9E7E4
:103A8000A4F1410CBCF1190F01D8373CE8E7A4F1CF
:103A9000610CBCF1190F04D8573CE1E74FF0FF3639
:103AA000EBE7731C06D12223CEF80030304632B942
:103AB000BDE8F08307B14042002AF9D006B1691E83
:103AC0001160F5E739790308FFF790BF13460A46FE
:103AD000014602480068FFF789BF00BF840000204C
:103AE0002DE9F0478E681F46BE420B6882460C46A1
:103AF00090462DD8B1F90C2012F4906F26D065694C
:103B0000096905EB4505A3EB010905EBD5757B1CA0
:103B10004B446D109D4238BF1D46530527D529469D
:103B2000FEF71CFE064660B321694A46FFF7B3FE66
:103B3000A38923F4906343F08003A3812661656128
:103B40004E44A5EB09052660A5603E46BE4200D95D
:103B50003E4620683246414600F054FDA3689B1B58
:103B6000A3602368334423600020BDE8F0872A4621
:103B700000F0C8FD06460028E0D121695046FFF755
:103B8000A7FE0C23CAF80030A38943F04003A381A9
:103B90004FF0FF30E9E700002DE9F04F98468B89A0
:103BA0001B069DB007460D46144610D50B6973B928
:103BB0004021FEF7D3FD2860286130B90C233B601B
:103BC0004FF0FF301DB0BDE8F08F40236B61002344
:103BD000099320238DF82930CDF80C803023DFF8AD
:103BE0009C818DF82A304FF0010923469A4613F83C
:103BF000012B0AB1252AF9D1BAEB040B0BD05B4695
:103C0000224629463846FFF76BFF013000F0A780B7
:103C1000099A5A4409929AF80030002B00F09F80CC
:103C200000234FF0FF32CDE905230AF1010A049386
:103C300007938DF853301A935446052214F8011B4C
:103C40004E48ECF71DFB049AD8B9D00644BF202398
:103C50008DF85330110744BF2B238DF853309AF859
:103C600000302A2B15D0079A544600204FF00A0C3A
:103C7000214611F8013B303B092B4BD9B0B10792DB
:103C800014E0A0EB080309FA03F313430493A246DC
:103C9000D2E7039B191D1B680391002BBBBF5B423E
:103CA00042F0020207930793B8BF049223782E2BA9
:103CB0000AD163782A2B32D1039B1A1D1B68039209
:103CC00043EAE37302340593DFF8C0A021780322AE
:103CD0005046ECF7D5FA38B1049BA0EB0A0040221D
:103CE000824013430134049314F8011B24488DF8D7
:103CF00028100622ECF7C4FA002836D0214B1BBB53
:103D0000039B073323F0070308330393099B3344D2
:103D100009936AE70CFB02320C460120A8E7002356
:103D20000134059319464FF00A0C204610F8012B78
:103D3000303A092A03D9002BC6D00591C4E70CFB01
:103D4000012104460123F0E703AB00932A460E4B02
:103D500004A93846AFF30080421C0646D6D1AB8991
:103D60005B063FF52DAF09982CE703AB00932A467D
:103D7000054B04A9384600F0BBF9EDE78978030844
:103D80009378030800000000E13A01088F780308E7
:103D90009368013B002B10B4936008DA9469A34246
:103DA00001DB0A2903D15DF8044B00F097BB1368CF
:103DB000581C1060197008465DF8044B7047F8B540
:103DC00006460F461446D518AC4201D1002007E044
:103DD00014F8011B3A463046FFF7DAFF431CF3D1D3
:103DE000F8BD00002DE9F04F0D469DB014469846F1
:103DF000064618B1036A0BB9FEF7C8FD6B6ED9070A
:103E000005D4AB899A0502D4A86DFFF739FDAB89BB
:103E10001B0701D52B699BB92946304600F09CFB56
:103E200070B16B6EDC0704D54FF0FF301DB0BDE8FC
:103E3000F08FAB899805F7D4A86DFFF723FDF3E762
:103E40000023099320238DF82930CDF80C803023EE
:103E5000DFF8AC818DF82A304FF0010923469A46ED
:103E600013F8012B0AB1252AF9D1BAEB040B0BD0B8
:103E70005B46224629463046FFF7A1FF013000F09D
:103E8000A780099A5A4409929AF80030002B00F052
:103E90009F8000234FF0FF32CDE905230AF1010A8C
:103EA000049307938DF853301A935446052214F85F
:103EB000011B5348ECF7E4F9049AD8B9D10644BF82
:103EC00020238DF85330130744BF2B238DF8533034
:103ED0009AF800302A2B15D0079A544600204FF04C
:103EE0000A0C214611F8013B303B092B4BD9B0B1EC
:103EF000079214E0A0EB080309FA03F313430493B9
:103F0000A246D2E7039B191D1B680391002BBBBF80
:103F10005B4242F0020207930793B8BF04922378F2
:103F20002E2B0AD163782A2B32D1039B1A1D1B68D2
:103F3000039243EAE37302340593DFF8D4A02178B7
:103F400003225046ECF79CF938B1049BA0EB0A0021
:103F50004022824013430134049314F8011B294882
:103F60008DF828100622ECF78BF900283FD0264B5D
:103F70001BBB039B073323F0070308330393099B01
:103F80003B4409936AE70CFB02320C460120A8E788
:103F900000230134059319464FF00A0C204610F80F
:103FA000012B303A092A03D9002BC6D00591C4E76A
:103FB0000CFB012104460123F0E703AB00932A46E2
:103FC000124B04A93046AFF300800746781CD6D1C7
:103FD0006B6ED90705D4AB899A0502D4A86DFFF79B
:103FE00051FCAB895B063FF51FAF09981EE703AB99
:103FF00000932A46054B04A9304600F079F8E4E71F
:10400000897803089378030800000000BF3D010889
:104010008F7803082DE9F047164698468A680B69A1
:10402000DDF820909342B8BF1346336091F84320E7
:1040300007460C460AB1013333602368990642BF34
:10404000336802333360256815F0060506D104F1A4
:10405000190AE36832689B1AAB4226DC94F84330B5
:104060002268003B18BF012392062BD404F14302BF
:1040700041463846C84701301ED02368226903F004
:104080000603042B02BFE5683368ED1AA3680CBF72
:1040900025EAE57500259342C4BF9B1AED1800265A
:1040A0001A34B5421AD1002008E001235246414695
:1040B0003846C847013003D14FF0FF30BDE8F087E4
:1040C0000135C6E7E1185A1C302081F8430022442C
:1040D00094F8451082F843100233C7E701232246C3
:1040E00041463846C8470130E6D00136D9E70000DE
:1040F0002DE9FF470F7E0C9E782F914680460C4697
:104100009A4601F1430207D8622F0AD8002F00F027
:10411000D180582F00F0B88004F1420684F8427034
:104120003AE0A7F16303152BF6D801A151F823F06B
:10413000894101089D4101081941010819410108FF
:1041400019410108194101089D410108194101085F
:104150001941010819410108194101089B42010850
:10416000C7410108554201081941010819410108D8
:10417000BD42010819410108C74101081941010860
:10418000194101085D42010833681A1D1B6832603D
:1041900004F1420684F8423001239CE03368206831
:1041A000191D3160060601D51D6803E04506FBD5E3
:1041B000B3F90050002D03DA2D236D4284F843300B
:1041C00058480A2311E021683368080653F8045B55
:1041D00002D4490648BFADB26F2F5248336014BFB6
:1041E0000A230823002184F843106668A660002E85
:1041F00005DB21682E4321F0040121604BD01646D7
:10420000B5FBF3F103FB1157C75D06F8017D2F469F
:10421000BB420D46F4D9082B0BD12368DF0708D524
:10422000236961689942DEBF302306F8013C06F13C
:10423000FF36921B2261CDF800A04B4603AA21460F
:104240004046FFF7E7FE01304AD14FF0FF3004B09F
:10425000BDE8F087236843F02003236032487827C5
:1042600084F84570236831681F0651F8045B02D456
:104270005F0648BFADB23160D90744BF43F02003A9
:1042800023601DB11023ADE72648E9E7236823F03A
:1042900020032360F6E71646BDE7336825686169A9
:1042A000181D30602E061B6801D5196002E06806F3
:1042B000FBD51980002323611646BCE733681A1D1D
:1042C00032601E68626800213046EBF7D9FF08B102
:1042D000801B606063682361002384F84330AAE791
:1042E0002369324649464046D0470130ADD0236865
:1042F0009B0713D4E068039B9842B8BF1846A6E713
:104300000123324649464046D04701309DD0013511
:10431000E36803995B1AAB42F2DCEBE7002504F19A
:104320001906F5E79A780308AB780308B1F90C2071
:104330002DE9F041160705460C4654D44B68002B76
:1043400002DC0B6C002B48DDE66A002E45D0002312
:1043500012F480522F68216A2B6030D0626DA389DD
:10436000590705D56368D21A636B0BB1236CD21A57
:104370000023E66A216A2846B047431CA38906D178
:1043800029681D292BD82A4ACA40D60727D50022DA
:104390006260D9042269226004D5421C01D12B68D5
:1043A00003B96065616B2F60B9B104F144039942B0
:1043B00002D02846FFF78CFA002363630DE0012347
:1043C0002846B0470246501CC9D12B68002BC6D0E6
:1043D0001D2B01D0162B1ED12F60002022E043F0B0
:1043E00040031BB21BE00F69002FF6D093070E6845
:1043F00008BF4B690F6018BF0023A6EB07088B604E
:10440000B8F1000FE9DD216AA66A43463A4628461C
:10441000B047002808DCB4F90C3043F04003A38116
:104420004FF0FF30BDE8F0810744A8EB0008E7E754
:104430000100402038B50B6905460C4613B900252C
:10444000284638BD18B1036A0BB9FEF79FFAB4F9D4
:104450000C30002BF3D0626ED00704D4990502D43F
:10446000A06DFFF70DFA28462146FFF75FFF636E48
:10447000DA070546E4D4A3899B05E1D4A06DFFF7D4
:1044800001FADDE70EB470B59DB021AC00254FF404
:10449000017254F8046BADF814201B95029006903D
:1044A000EBF7E0FE0B4B039007900B480B934FF696
:1044B000FF73ADF816303246234602A900680F9507
:1044C0001495019400F0A6F91DB0BDE8704003B04A
:1044D000704700BF832A010884000020F8B50E460B
:1044E0001446054618B1036A0BB9FEF74FFAA369E3
:1044F000A360A3891A0701D5236943B92146284639
:1045000000F02AF818B14FF0FF373846F8BD23689D
:104510002269981A6369F6B28342374605DC214660
:104520002846FFF787FF0028EDD1A368013BA36071
:1045300023685A1C22601E706269431C9A4204D090
:10454000A389DB07E1D50A2EDFD121462846FFF7F4
:1045500071FF0028D9D0D6E738B5294B0546186831
:104560000C4618B1036A0BB9FEF710FAB4F90C3017
:10457000190722D4DA0607D409222A6043F040033F
:10458000A3814FF0FF3033E0580712D5616B41B182
:1045900004F14403994202D02846FFF799F9002319
:1045A0006363A38923F02403A38100236360236949
:1045B0002360A38943F00803A38123694BB9A3892E
:1045C00003F42073B3F5007F03D02146284600F0A2
:1045D0000BFCB4F90C3013F001020AD00022A260E7
:1045E00062695242A261226942B913F08000C5D1CA
:1045F00038BD990758BF6269A260F4E70020F7E769
:1046000084000020884210B501EB020402D98442E4
:10461000234607D8431EA14208D011F8012B03F806
:10462000012FF8E7024401468A4200D110BD13F879
:10463000014D02F8014DF7E710B56AB10139841850
:1046400010F8012B11F8013F9A4203D1A04201D08A
:10465000002AF5D1D01A10BD1046FCE71F2938B545
:1046600005460C4604D9162303604FF0FF3038BDD1
:10467000C26B12B152F821304BB9284600F034F821
:10468000224601462846BDE8384000F01BB8012B01
:104690000AD0591C03D1162303600120E7E700214B
:1046A00042F82410204698470020E0E7024B0146DC
:1046B0001868FFF7D3BF00BF840000200048704790
:1046C000D800002038B5074D00230446084611469F
:1046D0002B60EDF78FFA431C02D12B6803B12360E6
:1046E00038BD00BF1C1A0020EDF77CBA0148FFF767
:1046F000C7B800BF211A00200148FFF7C3B800BFA8
:10470000211A00202DE9F041074614460D4621B933
:10471000BDE8F0411146FEF721B82AB9FFF7D8F8F5
:1047200025462846BDE8F08100F030FC844206466C
:1047300002D8B4EB500FF4D821463846FEF70EF8F5
:10474000804608B94546ECE7B4422246294628BFD0
:104750003246FFF7A0F829463846FFF7B9F8F1E7E7
:1047600038B54B1C144603D14FF0FF35284638BDF1
:10477000938923F020039381636B5268CDB28BB190
:10478000A36B934208DD23685A1E226003F8015C84
:10479000636801336360E9E7214600F09AFB002873
:1047A000F1D0E1E72169236851B1994208D213F8A9
:1047B000011CA94204D1013B013223606260D5E7AC
:1047C000C4E90F3204F1440363630323A363234664
:1047D00003F8465F23600123DCE710B50C46496B04
:1047E00069B104F14403994201D0FFF771F8236CD9
:1047F00063600020606313B1E36B236010BD236925
:10480000236000236360A38943F02003A3814FF05A
:10481000FF30F3E72DE9F04F0C46ADF5237D002185
:10482000CDE94411A649A0910DF10408A549A64F70
:10483000CDF818810646A191009392F80090B9F145
:10484000000F00F0588117F8093013F0080302F147
:10485000010519D06368002B0FDD23681A78BA5C54
:10486000120701D42A46E8E7459A01324592626868
:104870000133013A62602360ECE7A19B2146304698
:1048800098470028E9D0EDE7B9F1250F40F0858081
:104890004193439353782A2B02BF1023951C4193D5
:1048A0000A22AA461AF8011BA1F13003092B1ED9CE
:1048B000DFF818B203225846EBF7E2FC38B1419A10
:1048C000A0EB0B000123834013434193554615F899
:1048D000013B782B06D8572B10D8252B5DD057D805
:1048E000002B75D0032347930A23429388E0439B10
:1048F00002FB0311303943915546D2E7A3F1580228
:10490000202AEFD801A151F822F000BFDF490108A9
:10491000E5480108E5480108394A0108E548010869
:10492000E5480108E5480108E5480108E5480108AF
:10493000E5480108E54801084F4A0108354A0108E1
:10494000974901089749010897490108E548010876
:10495000F1490108E5480108E5480108E548010872
:10496000E54801085F4A0108F9490108D7490108EB
:10497000E5480108E54801085B4A0108E5480108E7
:10498000354A0108E5480108E5480108DF49010802
:10499000453B022BA6D8052331E06368002B0DDDD3
:1049A00023681A784A4540F0A68001336268236084
:1049B000459B013A01336260459353E7A19B214631
:1049C000304698470028EBD04498002840F08B8070
:1049D0004FF0FF308BE0419A42F020024192419A21
:1049E00042F40072419210226E2B429202D905E0ED
:1049F00000234293032302E00823429304234793B6
:104A00006368002B39DD419B590604D423681A786A
:104A1000BA5C120738D4479B022B47DC6B46224610
:104A200041A9304600F06CF8012864D002287FF4D8
:104A300019AFC9E70A22D7E72946404600F010FA25
:104A4000419B43F04003419305460123D7E7419B37
:104A500043F0400341930023D1E70223CFE741987D
:104A6000C3063FF5FFAE009B459A191D00911B68D8
:104A7000C0074CBF1A801A60F4E6A19B214630465D
:104A800098470028BFD09FE7459A01324592626857
:104A9000013A002A626002DD01332360B6E7A19B80
:104AA0002146304698470028B0D08DE7042B0FDC14
:104AB0006B46224641A9304600F07CF8B4E700BFBF
:104AC00061470108DB470108397903088F7803083B
:104AD0000A4B002B3FF4C6AE6B46224641A9304636
:104AE000AFF30080A0E7A3895B063FF571AF0DF53A
:104AF000237DBDE8F08F4498F9E700BF0000000077
:104B00002DE9F84315468A6880460C4632B98A6911
:104B1000002A14BF4FF0FF3201228A602268DFF8BA
:104B20009090D1065FBF1A68111D196016680027A2
:104B3000A06988B1012807D12B681A7863699B5C4A
:104B400053B9002F31D022E0022820D12B681B78E6
:104B500019F803301B071AD42368DA065EBF2B68E6
:104B60001B7806F8013B2A686B6801322A60A2684C
:104B7000013B013A6B600137A26042B1002BD7DCE8
:104B8000D4F880312946404698470028D0D0236881
:104B900013F0100305D1E2680132E260A26902B1AC
:104BA000337023693B4423610020BDE8F88300BFD4
:104BB000397903082DE9F04F9846744B0C4682462C
:104BC000164693E8070087B003AB83E80700704BF5
:104BD000A169704A032908BF1A46A36801925A1EA8
:104BE000B2F5AE7F88BF6FF4AE75274682BF03EB88
:104BF000050940F25D13A36057F81C3B43F4506372
:104C000098BF4FF0000923603D464FF0000B31681C
:104C100003AB097853F82B000222EBF731FB28B3E2
:104C2000BBF1010F59D162682AB92268082142F408
:104C3000007261602260226822F4A0622260A26891
:104C4000511EA16092B13268511C3160127805F892
:104C5000012B7268013A002A726007DCD4F88021C7
:104C6000314650469047002840F085800BF1010BFB
:104C7000BBF1030FCBD163680BB90A236360636890
:104C800045496069C91A00F0EBF84FF0000BA368C2
:104C90002268002B3DD03168606991F800C010F89F
:104CA0000C00002835D0BCF1300F24D1100522D5DE
:104CB0000BF1010BB9F1000F03D0013309F1FF39FA
:104CC000A3607368013B002B73601BDD3368013305
:104CD0003360A368013BA360D9E7BBF1020FAED1FB
:104CE000226802F4C061B1F5007FC4D11021616077
:104CF00042F48072A2E722F4106222600B7805F879
:104D0000013BDEE7D4F88031314650469847002811
:104D1000DFD02368D9050DD5BD4209D915F8011C8E
:104D2000D4F87C3132465046984705F1FF394D465C
:104D3000BD4228D0226812F0100213D12A70636895
:104D4000019E39465046B047D8F8003021681A1DF8
:104D5000C8F8002011F0200F1B680FD01860E3681E
:104D60000133E3602369ED1B5D442B442361002084
:104D700007B0BDE8F08F4FF0000BCAE7CA074CBF81
:104D800018801860EBE70120F2E700BF3C5A0108E9
:104D900091500108C93A0108CC78030870B50C4657
:104DA000B1F90E10002996B015461E460DDAA389FA
:104DB00013F0800F4FF0000114BF40234FF48063C5
:104DC000002031602B6016B070BD6A4600F0BCF860
:104DD0000028ECDB019901F47041A1F50053594220
:104DE00059414FF48063EBE78B89F7B59D07064681
:104DF0000C4607D504F14703236023610123636157
:104E000003B0F0BD01AB6A46FFF7C8FF009F05463F
:104E100039463046FDF7A2FC48B9B4F90C309A0582
:104E2000EED423F0030343F00203A381E2E7A38956
:104E3000206043F08003A381019BC4E904075BB1B8
:104E4000B4F90E10304600F091F828B1A38923F090
:104E5000030343F00103A381A3891D43A581CFE789
:104E600070B50B7804465E2B0BBF4B784A1C8A1C2E
:104E7000002108BF0121013804F1FF0500F8011FDE
:104E8000A842FBD10BB9501E70BD81F00101E15465
:104E90001046024612F8015B2D2D05D05D2D16D06F
:104EA000002DF1D02B46F2E746785D2EFAD0B342C2
:104EB000F8DC02301A4601329642A154FBDCF21AA9
:104EC000013A5D1CB342A8BF0022AB18E1E71046CF
:104ED000DAE72DE9F0410C46496B04F144039942AD
:104EE0001DD14FF48061FDF739FC18B94FF0FF3048
:104EF000BDE8F0814FF48063A36394F846306063AB
:104F000080F8FF3394F8453080F8FE3394F844304D
:104F100080F8FD3300F2FD3020600020E8E7A66B4A
:104F200077003A46FFF7EEFB05460028DED000EB9F
:104F30000608014632464046FEF7ADFCC4E90D576F
:104F4000C4F80080E9E7000038B5074D00230446A7
:104F5000084611462B60ECF7ADFE431C02D12B68CE
:104F600003B1236038BD00BF1C1A002038B5064DC0
:104F70000023044608462B60ECF7ACFE431C02D12C
:104F80002B6803B1236038BD1C1A002051F8043C83
:104F9000181F002BBCBF0B58C0187047242B2DE9DD
:104FA000F0478646904601D8012B06D1FEF73CFC1F
:104FB000162303600020BDE8F08734480D462A46DA
:104FC00015F8014B065D16F00806F8D12D2C10D10E
:104FD0002C780126951C33F0100215D1302C0DD100
:104FE0002A7802F0DF02582A08D16C7802351023A3
:104FF0000AE02B2C04BF2C78951CECE7002BF6D193
:10500000302C14BF0A23082306F1004C0CF1FF3C9E
:105010000022BCFBF3F9104603FB19CAA4F13007C8
:10502000092F0FD83C46A3421BDD571C07D08145F2
:1050300014D301D1A24511DB00FB0340012215F876
:10504000014BEBE7A4F14107192F01D8373CEAE700
:10505000A4F16107192F04D8573CE4E74FF0FF3261
:10506000EDE7531C08D12223CEF800306046B8F19A
:10507000000FA0D0691E06E006B14042B8F1000F53
:1050800099D0002AF6D1C8F8001094E739790308BE
:10509000FFF784BF38B52DED028B55EC104B00F0B7
:1050A00025F822462B4620462946B0EE408AF0EEEF
:1050B000608AEBF78BFD90B9002200232046294639
:1050C000EBF75CFD58B1FEF7AFFB21230360002234
:1050D000002310461946EBF709FC41EC180BB0EE23
:1050E000480AF0EE680ABDEC028B38BD2DE9F84F96
:1050F000664A55EC104BAA432B46214610D1224656
:1051000020462946EBF7C8FA02460B4620462946B8
:10511000EBF70CF904460D4645EC104BBDE8F88F53
:10512000002D0EDC25F000422243F5D09DB1224631
:1051300020462946EBF7F8F802460B46EBF7D6FB7C
:10514000E8E72A1515D1002009E0CB0A153A4905F0
:10515000002BFAD0F7E72A46FAE75B000130DC02C1
:10516000FBD5441E121BC0F1200421FA04F4234392
:105170008140C3F31303A2F2FF3743F48013D20735
:105180005CBF5B0003EBD1734FEA430358BF490098
:10519000002603EBD1737F104900162032464FF4EE
:1051A000001415199D42DEBF2A195B1B3619CD0F5D
:1051B000013805EB43034FEA41014FEA5404F0D1B3
:1051C000054620244FF0004C93420CEB000E02DC0D
:1051D00013D18E4511D8BEF1000F0EEB0C003FDA53
:1051E00000283DDB02F101089B1A8E4588BF03F1C0
:1051F000FF33A1EB0E01654442464FEAD17E013CEC
:105200000EEB43034FEA41014FEA5C0CDCD119433A
:105210001BD0DFF87CA0DFF87CB0DAE90001DBE925
:105220000023EBF781F8DAE9008902460B46404695
:105230004946EBF7ADFC40B1B5F1FF3FDAE90001BB
:10524000DBE900230ED101362546731003F17F53AD
:1052500003F5001303EB07516B0843EAC67059E7E7
:105260009046C1E7EBF762F8DAE9008902460B469F
:1052700040464946EBF782FC20B1AB1C08BF013623
:105280000235E2E76B1C23F00105DEE70000F07F4A
:10529000A87A0308A07A030851EC100BC1F30A5353
:1052A0002DE9F041A3F2FF36132E0C460546804649
:1052B0002EDC002E11DA32A3D3E90023EBF736F807
:1052C00000220023EBF778FC20B1002C4FDB2543B4
:1052D00051D12C462146284623E02B4F374101EA85
:1052E000070303431DD026A3D3E90023EBF71EF8E1
:1052F00000220023EBF760FC0028EBD0002CC2BF9B
:105300004FF480133341E41824EA07040025E1E751
:10531000332E0ADDB6F5806F03D102460B46EBF75C
:1053200005F841EC100BBDE8F081A3F213434FF0F8
:10533000FF37DF403842F4D011A3D3E90023EAF766
:10534000F5FF00220023EBF737FC0028C2D0002C29
:105350000ADD142E01D1013406E0C6F13406012322
:10536000B3401D44A845F6D825EA0705B2E7002555
:105370004FF00044AEE7054C0025ABE7AFF30080EB
:105380009C7500883CE4377EFFFF0F000000F03F73
:1053900051EC100BC1F30A532DE9F041A3F2FF3693
:1053A000132E0C460546804634DC002E17DA32A355
:1053B000D3E90023EAF7BAFF00220023EBF7FCFB56
:1053C00050B1002C55DA24F000442C430025AC42A7
:1053D0002B4C08BF4FF000442146284623E0294FBC
:1053E000374101EA070303431DD023A3D3E9002378
:1053F000EAF79CFF00220023EBF7DEFB0028EBD04E
:10540000002CBEBF4FF480133341E41824EA070494
:105410000025E1E7332E0ADDB6F5806F03D10246A1
:105420000B46EAF783FF41EC100BBDE8F081A3F2D5
:1054300013434FF0FF37DF400742F4D00EA3D3E908
:105440000023EAF773FF00220023EBF7B5FB0028E7
:10545000C2D0002C0ADA142E01D1013406E0C6F1C4
:1054600034060123B3401D444545F6D325EA07051C
:10547000B2E700252C46AFE79C7500883CE4377EF8
:105480000000F0BFFFFF0F00F8B500BFF8BC08BC7C
:105490009E467047F8B500BFF8BC08BC9E467047F2
:1054A00021286F203E20622D3E73697A65207C7C26
:1054B000206F203C203029002E2E2F555345522F8F
:1054C0007374625F74727565747970652E6800001C
:1054D0006E203E3D2031202626206E203C3D20348B
:1054E0000000000073697A65203C20307834303049
:1054F00030303030300000006F666673697A6520A6
:105500003E3D2031202626206F666673697A65202D
:105510003C3D203400000000300000006230203E9E
:105520003D2032380000000069203E3D203020261A
:10553000262069203C20636F756E74005356472007
:1055400000000000636D6170000000006C6F63611B
:10555000000000006865616400000000676C796607
:10556000000000006868656100000000686D7478E4
:10557000000000006B65726E0000000047504F5342
:105580000000000043464620000000006D61787076
:105590000000000021696E666F2D3E6366662E7303
:1055A000697A65000000803F0000000000000000F4
:1055B0000000803F00000000000000006F75747064
:1055C00075745F6374782E6E756D5F76657274693D
:1055D000636573203D3D20636F756E745F637478FF
:1055E0002E6E756D5F766572746963657300000079
:1055F0004F532F32000000007A20213D20282876CA
:105600006F6964202A293029000000007930203C8D
:1056100020793100652D3E7379203C3D20652D3E7B
:10562000657900007831203C3D20782B3100000066
:105630007831203E3D2078007831203C3D207800B4
:105640007831203E3D20782B310000007831203E1B
:105650003D2078202626207831203C3D20782B31B3
:10566000000000007830203E3D207820262620785B
:1056700030203C3D20782B31202626207831203EDA
:105680003D2078202626207831203C3D20782B3183
:1056900000000000746F705F7769647468203E3D9D
:1056A00020300000626F74746F6D5F776964746896
:1056B000203E3D2030000000652D3E6579203E3DB6
:1056C00020795F746F700000652D3E7379203C3D3A
:1056D00020795F626F74746F6D20262620652D3EE1
:1056E0006579203E3D20795F746F700078203E3DE3
:1056F00020302026262078203C206C656E0000009B
:105700006479203E3D2030006478203E3D2030000A
:1057100066616273286172656129203C3D20312EEB
:1057200030316600737931203E20795F66696E61A1
:105730006C2D302E303166007A2D3E6469726563BF
:1057400074696F6E000000007A2D3E6579203E3D41
:10575000207363616E5F795F746F7000782B677779
:10576000203C207077000000792B6768203C207077
:1057700068000000685F6F76657273616D706C65BC
:10578000203C3D2038000000765F6F7665727361C3
:105790006D706C65203C3D203800000070697865B4
:1057A0006C735B695D203D3D203000007069786559
:1057B0006C735B692A7374726964655F696E5F629A
:1057C000797465735D203D3D203000006920213DE6
:1057D000203000006E616D6500000000256400004F
:1057E000434C5300454E440046413A4445000000B6
:1057F0004D4F4E44415900005455455344415900C2
:105800005745444E455344415900000054485552B1
:105810005344415900000000465249444159000098
:1058200053415455524441590000000053554E44D1
:1058300041590000F0570108F857010800580108C5
:105840000C58010818580108205801082C58010864
:105850002D6265643D70656E2B6D61642E000000E5
:105860002530326400000000253034642D253032AC
:10587000642D253032640000474C4F42414C204695
:10588000554E4354494F4E53000000005041494E7D
:105890005400000042494754544600004C494748D0
:1058A00054000000434F4C4F525300004155544F99
:1058B0000000000043414C4942522E0045584954D3
:1058C000000000004E455854000000004F54484569
:1058D000522046554E4354494F4E530043414C5F6E
:1058E00054530000534C49444553000044454D4F28
:1058F00053000000565F42414C4C0000524F54414F
:105900005445000043454E545552590050494353A5
:10591000000000005345542043454E545552590051
:105920002B0000002D00000030303000444F4E4569
:1059300000000000534554204E49474854000000E1
:10594000534C494445204D4F4445000059455300B0
:105950004E4F210053455420524F544154494F4E0D
:105960000000000020302000313830005345542022
:1059700054494D2043414C4942522E005345430067
:10598000485253004E49474854204D4F444500006B
:10599000434F4C4F5220464F4E54530053455420D2
:1059A0004C49474854000000534554204441590095
:1059B000534554204D4F4E54480000005345542049
:1059C00059454152000000002530346400000000B9
:1059D000534554204D494E555453000053455420CF
:1059E000484F5552530000004D41545249582041F0
:1059F0004444524553530000414E0000424E0000C3
:105A0000434E0000444E0000454E0000464E00004C
:105A10004449560014008C00FA0000001400AA004B
:105A2000500000003200C8006E0000005052455384
:105A30005320545300000000454E4400CE78030824
:105A4000D1780308D47803080000000000000000AB
:105A5000010203040607080900010000001201000A
:105A6000000400204C545348F0A6A6BF000003B425
:105A70000000006F4F532F32672AF03D000001A84D
:105A80000000006050434C54CD96EE4C0000860060
:105A90000000003656444D586B6A7305000004241C
:105AA000000005E0636D6170905BD5650000141C1B
:105AB000000002506376742012750C3D00002A8CA1
:105AC000000000666670676D344416850000166C31
:105AD0000000133B6761737000170009000085F038
:105AE00000000010676C7966DEE97D1000002AF482
:105AF000000052C068646D78AF34321900000A04A7
:105B000000000A1868656164F036EF390000012C66
:105B10000000003668686561057903BE0000016415
:105B200000000024686D7478BF82145000000208E1
:105B3000000001AC6C6F63614F26660C00007DB401
:105B4000000000D86D617870030E13D10000018849
:105B5000000000206E616D65AE67254800007E8CF8
:105B600000000663706F73745D496231000084F059
:105B7000000000FD7072657056F26680000029A872
:105B8000000000E10001000000010000E844AADB81
:105B90005F0F3CF50010044C00000000C50B4DF0F9
:105BA00000000000C9AF5D2D0032FF8802260348C7
:105BB0000000000B000200000000000000010000D7
:105BC000032000C800000258003200320226000103
:105BD0000000000000000000000000000000006B5A
:105BE00000010000006B0054000E000000000002E5
:105BF00000080040008C00000200133B0000000081
:105C0000000301CA01900005000002BC028A0000E6
:105C1000008F02BC028A000001C5003201030000AF
:105C200002000000000000000000800000010000F1
:105C300000000000000000000000414C54530040F0
:105C400000202030032000C80000038400BB0000B7
:105C500000010000000002BC02BC000000200000A7
:105C60000244003201F4000001F40000012C0000A5
:105C700000B4003201550032021C0032020800322A
:105C8000025800320230003200B40032015E0032AD
:105C9000015E003201AE003201B8003200B40032C1
:105CA00001B8003200B400320208003202080032AB
:105CB00000B400320208003202080032020800324A
:105CC00002080032020800320208003202080032E4
:105CD0000208003200B4003200B400320172003217
:105CE00001B80032017200320208003202080032AC
:105CF000020800320208003201E0003202080032DD
:105D000001E0003201E000320208003202080032F5
:105D100000B40032020800320208003202080032E9
:105D20000208003202080032020800320208003283
:105D3000021200320208003202080032020700326A
:105D40000208003202080032020800320208003263
:105D50000208003202080032013600320206003228
:105D60000136003202070032020700320118003209
:105D7000020800320208003201E00032020800325C
:105D800001E0003201E00032020800320208003275
:105D900000B4003202080032020800320208003269
:105DA0000208003202080032020800320208003203
:105DB00002120032020800320208003202070032EA
:105DC00002080032020800320208003202080032E3
:105DD000020800320208003201AE003200B4003284
:105DE00001AE0032021C0032024E003200B400321A
:105DF00000B40032015400320155003201860032F5
:105E0000021C003202440032024400320000006BE7
:105E10004B0101014B4B4B4B4B4B4B4B4B4B4B4BB0
:105E20004B4B4B4B4B4B4B4B4B4B4B4B4B4B4B4BC2
:105E30004B4B4B4B4B4B4B4B4B4B4B4B4B4B4B4BB2
:105E40004B4B4B4B4B4B4B4B4B4B4B4B4B4B4B4BA2
:105E50004B4B4B4B4B4B4B4B4B4B4B4B4B4B4B4B92
:105E60004B4B4B4B4B4B4B4B4B4B4B4B4B4B4B4B82
:105E70004B4B4B4B4B4B4B4B4B4B4B0000000001E8
:105E8000000101010101000C00F808FF00080007F3
:105E9000FFFE00090008FFFE000A0009FFFE000BDC
:105EA0000009FFFE000C000AFFFD000D000BFFFDC6
:105EB000000E000CFFFD000F000DFFFD0010000E96
:105EC000FFFD0011000EFFFD0012000FFFFC00138C
:105ED0000010FFFC00140011FFFC00150012FFFC75
:105EE00000160012FFFC00170013FFFC001800143E
:105EF000FFFB00190015FFFB001A0016FFFB001B3B
:105F00000017FFFB001C0017FFFB001D0018FFFB24
:105F1000001E0019FFFA001F001AFFFA0020001BE4
:105F2000FFFA0021001BFFFA0022001CFFFA0023E9
:105F3000001DFFFA0024001EFFF90025001FFFF9D5
:105F400000260020FFF900270020FFF9002800218B
:105F5000FFF900290022FFF9002A0023FFF8002B97
:105F60000024FFF8002C0024FFF8002D0025FFF886
:105F7000002E0026FFF8002F0027FFF80030002831
:105F8000FFF700310029FFF700320029FFF7003347
:105F9000002AFFF70034002BFFF70035002CFFF636
:105FA0000036002DFFF60037002DFFF60038002EDA
:105FB000FFF60039002FFFF6003A0030FFF6003BF5
:105FC0000031FFF5003C0032FFF5003D0032FFF5E7
:105FD000003E0033FFF5003F0034FFF50040003580
:105FE000FFF500410036FFF400420036FFF40043A5
:105FF0000037FFF400440038FFF400450039FFF497
:106000000046003AFFF40047003BFFF30048003B26
:10601000FFF30049003CFFF3004A003DFFF3004B53
:10602000003EFFF3004C003FFFF3004D003FFFF246
:10603000004E0040FFF2004F0041FFF200500042CE
:10604000FFF200510043FFF200520044FFF2005300
:106050000044FFF100540045FFF100550046FFF1F8
:1060600000560047FFF100570048FFF10058004874
:10607000FFF100590049FFF0005A004AFFF0005BB1
:10608000004BFFF0005C004CFFF0005D004DFFF0A6
:10609000005E004DFFF0005F004EFFEF0060004F1C
:1060A000FFEF00610050FFEF00620051FFEF00635F
:1060B0000051FFEF00640052FFEF00650053FFEE58
:1060C00000660054FFEE00670055FFEE00680056C2
:1060D000FFEE00690056FFEE006A0057FFED006B0F
:1060E0000058FFED006C0059FFED006D005AFFED08
:1060F000006E005AFFED006F005BFFED0070005C6A
:10610000FFEC0071005DFFEC0072005EFFEC0073BD
:10611000005FFFEC0074005FFFEC00750060FFECB7
:1061200000760061FFEB00770062FFEB0078006310
:10613000FFEB00790063FFEB007A0064FFEB007B6C
:106140000065FFEB007C0066FFEA007D0067FFEA68
:10615000007E0068FFEA007F0068FFEA00800069B7
:10616000FFEA0081006AFFEA0082006BFFE900831A
:10617000006CFFE90084006CFFE90085006DFFE919
:106180000086006EFFE90087006FFFE9008800705D
:10619000FFE800890071FFE8008A0071FFE8008BCA
:1061A0000072FFE8008C0073FFE8008D0074FFE8C8
:1061B000008E0075FFE7008F0075FFE70090007606
:1061C000FFE700910077FFE700920078FFE7009378
:1061D0000079FFE70094007AFFE60095007AFFE679
:1061E0000096007BFFE60097007CFFE60098007DAC
:1061F000FFE60099007EFFE5009A007EFFE5009B28
:10620000007FFFE5009C0080FFE5009D0081FFE529
:10621000009E0082FFE5009F0083FFE400A0008352
:10622000FFE400A10084FFE400A20085FFE400A3D6
:106230000086FFE400A40087FFE400A50087FFE3D9
:1062400000A60088FFE300A70089FFE300A8008AFA
:10625000FFE300A9008BFFE300AA008CFFE300AB83
:10626000008CFFE200AC008DFFE200AD008EFFE28B
:1062700000AE008FFFE200AF0090FFE200B00090A0
:10628000FFE200B10091FFE100B20092FFE100B334
:106290000093FFE100B40094FFE100B50095FFE139
:1062A00000B60095FFE100B70096FFE000B8009748
:1062B000FFE000B90098FFE000BA0099FFE000BBE2
:1062C0000099FFE000BC009AFFE000BD009BFFDFEB
:1062D00000BE009CFFDF00BF009DFFDF00C0009EEE
:1062E000FFDF00C1009EFFDF00C2009FFFDF00C391
:1062F00000A0FFDE00C400A1FFDE00C500A2FFDE9B
:1063000000C600A2FFDE00C700A3FFDE00C800A495
:10631000FFDE00C900A5FFDD00CA00A6FFDD00CB3F
:1063200000A7FFDD00CC00A7FFDD00CD00A8FFDD4A
:1063300000CE00A9FFDC00CF00AAFFDC00D000AB3C
:10634000FFDC00D100ABFFDC00D200ACFFDC00D3EF
:1063500000ADFFDC00D400AEFFDB00D500AFFFDBFB
:1063600000D600B0FFDB00D700B0FFDB00D800B1E3
:10637000FFDB00D900B2FFDB00DA00B3FFDA00DB9D
:1063800000B4FFDA00DC00B4FFDA00DD00B5FFDAAC
:1063900000DE00B6FFDA00DF00B7FFDA00E000B889
:1063A000FFD900E100B9FFD900E200B9FFD900E34D
:1063B00000BAFFD900E400BBFFD900E500BCFFD95B
:1063C00000E600BDFFD800E700BDFFD800E800BE32
:1063D000FFD800E900BFFFD800EA00C0FFD800EBFB
:1063E00000C1FFD800EC00C2FFD700ED00C2FFD70C
:1063F00000EE00C3FFD700EF00C4FFD700F000C5D8
:10640000FFD700F100C6FFD700F200C6FFD600F3A9
:1064100000C7FFD600F400C8FFD600F500C9FFD6BC
:1064200000F600CAFFD600F700CBFFD600F800CB7D
:10643000FFD500F900CCFFD500FA00CDFFD500FB59
:1064400000CEFFD500FC00CFFFD500FD00CFFFD46C
:1064500000FE00D0FFD400FF00D1FFD400000017E1
:106460000000007009050504040201030404050589
:1064700001030304040104010404010404040404EA
:1064800004040401010304030404040404040404D4
:1064900004040104040404040404040404040404BF
:1064A00004040404030403040402040404040404B0
:1064B000040401040404040404040404040404049F
:1064C0000404040404010404050101030303040596
:1064D000050000000A05050505030203050505057D
:1064E000020303040402040205050205050505056F
:1064F000050505020203040305050505040504045A
:10650000050502050505050505050505050505053E
:106510000505050503050305050305050405040434
:10652000050502050505050505050505050505051E
:10653000050505050402040505020203030405051B
:10654000050000000B060605050302030505060607
:1065500002040404040204020505020505050505FC
:1065600005050502020404040505050505050505E4
:1065700005050205050505050505050505050505CE
:1065800005050505030503050503050505050505C1
:1065900005050205050505050505050505050505AE
:1065A00005050505040204050602020303040506A9
:1065B000060000000C070605050302040606070690
:1065C0000204040505020502060602060606060682
:1065D000060606020204050406060606050605056B
:1065E000060602060606060606060606060606064F
:1065F0000606060603060306060306060506050547
:10660000060602060606060606060606060606062E
:10661000060606060502050606020204040406062E
:10662000060000000D070706060402040606070719
:106630000204040505020502060602060606060611
:1066400006060602020405040606060606060606F7
:1066500006060206060606060606060606060606DE
:1066600006060606040604060603060606060606D1
:1066700006060206060606060606060606060606BE
:1066800006060606050205060702020404050607BB
:10669000070000000F08080707040205070708089D
:1066A0000205050606020602070702070707070795
:1066B0000707070202050605070707070707070779
:1066C000070702070707070707070707070707075F
:1066D0000707070704070407070407070707070753
:1066E000070702070707070707070707070707073F
:1066F000070707070602060708020205050507083F
:106700000800000010090807070403050808090825
:106710000305050606030603080803080808080819
:1067200008080803030506050808080807080707FE
:1067300008080308080808080808080808080808DE
:1067400008080808050805080804080807080707D6
:1067500008080308080808080808080808080808BE
:1067600008080808060306080903030505060808C3
:1067700008000000110909080805030508080909AF
:1067800003050507070307030808030808080808A6
:10679000080808030306070608080808070807078B
:1067A000080803080808080808080808080808086E
:1067B0000808080805080508080408080708070766
:1067C000080803080808080808080808080808084E
:1067D0000808080807030708090303050506080950
:1067E00009000000130A0A090905030609090A0A33
:1067F000030606070803080309090309090909092B
:10680000090909030306080609090909080908080E
:1068100009090309090909090909090909090909EE
:1068200009090909050905090905090908090808E7
:1068300009090309090909090909090909090909CE
:1068400009090909070307090A0303060607090AD4
:106850000A000000150B0B0A0A0603070A0A0B0BB5
:1068600003070708080308030A0A030A0A0A0A0AB0
:106870000A0A0A03030708070A0A0A0A090A090991
:106880000A0A030A0A0A0A0A0A0A0A0A0A0A0A0A6F
:106890000A0A0A0A060A060A0A050A0A090A090968
:1068A0000A0A030A0A0A0A0A0A0A0A0A0A0A0A0A4F
:1068B0000A0A0A0A0803080A0B03030607070A0B59
:1068C0000B000000180D0D0B0B0704070C0B0D0C33
:1068D000040808090A040A040B0B040B0B0B0B0B2E
:1068E0000B0B0B0404080A080B0B0B0B0A0B0A0A10
:1068F0000B0B040B0B0B0B0B0B0B0C0B0B0B0B0BEE
:106900000B0B0B0B070B070B0B060B0B0A0B0A0AE7
:106910000B0B040B0B0B0B0B0B0B0C0B0B0B0B0BCD
:106920000B0B0B0B0904090C0D04040707090C0DD4
:106930000D0000001B0F0E0C0C0704080D0D0F0EB0
:106940000409090B0B040B040D0D040D0D0D0D0DA9
:106950000D0D0D0404090B090D0D0D0D0C0D0C0C86
:106960000D0D040D0D0D0D0D0D0D0D0D0D0D0D0D60
:106970000D0D0D0D080D080D0D070D0D0C0D0C0C5A
:106980000D0D040D0D0D0D0D0D0D0D0D0D0D0D0D40
:106990000D0D0D0D0B040B0D0E040408080A0D0E51
:1069A0000E0000001D100F0D0D0805090E0E100F32
:1069B0000509090B0C050C050E0E050E0E0E0E0E2C
:1069C0000E0E0E05050A0C0A0E0E0E0E0D0E0D0D06
:1069D0000E0E050E0E0E0E0E0E0E0E0E0E0E0E0EE0
:1069E0000E0E0E0E080E080E0E070E0E0D0E0D0DDD
:1069F0000E0E050E0E0E0E0E0E0E0E0E0E0E0E0EC0
:106A00000E0E0E0E0B050B0E10050509090A0E0FD2
:106A10000F0000002011110F0F09050A100F1110AF
:106A2000050A0A0D0D050D050F0F050F0F0F0F0FAE
:106A30000F0F0F05050B0D0B0F0F0F0F0E0F0E0E87
:106A40000F0F050F0F0F0F0F0F0F0F0F0F0F0F0F60
:106A50000F0F0F0F090F090F0F080F0F0E0F0E0E5C
:106A60000F0F050F0F0F0F0F0F0F0F0F0F0F0F0F40
:106A70000F0F0F0F0D050D101105050A0A0B101150
:106A8000110000002112110F0F09050A1010121138
:106A9000050B0B0D0D050D05101005101010101035
:106AA00010101005050B0D0B101010100E100E0E0F
:106AB00010100510101010101010101010101010E1
:106AC0001010101009100910100810100E100E0EE2
:106AD00010100510101010101010101010101010C1
:106AE000101010100D050D101205050A0A0C1011DA
:106AF0001100000025141411110A060B12111413B1
:106B0000060C0C0E0F060F061111061111111111B2
:106B100011111106060C0F0C11111111101110108A
:106B2000111106111111111111111211111111115F
:106B3000111111110A110A1111091111101110105E
:106B4000111106111111111111111211111111113F
:106B5000111111110E060E121406060B0B0D121454
:106B6000140000002A171613130B070D1514171520
:106B7000070D0D1011071107141407141414141421
:106B800014141407070E110E1414141412141212F4
:106B900014140714141414141414141414141414C2
:106BA000141414140C140C14140B141412141212C4
:106BB00014140714141414141414141414141414A2
:106BC00014141414100710151707070D0D0F1516C0
:106BD000160000002E191815150D080E1716191796
:106BE000080F0F1212081208161608161616161697
:106BF00016161608080F120F161616161416141469
:106C00001616081616161616161616161616161632
:106C1000161616160D160D16160C16161416141436
:106C20001616081616161616161616161616161612
:106C300016161616120812171908080E0E10171835
:106C400018000000321B1A17170E081019181B190C
:106C50000810101414081408181808181818181810
:106C600018181808081114111818181816181616DC
:106C700018180818181818181818181818181818A4
:106C8000181818180E180E18180D181816181616A9
:106C90001818081818181818181818181818181884
:106CA00018181818140814191B08080F1012191AAC
:106CB0001A000000361D1C19190F09111B1A1D1B83
:106CC00009111115160916091A1A091A1A1A1A1A87
:106CD0001A1A1A09091216121A1A1A1A181A181850
:106CE0001A1A091A1A1A1A1A1A1A1A1A1A191A1A16
:106CF0001A1A1A1A0F190F19190E1A1A181A18181F
:106D00001A1A091A1A1A1A1A1A1A1A1A1A191A1AF5
:106D10001A1A1A1A1509151B1D09091111131B1C22
:106D20001C0000003A201F1A1A1009121C1B201EFA
:106D300009121217170917091B1B091B1B1B1B1B09
:106D40001B1B1B09091417141B1B1B1B191B1919CF
:106D50001B1B091B1B1B1B1B1B1B1C1B1B1B1B1B94
:106D60001B1B1B1B101B101B1B0F1B1B191B19199B
:106D70001B1B091B1B1B1B1B1B1B1C1B1B1B1B1B74
:106D80001B1B1B1B1709171C1F09091212151C1F9F
:106D90001F0000004325231E1E120B152120252253
:106DA0000B15151A1B0B1B0B20200B20202020205D
:106DB0002020200B0B171B17202020201D201D1D1D
:106DC00020200B20202020202020202020202020D8
:106DD0002020202013201320201120201D201D1DE5
:106DE00020200B20202020202020202020202020B8
:106DF000202020201A0B1A21240B0B1515182123F3
:106E0000230000004B29282222140C1725232926B1
:106E10000C18181D1E0C1E0C23230C2323232323C4
:106E20002323230C0C191E1923232323212321217F
:106E300023230C2323232323232324232323232338
:106E40002323232315231523231323232123212144
:106E500023230C2323232323232324232323232318
:106E6000232323231D0C1D25280C0C17171B252855
:106E700028000000000000030000000300000200E2
:106E8000000100000000001C00030001000001B030
:106E9000000601940000002000C500030004000566
:106EA0000006000700080009000A000B000C000D96
:106EB000000E000F00100011001200130014001546
:106EC0000016001700180019001A001B001C001DF6
:106ED000001E001F002000210022002300240025A6
:106EE0000026002700280029002A002B002C002D56
:106EF000002E002F00300031003200330034003506
:106F00000036003700380039003A003B003C003DB5
:106F1000003E003F00400041004200430044004565
:106F20000046004700480049004A004B004C004D15
:106F3000004E004F005000510052005300540055C5
:106F40000056005700580059005A005B005C005D75
:106F5000005E005F006000610000000000000000B3
:106F60000000000000000000000000000000000021
:106F70000000000000000000000000000000000011
:106F80000000000000000000000000000000000001
:106F900000000000000000000000000000000000F1
:106FA000000000000067000000000000006A000010
:106FB00000000000000000000000000000000000D1
:106FC00000000000000000000000000000000000C1
:106FD00000000000000000000000000000000000B1
:106FE00000000000000000000000000000000000A1
:106FF000000000000000000000000068006900655B
:107000000066006300640000000000000000000053
:107010000000000000000000000000000000000070
:107020000000006200040050000000100010000387
:107030000000007E00A920142019201D20222030ED
:10704000FFFF0000002000A920132018201C202290
:107050002030FFFFFFE3FFC1E055E04BE049E04592
:10706000E03200010000000000000000000000000D
:107070000000000000040050000000100010000399
:107080000000007E00A920142019201D202220309D
:10709000FFFF0000002000A920132018201C202240
:1070A0002030FFFFFFE3FFC1E055E04BE049E04542
:1070B000E0320001000000000000000000000000BD
:1070C00000000000400505040302002C764520B0B6
:1070D00003254523616818236860442D2C4520B0A2
:1070E000032545236168236860442D2C2020B8FFC8
:1070F000C03812B1400136382D2C2020B040381253
:10710000B00136B8FFC0382D2C01B0467620476854
:107110001823466168205820B003252338B0022583
:1071200012B001366538592DB8000A2C4BB8000B47
:107130005058B101018E59B801FF85B800441DB9FE
:10714000000B00035F5E2DB8000B2C202045694426
:10715000B001602DB8000C2CB8000B2A212DB8000E
:107160000D2C2046B003254652582359208A208AE8
:1071700049648A204620686164B00425462068611D
:1071800064525823658A592F20B00053586920B0A3
:1071900000545821B040591B6920B000545821B008
:1071A000406559593A2DB8000E2C2046B0042546AA
:1071B0005258238A592046206A6164B0042546202B
:1071C0006A61645258238A592FFD2DB8000F2C4B49
:1071D00020B0032650585158B080441BB040445949
:1071E0001B21212045B0C05058B0C0441B21595923
:1071F0002DB800102C2020456944B00160202045A6
:107200007D691844B001602DB800112CB800102A17
:107210002DB800122C4B20B003265358B0401BB0A1
:1072200000598A8A20B0032653582321B0808A8AC5
:107230001B8A235920B0032653582321B800C08A43
:107240008A1B8A235920B0032653582321B80100F2
:107250008A8A1B8A235920B0032653582321B80158
:10726000408A8A1B8A235920B80003265358B0034A
:107270002545B8018050582321B8018023211BB037
:1072800003254523212321591B2159442DB80013DF
:107290002C4B535845441B2121592DB800142C4B1D
:1072A000B8000B5058B101018E59B801FF85B800E4
:1072B000441DB9000B00035F5E2DB800152C202083
:1072C000456944B001602DB800162CB800152A217C
:1072D0002DB800172C2046B00325465258235920BC
:1072E0008A208A49648A204620686164B004254661
:1072F00020686164525823658A592F20B000535882
:107300006920B000545821B040591B6920B0005486
:107310005821B0406559593A2DB800182C2046B074
:107320000425465258238A592046206A6164B004D5
:107330002546206A61645258238A592FFD2DB800D2
:10734000192C4B20B0032650585158B080441BB024
:107350004044591B21212045B0C05058B0C0441BA7
:107360002159592DB8001A2C2020456944B00160DC
:107370002020457D691844B001602DB8001B2CB851
:10738000001A2A2DB8001C2C4B20B003265358B0ED
:10739000401BB000598A8A20B0032653582321B0DD
:1073A000808A8A1B8A235920B0032653582321B888
:1073B00000C08A8A1B8A235920B0032653582321F0
:1073C000B801008A8A1B8A235920B0032653582308
:1073D00021B801408A8A1B8A235920B8000326530A
:1073E00058B0032545B8018050582321B8018023A7
:1073F000211BB003254523212321591B2159442D4D
:10740000B8001D2C4B535845441B2121592DB80061
:107410001E2C4BB8000B5058B101018E59B801FF1A
:1074200085B800441DB9000B00035F5E2DB8001F36
:107430002C2020456944B001602DB800202CB800F4
:107440001F2A212DB800212C2046B0032546525872
:107450002359208A208A49648A204620686164B0C2
:1074600004254620686164525823658A592F20B04C
:107470000053586920B000545821B040591B69206E
:10748000B000545821B0406559593A2DB800222C0B
:107490002046B00425465258238A592046206A6166
:1074A00064B0042546206A61645258238A592FFD2E
:1074B0002DB800232C4B20B0032650585158B080D3
:1074C000441BB04044591B21212045B0C05058B046
:1074D000C0441B2159592DB800242C202045694453
:1074E000B001602020457D691844B001602DB800CE
:1074F000252CB800242A2DB800262C4B20B00326BA
:107500005358B0401BB000598A8A20B00326535804
:107510002321B0808A8A1B8A235920B0032653581E
:107520002321B800C08A8A1B8A235920B00326531E
:10753000582321B801008A8A1B8A235920B00326C8
:1075400053582321B801408A8A1B8A235920B80046
:1075500003265358B0032545B8018050582321B85D
:10756000018023211BB003254523212321591B2101
:1075700059442DB800272C4B535845441B21215901
:107580002DB800282C4BB8000B5058B101018E5972
:10759000B801FF85B800441DB9000B00035F5E2DE4
:1075A000B800292C2020456944B001602DB8002A7C
:1075B0002CB800292A212DB8002B2C2046B00325F9
:1075C0004652582359208A208A49648A20462068D6
:1075D0006164B004254620686164525823658A5965
:1075E0002F20B00053586920B000545821B04059A2
:1075F0001B6920B000545821B0406559593A2DB844
:10760000002C2C2046B00425465258238A59204687
:10761000206A6164B0042546206A61645258238A56
:10762000592FFD2DB8002D2C4B20B003265058515A
:1076300058B080441BB04044591B21212045B0C0A4
:107640005058B0C0441B2159592DB8002E2C202071
:10765000456944B001602020457D691844B001604F
:107660002DB8002F2CB8002E2A2DB800302C4B201E
:10767000B003265358B0401BB000598A8A20B0038B
:107680002653582321B0808A8A1B8A235920B003AD
:107690002653582321B800C08A8A1B8A235920B058
:1076A000032653582321B801008A8A1B8A235920B4
:1076B000B0032653582321B801408A8A1B8A2359D4
:1076C00020B80003265358B0032545B80180505810
:1076D0002321B8018023211BB00325452321232129
:1076E000591B2159442DB800312C4B535845441B8C
:1076F0002121592DB800322C4BB8000B5058B10144
:10770000018E59B801FF85B800441DB9000B000374
:107710005F5E2DB800332C2020456944B001602DF8
:10772000B800342CB800332A212DB800352C20465F
:10773000B003254652582359208A208A49648A205A
:107740004620686164B0042546206861645258236D
:10775000658A592F20B00053586920B00054582131
:10776000B040591B6920B000545821B040655959A8
:107770003A2DB800362C2046B00425465258238AAC
:10778000592046206A6164B0042546206A6164522B
:1077900058238A592FFD2DB800372C4B20B00326D3
:1077A00050585158B080441BB04044591B212120EF
:1077B00045B0C05058B0C0441B2159592DB80038AD
:1077C0002C2020456944B001602020457D69184483
:1077D000B001602DB800392CB800382A2DB8003A15
:1077E0002C4B20B003265358B0401BB000598A8A56
:1077F00020B0032653582321B0808A8A1B8A23593C
:1078000020B0032653582321B800C08A8A1B8A233C
:107810005920B0032653582321B801008A8A1B8AB5
:10782000235920B0032653582321B801408A8A1BCC
:107830008A235920B80003265358B0032545B801C0
:107840008050582321B8018023211BB003254523F4
:10785000212321591B2159442DB8003B2C4B53584F
:1078600045441B2121592DB8003C2C4BB8000B502E
:1078700058B101018E59B801FF85B800441DB90007
:107880000B00035F5E2DB8003D2C2020456944B0FD
:1078900001602DB8003E2CB8003D2A212DB8003FD4
:1078A0002C2046B003254652582359208A208A4965
:1078B000648A204620686164B004254620686164BB
:1078C000525823658A592F20B00053586920B000C0
:1078D000545821B040591B6920B000545821B04081
:1078E0006559593A2DB800402C2046B0042546521F
:1078F00058238A592046206A6164B0042546206ACC
:1079000061645258238A592FFD2DB800412C4B2019
:10791000B0032650585158B080441BB04044591B06
:1079200021212045B0C05058B0C0441B2159592DC9
:10793000B800422C2020456944B001602020457DDC
:10794000691844B001602DB800432CB800422A2DBC
:10795000B800442C4B20B003265358B0401BB00055
:10796000598A8A20B0032653582321B0808A8A1B63
:107970008A235920B0032653582321B800C08A8A8D
:107980001B8A235920B0032653582321B801008AAB
:107990008A1B8A235920B0032653582321B801405B
:1079A0008A8A1B8A235920B80003265358B003251E
:1079B00045B8018050582321B8018023211BB00312
:1079C000254523212321591B2159442DB800452C3D
:1079D0004B535845441B2121592DB800462C4BB818
:1079E000000B5058B101018E59B801FF85B8004411
:1079F0001DB9000B00035F5E2DB800472C20204509
:107A00006944B001602DB800482CB800472A212DE8
:107A1000B800492C2046B003254652582359208AE5
:107A2000208A49648A204620686164B00425462083
:107A3000686164525823658A592F20B000535869F1
:107A400020B000545821B040591B6920B000545850
:107A500021B0406559593A2DB8004A2C2046B0044F
:107A600025465258238A592046206A6164B004256D
:107A700046206A61645258238A592FFD2DB8004B65
:107A80002C4B20B0032650585158B080441BB040B6
:107A900044591B21212045B0C05058B0C0441B217F
:107AA00059592DB8004C2C2020456944B001602064
:107AB00020457D691844B001602DB8004D2CB800F8
:107AC0004C2A2DB8004E2C4B20B003265358B04002
:107AD0001BB000598A8A20B0032653582321B08056
:107AE0008A8A1B8A235920B0032653582321B800C1
:107AF000C08A8A1B8A235920B0032653582321B8F1
:107B000001008A8A1B8A235920B003265358232157
:107B1000B801408A8A1B8A235920B800032653588B
:107B2000B0032545B8018050582321B80180232196
:107B30001BB003254523212321591B2159442DB86E
:107B4000004F2C4B535845441B2121592DB8005050
:107B50002C4BB8000B5058B101018E59B801FF856C
:107B6000B800441DB9000B00035F5E2DB800512C16
:107B70002020456944B001602DB800522CB8005156
:107B80002A212DB800532C2046B0032546525823F5
:107B900059208A208A49648A204620686164B0049A
:107BA000254620686164525823658A592F20B00009
:107BB00053586920B000545821B040591B6920B077
:107BC00000545821B0406559593A2DB800542C2022
:107BD00046B00425465258238A592046206A6164DB
:107BE000B0042546206A61645258238A592FFD2D1E
:107BF000B800552C4B20B0032650585158B0804443
:107C00001BB04044591B21212045B0C05058B0C082
:107C1000441B2159592DB800562C2020456944B0E9
:107C200001602020457D691844B001602DB80057DF
:107C30002CB800562A2DB800582C4B20B0032653E0
:107C400058B0401BB000598A8A20B00326535823ED
:107C500021B0808A8A1B8A235920B00326535823D7
:107C600021B800C08A8A1B8A235920B003265358A2
:107C70002321B801008A8A1B8A235920B003265386
:107C8000582321B801408A8A1B8A235920B800034F
:107C9000265358B0032545B8018050582321B80118
:107CA0008023211BB003254523212321591B215962
:107CB000442DB800592C4B535845441B2121592DB4
:107CC000B8005A2C4BB8000B5058B101018E59B86E
:107CD00001FF85B800441DB9000B00035F5E2DB89D
:107CE000005B2C2020456944B001602DB8005C2C5D
:107CF000B8005B2A212DB8005D2C2046B003254634
:107D000052582359208A208A49648A204620686173
:107D100064B004254620686164525823658A592F4F
:107D200020B00053586920B000545821B040591B6E
:107D30006920B000545821B0406559593A2DB80017
:107D40005E2C2046B00425465258238A59204620EE
:107D50006A6164B0042546206A61645258238A59D6
:107D60002FFD2DB8005F2C4B20B0032650585158E2
:107D7000B080441BB04044591B21212045B0C05065
:107D800058B0C0441B2159592DB800602C20204503
:107D90006944B001602020457D691844B001602D20
:107DA000B800612CB800602A2DB800622C4B20B0BE
:107DB00003265358B0401BB000598A8A20B00326CE
:107DC00053582321B0808A8A1B8A235920B0032666
:107DD00053582321B800C08A8A1B8A235920B00334
:107DE0002653582321B801008A8A1B8A235920B0C0
:107DF000032653582321B801408A8A1B8A2359201D
:107E0000B80003265358B0032545B80180505823C5
:107E100021B8018023211BB00325452321232159AB
:107E20001B2159442DB800632C4B535845441B214A
:107E300021592DB800642C4BB8000B5058B10101EA
:107E40008E59B801FF85B800441DB9000B00035FCF
:107E50005E2DB800652C2020456944B001602DB826
:107E600000662CB800652A212DB800672C2046B08A
:107E700003254652582359208A208A49648A20467D
:107E800020686164B0042546206861645258236507
:107E90008A592F20B00053586920B000545821B09F
:107EA00040591B6920B000545821B0406559593AD7
:107EB0002DB800682C2046B00425465258238A5914
:107EC0002046206A6164B0042546206A61645258E5
:107ED000238A592FFD2DB800692C4B20B003265062
:107EE000585158B080441BB04044591B21212045B3
:107EF000B0C05058B0C0441B2159592DB8006A2C4D
:107F00002020456944B001602020457D691844B0B7
:107F100001602DB8006B2CB8006A2A2DB8006C2CBB
:107F20004B20B003265358B0401BB000598A8A201A
:107F3000B0032653582321B0808A8A1B8A235920F4
:107F4000B0032653582321B800C08A8A1B8A2359BC
:107F500020B0032653582321B801008A8A1B8A23A4
:107F60005920B0032653582321B801408A8A1B8A1E
:107F7000235920B80003265358B0032545B8018083
:107F800050582321B8018023211BB003254523210C
:107F90002321591B2159442DB8006D2C4B535845B2
:107FA000441B2121592DB8006E2C4BB8000B5058A2
:107FB000B101018E59B801FF85B800441DB9000B0D
:107FC00000035F5E2DB8006F2C2020456944B0018E
:107FD000602DB800702CB8006F2A212DB800712CCC
:107FE0002046B003254652582359208A208A4964E6
:107FF0008A204620686164B0042546206861645286
:108000005823658A592F20B00053586920B0005476
:108010005821B040591B6920B000545821B0406528
:1080200059593A2DB800722C2046B00425465258B2
:10803000238A592046206A6164B0042546206A617B
:10804000645258238A592FFD2DB800732C4B20B051
:10805000032650585158B080441BB04044591B214E
:10806000212045B0C05058B0C0441B2159592DB8EB
:1080700000742C2020456944B001602020457D69B2
:108080001844B001602DB800752CB800742A2DB8C2
:1080900000762C4B20B003265358B0401BB000593B
:1080A0008A8A20B0032653582321B0808A8A1B8AEB
:1080B000235920B0032653582321B800C08A8A1BB5
:1080C0008A235920B0032653582321B801008A8AF5
:1080D0001B8A235920B0032653582321B801408A14
:1080E0008A1B8A235920B80003265358B00325451C
:1080F000B8018050582321B8018023211BB00325EB
:108100004523212321591B2159442DB800772C4B9D
:10811000535845441B2121592DB800782C4BB800E9
:108120000B5058B101018E59B801FF85B800441DAC
:10813000B9000B00035F5E2DB800792C2020456943
:1081400044B001602DB8007A2CB800792A212DB8EE
:10815000007B2C2046B003254652582359208A2004
:108160008A49648A204620686164B00425462068F4
:108170006164525823658A592F20B00053586920F2
:10818000B000545821B040591B6920B00054582108
:10819000B0406559593A2DB8007C2C2046B00425D2
:1081A000465258238A592046206A6164B004254605
:1081B000206A61645258238A592FFD2DB8007D2C06
:1081C0004B20B0032650585158B080441BB0404457
:1081D000591B21212045B0C05058B0C0441B215923
:1081E000592DB8007E2C2020456944B00160202024
:1081F000457D691844B001602DB8007F2CB8007E21
:108200002A2DB800802C4B20B003265358B0401BB9
:10821000B000598A8A20B0032653582321B0808A9F
:108220008A1B8A235920B0032653582321B800C043
:108230008A8A1B8A235920B0032653582321B80168
:10824000008A8A1B8A235920B0032653582321B859
:1082500001408A8A1B8A235920B80003265358B04C
:10826000032545B8018050582321B8018023211BE4
:10827000B003254523212321591B2159442DB80042
:10828000812C4B535845441B2121592DB800822C79
:108290004BB8000B5058B101018E59B801FF85B899
:1082A00000441DB9000B00035F5E2DB800832C2035
:1082B00020456944B001602DB800842CB800832AA1
:1082C000212DB800852C2046B0032546525823594D
:1082D000208A208A49648A204620686164B0042587
:1082E0004620686164525823658A592F20B0005394
:1082F000586920B000545821B040591B6920B00083
:10830000545821B0406559593A2DB800862C204662
:10831000B00425465258238A592046206A6164B029
:10832000042546206A61645258238A592FFD2DB8CE
:1083300000872C4B20B0032650585158B080441B66
:10834000B04044591B21212045B0C05058B0C04412
:108350001B2159592DB800882C2020456944B001B3
:10836000602020457D691844B001602DB800892C3B
:10837000B800882A2DB8008A2C4B20B00326535809
:10838000B0401BB000598A8A20B0032653582321DD
:10839000B0808A8A1B8A235920B003265358232190
:1083A000B800C08A8A1B8A235920B0032653582359
:1083B00021B801008A8A1B8A235920B0032653580A
:1083C0002321B801408A8A1B8A235920B80003263A
:1083D0005358B0032545B8018050582321B8018077
:1083E00023211BB003254523212321591B21594457
:1083F0002DB8008B2C4B535845441B2121592D007F
:10840000B800822BB800782BB8006E2BB800642B14
:10841000B8005A2BB800502BB800462BB8003C2BA4
:10842000B800322BB800282BB8001E2BB800142B34
:10843000B8000A2B400E1B1B1A1A0B0B010100007F
:108440000F0F45018DB801FF857645684418B302CA
:108450000B46002BB3030046002BB3040146002B50
:10846000B3050B46002BB3060046002BB3070146AD
:10847000002BB3080F46002BB3090146002BB30AAB
:108480000046002BB30C0146002BB30D0B46002B0E
:10849000B30E0146002BB3100F46002BB3110F464D
:1084A000002BB3120B46002BB3130B46002BB31457
:1084B0000146002BB3150146002BB3160F46002BC7
:1084C000B3170146002BB3180146002BB3190B4616
:1084D000002B456844456844456844456844456800
:1084E0004400000002BB0183004B0246020600006C
:1084F000035101CEFF90019D023000000215000ED5
:108500000139FF8CFF45FFA700B6007101D501506E
:10851000FF6B010400EE008C004B004B009E0083BB
:1085200000AC0082001C004B0061000E0033004ACA
:10853000001600160016001600160016001600168B
:108540000016001600160016001600000004003287
:108550000000021202D00005000B000F0017008F70
:10856000B800642BB800182FB800132FB80010DC27
:10857000BA000000130010111239B8001810B8002A
:108580000DD0B8000D2FB80004DCB80007D0B8003B
:10859000072FB8000D10B80008D0B800082FBA0097
:1085A0000B00130010111239B8000410B8000FD0DE
:1085B000B8001010B80019DC00BA00130000006702
:1085C0002BBA000B001400672BB8001310B800047E
:1085D000D0B8001410B80007D0BA000D0000001386
:1085E000111239BA000E0014000B11123930312962
:1085F00001262737211121273637210107111701BD
:108600000607271137161701CCFE98280A50012CAF
:10861000FED5500A280167FEB6505001900A281E68
:108620001E280A0A281E02301E280AFD941E024433
:108630001EFDC6280A500230500A280000030032EE
:108640000000008202D00004000B000F0043B800BD
:10865000642BBA0002000300672BB8000310B800B7
:1086600005D0B8000210B80009D0B8000210B80058
:108670000CD0B8000310B8000DD000B800072FBA16
:10868000000F000C00672BB8000F10B80003DC309F
:1086900031131715233D02371617110713233533EE
:1086A0006E14501E280A14145050015E14AA828CB5
:1086B000D2500A28FEE814FE8E500000000200325C
:1086C0000208012302D100040009003BB800642B1A
:1086D000B8000A2FB800072FB8000A10B80002D05F
:1086E000B800022FB80000DCB8000710B80005DCA5
:1086F000B8000BDC00B800032FB800082FB8000149
:108700002FB800062F3031130727353317072735C9
:108710003382282850A128285002302828A09F28DA
:1087200028A00000000C0032007701EA0258000582
:10873000000B00110017001D00230029002F003539
:10874000003B0041004700E7B800642BB800482F09
:10875000B800122FB8004810B8000CD0B8000C2F89
:10876000B8000EDCB8001210B80014DCB8000C1011
:10877000B80018D0B8000E10B8001AD0B800121007
:10878000B8001ED0B8001410B80020D0B8001210E5
:10879000B80024D0B8001410B80026D0B8000C10CF
:1087A000B8002AD0B8000E10B8002CD000B80019BC
:1087B0002FB8001F2FB800282FB8002E2FBA003670
:1087C000003800672BBA0042004400672BB8004213
:1087D00010B80000D0B800002FB8004410B8000254
:1087E000D0B800022FB8003610B80006D0B8000686
:1087F0002FB8003810B80008D0B800082FB80036DD
:1088000010B80030D0B800302FB8003810B800329F
:10881000D0B800322FB8004210B8003CD0B8003CAD
:108820002FB8004410B8003ED0B8003E2F303101C0
:1088300017072327371F0107232737273717150760
:10884000273F011715072F0137171507273F011776
:1088500015072711371715072F01371715072F0190
:10886000170723273705170723273F011707232754
:1088700037051707232737012228282828282828E2
:10888000282828286428282828A028282828A0283C
:10889000282828A02828282828282828A028282868
:1088A0002814282828282801682828282828282843
:1088B00028282828FEE8282828282801E028282811
:1088C00028A0282828283C2828282828282828289C
:1088D0002828DC28283C28283C28283C2828FEE991
:1088E00028283D28283C28283D2828A12828282851
:1088F0000128282828A128282828012828282800F5
:1089000000090032FF8801D603480005000C001260
:108910000017001F00240028002C003100C3B800FD
:10892000642BBA0011001000672BBA00240020004D
:10893000672BBA0007000200672BB8000210B800CE
:108940000BD0BA000D00020007111239B800111047
:10895000B80013D0B8001010B80016D0B80020101E
:10896000B80025D0B8002410B80027D0B8002010D7
:10897000B80029D0B8002410B8002BD0B8002410BB
:10898000B8002DD0B8002010B80030D0B8000710C3
:10899000B80033DC00B800222FB8002F2FBA000D2A
:1089A000002D00672BBA0020001B00672BBA002C9B
:1089B000001200672BBA0018002600672BBA0002CD
:1089C000000C00672BBA0028000000672BBA0017C4
:1089D000002F0022111239B8000C10B8002AD03034
:1089E00031011707212737051711060727351321EE
:1089F0002627373303150727111727363721161770
:108A0000072735371715033533150335331D02078F
:108A1000273501862828FEFC28280140140A281E34
:108A20000AFED4280A50F0F03C1451500A28013FA5
:108A3000280A50A028285050505028280190282853
:108A400028283214FEE8280A50D2FEDE0A281E0228
:108A50001CBE3C1401040A1E280A0A281E6E322875
:108A60002832FEC0B4B4FEC0B4B48C322828320020
:108A7000000A00320000022602D00005000B00119F
:108A80000017001D00230029002F0035003B00E9DE
:108A9000B800642BB8003C2FB8002C2FB80000D0D1
:108AA000B800002FB8003C10B8000ED0B8000E2F50
:108AB000B80022DCB80006D0B800062FBA001100BA
:108AC0000E0022111239B8000E10B80016D0B800EE
:108AD0002210B8001AD0BA001D000E00221112395F
:108AE000B8002C10B80028DCBA002F002C00281188
:108AF0001239B8002C10B80034D0BA0035000E007E
:108B000028111239B8002810B80038D0BA003B003C
:108B10002C0028111239B8002810B8003DDC00BA2A
:108B2000002E003200672BBA0010001400672BB82B
:108B3000001010B80001D0B8003210B80007D0BA49
:108B4000001700140010111239B8001410B8001CDE
:108B5000D0BA002300140010111239BA00290032D3
:108B6000002E111239BA00350032002E111239B818
:108B7000003210B8003AD030310137321703230FDA
:108B800001222713330323273637330715072627F8
:108B900035173317060723373537161715133537AB
:108BA00016171527232736373307150726273517B6
:108BB00033170607230137773C149A2D16773C1498
:108BC0009A2D633C500A28785A1E280A643C500AA1
:108BD00028785A1E280AB41E280A643C500A2878AD
:108BE0005A1E280A643C500A287801DEF228FECA80
:108BF00080F228013601221E280A643C500A287897
:108C00005A1E280A643C500A2878FE3E3C500A2826
:108C1000785A1E280A643C500A28785A1E280A00EE
:108C200000080032FFA601FE02A80005000B00129A
:108C30000017001D00220029002E00AFB800642B91
:108C4000BA0010001300672BBA0028002300672B1E
:108C5000BA000200230028111239B800022FB80010
:108C600007DCB8000210B8000AD0B8001010B80035
:108C700016D0BA001D00230028111239BA002100B5
:108C8000130010111239B800212FB8001FDCBA00F0
:108C90002200130010111239B8000710B8002AD0B2
:108CA000B8000210B8002DD0B8000710B80030DCB2
:108CB00000B8002C2FBA001D002400672BBA001149
:108CC000000C00672BBA0000000200672BBA0013EB
:108CD000000C0011111239B8002410B80019D0BAD4
:108CE00000220024001D11123930310117072127FD
:108CF0003705171523273513212627372117251167
:108D0000371715132327363733071507273505354A
:108D10003716171507131507273501862828FEFC77
:108D20002828014014321E64FE7A280A5001403C73
:108D3000FE34143CC8A0500A28DCBE3C1401041EBA
:108D4000280A143C143C0190282828283214E61ED6
:108D5000A0FEDE0A281E3C320104143CBE01F41EB3
:108D6000280A646E3C14B48C82500A28C814FE523F
:108D700032143C0A000100320208008202D00004D2
:108D80000017B800642BBA0000000200672B00B87F
:108D900000012FB800032F30311307273533822805
:108DA000285002302828A000000400320000012CC6
:108DB00002D00005000B00110017002FB800642B33
:108DC000BA000B000700672BB8000B10B80012D0D8
:108DD000B8000710B80015D000BA0011000D0067E8
:108DE0002BBA0004000000672B30310123273733F2
:108DF0001703273537171513072327373327150789
:108E000027353701046E28286E28E614321EAA285A
:108E10006E28286E821E32140280282828FECA146A
:108E2000E6321ED2FE7A282828D2D21E32E614005C
:108E3000000400320000012C02D00005000B0011DC
:108E400000170037B800642BBA0008000A00672B2F
:108E5000B8000A10B80012D0B8000810B80015D039
:108E6000B8000810B80019DC00BA00010003006760
:108E70002BBA000E001000672B3031373317072351
:108E800027131715072735033733170723173537E8
:108E90001715075A6E28286E28E614321EAA286E67
:108EA00028286E821E321450282828013614E632F3
:108EB0001ED20186282828D2D21E32E614000000D5
:108EC0000001003200AA017C022600170063B800EE
:108ED000642BBA0004000000672BB8000410B8002F
:108EE0000CD0B8000010B8000FD000B800022FB8A6
:108EF000000E2FBA0000000E0002111239BA000451
:108F0000000E0002111239BA0008000E0002111200
:108F100039BA000C000E0002111239BA0010000E0E
:108F20000002111239BA0014000E00021112393079
:108F300031133537171537170F011F01072715078D
:108F4000273507273F012F0137AF282846370F4520
:108F5000450F3746282846370F45450F3701AE5095
:108F6000282850280F372828370F2850282850281D
:108F70000F372828370F00000001003200BE01869D
:108F80000212000F003FB800642BBA00040000007A
:108F9000672BB8000410B80008D0B8000010B80063
:108FA0000BD000B8000A2FB800022FBA0005000746
:108FB00000672BB8000510B80000D0B8000710B843
:108FC000000CD03031133537171533170723150729
:108FD0002735232737B428285A28285A28285A28DA
:108FE0002801905A28285A28285A28285A28280020
:108FF00000010032FF880082005000040017B80012
:10900000642BBA0000000200672B00B800012FB8E3
:1090100000032F3031170727353382282850502876
:1090200028A00000000100320140018601900005E7
:10903000000FB800642B00BA0000000200672B305C
:1090400031011707212737015E2828FEFC28280157
:10905000902828282800000000010032000000822B
:10906000005000030017B800642BBA000000010094
:10907000672B00BA0003000000672B303133233523
:10908000338250505000000000020032000001D630
:1090900002D00005000B000FB800642B00B80001DF
:1090A0002FB800072F30310137321703230F012269
:1090B000271333010F773C149A2D16773C149A2D01
:1090C00001DEF228FECA80F22801360000060032D6
:1090D000000001D602D00006000C00110017001C91
:1090E000002300AFB800642BB800242FB800052F70
:1090F000B80002DCBA000700050002111239B800FE
:109100002410B8000DD0B8000D2FB8000BDCB8004B
:1091100010D0B8000B10B80013D0B800132FB8004F
:109120000D10B80014D0B800142FBA0017000500B5
:1091300002111239B8000B10B80018D0B8000D1089
:10914000B8001BD0B8000510B8001DD0B800021040
:10915000B80021D0B8000210B80025DC00BA000524
:10916000000700672BBA0017001E00672BB8000528
:1091700010B8000BD0BA000D00070005111239B865
:10918000001E10B80013D0BA001C001E00171112E8
:1091900039303101171106072735132126273733B8
:1091A0000511371715132327363721051507271102
:1091B0000535371617110701C2140A281E0AFED4F6
:1091C000280A50F0FEC0143CF0EF500A28012BFE94
:1091D000F23C1401541E280A14015E14FEE8280A09
:1091E00050D2FEDE0A281E0A0104143CBE021C1ED8
:1091F000280A64BE3C140104DCD2500A28FEE8149C
:10920000000200320000008202D00006000D002F94
:10921000B8005A2BBA00020005005D2BB8000510FB
:10922000B80007D0B8000210B8000BD0B800021088
:10923000B8000FDC00B800042FB800092F3031133C
:1092400017110607273D0237161711076E140A2853
:109250001E1E280A14015E14FEE8280A50D28CD281
:10926000500A28FEE814000000050032000001D674
:1092700002D00005000B00100016001D00A5B8006C
:10928000642BB8001E2FB800002FB80002D0B80021
:109290001E10B8000CD0B8000C2FB8000ADCB800C3
:1092A00003D0B8000A10B80005D0B8000010B8000C
:1092B0001CDCBA00060000001C111239B8000A10AC
:1092C000B8000FD0B8000A10B80012D0B800122FA2
:1092D000B8000C10B80013D0B800132FBA00160055
:1092E00000001C111239B8000010B80017D0B800E7
:1092F0001C10B8001FDC00BA000B000600672BBA78
:109300000016001800672BBA0000000200672BBA95
:10931000000C0006000B111239B8001810B800122A
:10932000D0303101170721273701212627372105A2
:109330001137171513232736372103353716171121
:109340000701862828FEFC2828012CFEB6280A5092
:10935000010EFEA2143CF0EF500A28012B0A1E2831
:109360000A14019028282828FE700A281E0A0104E1
:10937000143CBE021C1E280AFEDED2500A28FEE85B
:109380001400000000050032000001D602D00005E4
:10939000000C00120018001F006BB8005A2BBA0016
:1093A0001E0000005D2BB8001E10B80007D0B800EA
:1093B0000010B8000BD0BA000D0000001E111239C9
:1093C000BA00180000001E111239B8000010B800D1
:1093D00019D0B8001E10B80021DC00BA000B000D37
:1093E000005D2BBA0018001A005D2BBA00000002C5
:1093F000005D2BB8000B10B80011D0B8001A10B8DF
:109400000014D0303101170721273705171106073F
:1094100027351321262737331123273637210335E4
:10942000371617110701862828FEFC28280140144A
:109430000A281E0AFED4280A50F0EF500A28012BF1
:109440000A1E280A140190282828283214FEE82829
:109450000A50D2FEDE0A281E02301E280AFEDED284
:10946000500A28FEE814000000040032000001D673
:1094700002D00005000C00110018006DB800642B2C
:10948000B800192FB800002FB80002D0B80019108A
:10949000B80010D0B800102FB80005DCB80003D019
:1094A000B8000010B80017DCB80007D0B8000010F2
:1094B000B8000BD0B8000510B8000DD0B8000010EF
:1094C000B80012D0B8001710B8001ADC00B80014A9
:1094D0002FB8000A2FBA0000000200672BBA001153
:1094E000000A0014111239303101170721273705FE
:1094F00017110607273501150727110535371617E8
:10950000110701862828FEFC28280140140A281E7D
:10951000FEFC3C1401541E280A1401902828282817
:109520003214FEE8280A50D20168DC3C140122FA09
:10953000D2500A28FEE8140000050032000001D6CF
:1095400002D00005000C00120018001D00ADB8008C
:10955000642BB8001E2FB800022FB80000D0B8004E
:109560001E10B80010D0B800102FB80011DCB800E1
:1095700003D0B8001110B80005D0B8000210B80030
:1095800007DCB8000210B8000BD0BA000D000200D2
:1095900007111239B8001110B80014D0B800142FF8
:1095A000B8001010B80015D0B800152FBA00180078
:1095B000020007111239B8001110B80019D0B80014
:1095C0001010B8001CD0B8000710B8001FDC00BA9B
:1095D000000B000D00672BBA0018001300672BBAB0
:1095E0000000000200672BB8000B10B80011D0BAC1
:1095F000001D0013001811123930310117072127FF
:10960000370517110607273513212627373313216E
:1096100027363721051507271101862828FEFC2843
:10962000280140140A281E0AFED4280A50F01EFE03
:10963000F3500A280149FED43C1401902828282818
:109640003214FEE8280A50D2FEDE0A281E02301E1E
:10965000280A64BE3C14010400060032000001D652
:1096600002D00005000C00120017001D002200BFF0
:10967000B800642BB800232FB800022FB80000D028
:10968000B8002310B80013D0B800132FB80011DCB5
:10969000B80003D0B8001110B80005D0B80002100F
:1096A000B80007DCB8000210B8000BD0BA000D00FB
:1096B000020007111239B8001110B80016D0B80016
:1096C0001110B80019D0B800192FB8001310B80045
:1096D0001AD0B8001A2FBA001D0002000711123963
:1096E000B8001110B8001ED0B8001310B80021D077
:1096F000B8000710B80024DC00BA000B000D0067AA
:109700002BBA001D001800672BBA0000000200678A
:109710002BB8000B10B80011D0BA0013000D000BCD
:10972000111239BA00220018001D1112393031010E
:109730001707212737051711060727351321262775
:10974000373305113717150121273637210515073E
:10975000271101862828FEFC28280140140A281E0B
:109760000AFED4280A50F0FEC0143C010EFEF3504D
:109770000A280149FED43C140190282828283214D4
:10978000FEE8280A50D2FEDE0A281E0A0104143C14
:10979000BE021C1E280A64BE3C14010400040032F0
:1097A000000001D602D00006000C0011001800775E
:1097B000B8005A2BB800192FB800052FB80002DCEA
:1097C000B8001910B80010D0B800102FB8000EDC87
:1097D000B80008D0B800082FB8001010B80009D0A1
:1097E000B800092FBA000C00050002111239B800A8
:1097F0000510B80012D0B8000210B80016D0B8009A
:109800000210B8001ADC00B800042FBA000C0013D4
:10981000005D2BB8001310B80008D0BA0011001377
:10982000000C1112393031011711060727350323B7
:109830002736372105150727110535371617110764
:1098400001C2140A281E14EF500A28012BFEF23C14
:109850001401541E280A14015E14FEE8280A50D28E
:10986000015E1E280A64BE3C140104DCD2500A28A2
:10987000FEE8140000070032000001D602D0000507
:10988000000C00120017001D0022002900D3B800B0
:109890005A2BB8002A2FB800002FB80002D0B80009
:1098A0002A10B80013D0B800132FB80011DCB8008C
:1098B00003D0B8001110B80005D0B8000010B800EF
:1098C00028DCB80007D0B8000010B8000BD0BA00F0
:1098D0000D00000028111239B8001110B80016D080
:1098E000B8001110B80019D0B800192FB800131023
:1098F000B8001AD0B8001A2FBA001D0000002811B5
:109900001239B8001110B8001ED0B8001310B800FA
:1099100021D0B8000010B80023D0B8002810B8003B
:109920002BDC00BA000B000D005D2BBA001D0024DB
:10993000005D2BBA00000002005D2BB8000B10B8D0
:109940000011D0BA0013000D000B111239B8002419
:1099500010B80019D0BA00220024001D11123930AD
:10996000310117072127370517110607273513215E
:1099700026273733051137171513232736372105C7
:10998000150727110535371617110701862828FEF8
:10999000FC28280140140A281E0AFED4280A50F088
:1099A000FEC0143CF0EF500A28012BFEF23C1401DB
:1099B000541E280A140190282828283214FEE8286A
:1099C0000A50D2FEDE0A281E0A0104143CBE021C04
:1099D0001E280A64BE3C140104DCD2500A28FEE8AA
:1099E0001400000000060032000001D602D000057D
:1099F000000C00120018001D002400C1B8005A2BF2
:109A0000B800252FB800002FB80002D0B8002510EC
:109A1000B80010D0B800102FB80011DCB80003D087
:109A2000B8001110B80005D0B8000010B80023DC51
:109A3000B80007D0B8000010B8000BD0BA000D0075
:109A4000000023111239B8001110B80014D0B8006A
:109A5000142FB8001010B80015D0B800152FBA0098
:109A60001800000023111239B8001110B80019D0E5
:109A7000B8001010B8001CD0B8000010B8001ED0FC
:109A8000B8002310B80026DC00BA000B000D005D02
:109A90002BBA0018001F005D2BBA00000002005D09
:109AA0002BB8000B10B80011D0B8001F10B800146C
:109AB000D0BA001D001F00181112393031011707EC
:109AC0002127370517110607273513212627373396
:109AD00011232736372105150727110535371617A6
:109AE000110701862828FEFC28280140140A281E98
:109AF0000AFED4280A50F0EF500A28012BFEF23C4F
:109B00001401541E280A140190282828283214FE13
:109B1000E8280A50D2FEDE0A281E02301E280A64F7
:109B2000BE3C140104DCD2500A28FEE814000000F8
:109B30000002003200A00082023000030007002F64
:109B4000B800822BBA0000000100852BB80000107D
:109B5000B80004D0B8000110B80005D000BA000366
:109B6000000000852BBA0007000400852B30313738
:109B7000233533352335338250505050A050F050A8
:109B800000020032FF880082023000030008002B30
:109B9000B800642BBA0000000100672BB800001069
:109BA000B80004D0B8000110B80006D000B8000515
:109BB0002FBA0003000000672B3031132335331117
:109BC0000727353382505028285001E050FD802867
:109BD00028A000000002003200960140023A000472
:109BE00000090023B800642B00B800022FB800065B
:109BF0002FBA000100060002111239BA000800064F
:109C0000000211123930311323373317110723277C
:109C100033A06EC8281E1E28C86E0172C827FEAA6F
:109C200027C800000002003200EF018601E00005B5
:109C3000000B0017B800642B00BA0006000800678C
:109C40002BBA0000000200672B30310117072127D3
:109C500037051707212737015E2828FEFC28280131
:109C6000042828FEFC282801E028282828A12828E4
:109C7000282800000002003200960140023A000449
:109C800000090023B800642B00B800012FB80007BA
:109C90002FBA000300070001111239BA00060007AD
:109CA00000011112393031133733172315330723CD
:109CB00027321E28C86E6EC8281E021327C814C873
:109CC0002700000000050032000001D602D0000588
:109CD000000A00100017001B0099B800642BB800A0
:109CE0001C2FB800002FB80002D0B8001C10B8001C
:109CF00006D0B800062FB8000ADCB80003D0B800C0
:109D00000A10B80005D0B8000A10B8000CD0B8008E
:109D10000C2FB8000610B8000DD0B8000D2FB800F9
:109D20000010B80016DCBA0010000000161112393D
:109D3000B8000010B80011D0B8000A10B80018D050
:109D4000B8000610B80019D0B8001610B8001DDC15
:109D500000BA001B001800672BBA00100012006741
:109D60002BBA0000000200672BB8001210B8000CDC
:109D7000D03031011707212737073537171513233F
:109D800027363721033537161711070123353301DD
:109D9000862828FEFC282850143CF0EF500A2801A1
:109DA0002B0A1E280A14FEC050500190282828288B
:109DB000F0AA143C8201E01E280AFEDED2500A28D6
:109DC000FEE814FE8E500000000A0032000001D6AA
:109DD00002D00006000C00110017001C002300290F
:109DE000002E0033003900CDB800642BBA000B0000
:109DF0000D00672BBA0029002A00672BBA00020069
:109E00000500672BBA000700050002111239B800DF
:109E10000B10B80010D0BA0017000500021112395B
:109E2000B8000B10B80018D0B8000D10B8001BD047
:109E3000B8000510B8001DD0B8000210B80021D03D
:109E4000B8002A10B80032D0BA0033000D00021159
:109E50001239B8002910B80034D0B8000210B80088
:109E60003BDC00BA000C000700672BBA0017001E8D
:109E700000672BBA0028002500672BBA0039003490
:109E800000672BBA000D0007000C111239B8001E34
:109E900010B80013D0BA001C001E0017111239BAF6
:109EA000002A00250028111239BA00330034003985
:109EB00011123930310117150607273513212627CE
:109EC00037330511371715132327363721051507A3
:109ED00027110535371617110F0226273733073597
:109EE000371715351507273517232736371701C2BA
:109EF000140A281E0AFED4280A50F0FEC0143CF0B2
:109F0000EF500A28012BFEF23C1401541E280A14BB
:109F1000328C280A5050A0143C3C14A050500A28FF
:109F20006E015E1478280A5032FEDE0A281E0A01ED
:109F300004143CBE021C1E280A64BE3C140104DC4E
:109F4000D2500A28FEE814D2010A281F0A64143CE1
:109F50001EC81E3C14640A1F280A010000060032B5
:109F6000000001D602D00005000C00120017001EF0
:109F7000002500AFB800642BB800262FB800002FD2
:109F8000B80002D0B8002610B80016D0B800162FBE
:109F9000B80005DCB80003D0B8000010B8001DDC24
:109FA000B80007D0B8000010B8000BD0B8000510FA
:109FB000B8000ED0B8000E2FB8001610B8000FD0A1
:109FC000B8000F2FBA00120000001D111239B8009E
:109FD0000510B80013D0B8000010B80018D0B800B1
:109FE0000510B8001FD0B8001610B80023D0B80074
:109FF0001D10B80027DC00B8000A2FB800212FBAC6
:10A000000012001900672BBA0000000200672BB88D
:10A01000001910B8000ED0BA001700190012111262
:10A020003930310117072127370517110607273562
:10A03000032327363721051507271105353716174E
:10A0400011070515072627113701862828FEFC2849
:10A05000280140140A281E14EF500A28012BFEF292
:10A060003C1401541E280A14FEC01E280A14019034
:10A07000282828283214FEE8280A50D2015E1E281B
:10A080000A64BE3C140104DCD2500A28FEE81450D5
:10A09000D2500A280118140000070032000001D62F
:10A0A00002D00005000A00100015001B0021002747
:10A0B00000AFB800642BB800282FB800002FB800FC
:10A0C00002D0B8002810B80006D0B800062FB8009B
:10A0D00026DCB80003D0B8002610B80005D0B800C0
:10A0E0002610B80009D0B8002610B8000CD0B8006F
:10A0F0000610B8000DD0B8002610B80011D0B80076
:10A100000610B80014D0B8000010B80016D0B8007F
:10A110000010B8001ADCB8001DD0B8000010B8005C
:10A1200020D0B8000610B80024D0B8001A10B8002B
:10A1300029DC00BA0027002300672BBA000F000BB0
:10A1400000672BBA0000000200672BBA000600234C
:10A150000027111239BA0015000B000F1112393007
:10A160003101170721273703113717151323273517
:10A170002117051507271105353717150715171569
:10A1800007273517072135373301862828FEFC2895
:10A190002850143CF0F050014028FEE83C140154D3
:10A1A0001E321414321E1328FEC150EF01902828CD
:10A1B0002828FEB60104143CBE021C1E32283CBEF8
:10A1C0003C140104DCD21E32E6141414E6321ED212
:10A1D000FA28321E00040032000001AE02D0000551
:10A1E000000A00100015004BB800642BBA000400F0
:10A1F0000600672BB8000410B80009D0B80004109E
:10A20000B80011D0B8000610B80014D000BA00058C
:10A21000000000672BBA0010000B00672BBA000685
:10A2200000000005111239BA0015000B00101112C0
:10A23000393031290126273721051137171501211A
:10A2400027363721051507271101AEFEB6280A501B
:10A25000010EFEA2143C010EFEF3500A280149FE35
:10A26000D43C140A281E0A0104143CBE021C1E28F9
:10A270000A64BE3C1401040000060032000001D64E
:10A2800002D00004000A000F0015001B0021008B03
:10A29000B800642BB800222FB800102FB80022108D
:10A2A000B80000D0B800002FB80020DCB80003D000
:10A2B000B8002010B80006D0B8000010B80007D0D1
:10A2C000B8002010B8000BD0B8000010B8000ED0B5
:10A2D000B8001010B80014DCB80017D0B800101087
:10A2E000B8001AD0B8000010B8001ED0B800141082
:10A2F000B80023DC00BA0021001D00672BBA00095A
:10A30000000500672BBA0000001D0021111239BAA8
:10A31000000F0005000911123930313711371715B8
:10A32000132327352117051507271105353717156D
:10A330000715171507273517072135373332143C12
:10A34000F0F050014028FEE83C1401541E32141471
:10A35000321E1328FEC150EF460104143CBE021CFD
:10A360001E32283CBE3C140104DCD21E32E614141A
:10A3700014E6321ED2FA28321E0000000005003218
:10A38000000001AE02D00005000B00100016001BFB
:10A390000053B800642BBA000A000C00672BB80009
:10A3A0000A10B8000FD0B8000A10B80017D0B800D3
:10A3B0000C10B8001AD000BA000B000600672BBAC8
:10A3C0000016001100672BBA0000000200672BBACC
:10A3D000000C0006000B111239BA001B0011001608
:10A3E000111239303101170721273701212627376C
:10A3F00021051137171501212736372105150727A4
:10A400001101862828FEFC2828012CFEB6280A50B7
:10A41000010EFEA2143C010EFEF3500A280149FE73
:10A42000D43C14019028282828FE700A281E0A010E
:10A4300004143CBE021C1E280A64BE3C1401040025
:10A4400000040032000001AE02D00005000B001035
:10A4500000170045B800642BBA0005000F00672BF9
:10A46000B8000510B8000CD0B8000510B80011D025
:10A47000B8000F10B80015D000B800132FBA000BA9
:10A48000000600672BBA0000000200672BBA00101C
:10A490000006000B1112393031011707212737252B
:10A4A00021273637210515072711131507262711F0
:10A4B0003701862828FEFC2828010EFEF3500A28C2
:10A4C0000149FED43C14501E280A14019028282863
:10A4D00028F01E280A64BE3C140104FE98D2500ADB
:10A4E0002801181400060032000001D602D0000531
:10A4F000000C00120017001D002200AFB800642BF2
:10A50000B800232FB800022FB80000D0B800021006
:10A51000B80007DCB8000210B8000BD0BA000D007C
:10A52000020007111239B8002310B80013D0B80088
:10A53000132FB80011DCB80016D0B8001110B80005
:10A5400019D0B800192FB8001310B8001AD0B800ED
:10A550001A2FBA001D00020007111239B80011109D
:10A56000B8001ED0B8001310B80021D0B8000710F2
:10A57000B80024DC00BA000B000D00672BBA001DE8
:10A58000001800672BBA0000000200672BB8000B10
:10A5900010B80011D0BA0013000D000B111239BA17
:10A5A00000220018001D111239303101170723272E
:10A5B000371F0111060727351321262737330511C9
:10A5C0003717150121273637210515072711018671
:10A5D00028285A282896140A281E0AFED4280A5029
:10A5E000F0FEC0143C010EFEF3500A280149FED4CF
:10A5F0003C140190282828283214FEE8280A50D25A
:10A60000FEDE0A281E0A0104143CBE021C1E280A93
:10A6100064BE3C140104000000050032000001D6B5
:10A6200002D00005000C0013001A00210077B800CA
:10A63000642BB800222FB800002FB80002D0B80059
:10A640002210B80018D0B800182FB80015DCB800D8
:10A6500003D0B8001510B80005D0B8000010B8003D
:10A6600012DCB80007D0B8000010B8000BD0B8005A
:10A670000010B8000DD0B8001810B8001CD0B800F9
:10A680001510B80020D0B8001210B80023DC00B8B4
:10A69000000A2FB800162FB8000F2FBA00000002D2
:10A6A00000672B30310117072127370517110607DF
:10A6B000273D0237161711070515072627113735CD
:10A6C00027113637171501862828FEFC2828014057
:10A6D000140A281E1E280A14FEC01E280A14140A72
:10A6E000281E0190282828283214FEE8280A50D273
:10A6F0008CD2500A28FEE81450D2500A28011814AF
:10A700000A140118280A50D200020032000A0082FE
:10A7100002D00006000D0027B800782BBA00050013
:10A7200000007B2BB8000510B80008D0B80000105E
:10A73000B8000CD000B800022FB8000B2F30311336
:10A7400035371617110715171106072735321E283A
:10A750000A14140A281E01AED2500A28FEE8140A70
:10A7600014FEE8280A50D20000040032000001D68E
:10A7700002D00006000C001100180067B800642B1E
:10A78000B800192FB800052FB80002DCBA00070086
:10A79000050002111239B8001910B8000DD0B80028
:10A7A0000D2FB8000BDCB80010D0B8000510B800B1
:10A7B00012D0B8000210B80016D0B8000210B800CD
:10A7C0001ADC00B800142FBA0005000700672BB888
:10A7D000000510B8000BD0BA000D000700051112DB
:10A7E0003930310117110607273513212627373352
:10A7F00005113717150135371617110701C2140A4D
:10A80000281E0AFED4280A50F0FEC0143C01041E83
:10A81000280A14015E14FEE8280A50D2FEDE0A2837
:10A820001E0A0104143CBE014AD2500A28FEE81454
:10A8300000050032000001D602D00005000C001215
:10A8400000190020007FB800642BB800212FB80049
:10A85000022FB80000D0B8002110B80017D0B800FF
:10A86000172FB80014DCB80003D0B8001410B800DB
:10A8700005D0B8000210B80007DCB8000210B8001C
:10A880000BD0B8000210B8000ED0B8000710B80006
:10A8900010D0B8001710B8001BD0B8001410B800C2
:10A8A0001FD0B8000710B80022DC00B8000E2FB887
:10A8B000001E2FB8000A2FB800152FBA00000002A2
:10A8C00000672B30310117072127370517110607BD
:10A8D0002735273732170123071507262711373564
:10A8E00027113637171501862828FEFC2828014035
:10A8F000140A281EF0F03C14FEFC3C141E280A1416
:10A90000140A281E0190282828283214FEE8280A54
:10A9100050D2BEF028FEFC82D2500A28011814142E
:10A92000140118280A50D20000030032000001D69A
:10A9300002D00006000C0013003DB800642BBA00E2
:10A9400001000400672BBA000C0004000111123949
:10A95000B8000410B8000ED0B8000110B80012D032
:10A9600000B800112FBA0001000C00672BB80001DD
:10A9700010B80008D03031131507262711371333CC
:10A980001706072103271136371715821E280A14C8
:10A9900050F0500A28FED432140A281E0122D25048
:10A9A0000A28011814FEF21E280A01721401182840
:10A9B0000A50D20000060032000001D602D0000486
:10A9C000000B00110016001D002400BBB800642B12
:10A9D000B800252FB80015D0B800152FB80002DC3C
:10A9E00041030060000200015D410300C00002005D
:10A9F000015DB80000DCB8000210B8000ADC4103B9
:10AA000000C0000A00015D41030060000A00015D12
:10AA1000B80007DCB8001510B80013DCB8000DD082
:10AA2000B8000D2FB8001510B8000ED0B8000E2FCA
:10AA3000BA0011000A0007111239B8000A10B80054
:10AA400017D0B8000710B8001BD0B8001310B8001A
:10AA50001ED0B8001510B80022D0B8000710B800FA
:10AA600026DC00B800092FB800202FBA001100180A
:10AA700000672BB8001810B8000DD0BA00160018E7
:10AA80000011111239303101072735331317110620
:10AA900007273503232736372105150727110535E5
:10AAA000371617110705150726271137012C2828F7
:10AAB0005096140A281E14EF500A28012BFEF23C6F
:10AAC0001401541E280A14FEC01E280A14018628E8
:10AAD00028E6FEF214FEE8280A50D2015E1E280A7B
:10AAE00064BE3C140104DCD2500A28FEE81450D2A3
:10AAF000500A28011814000000050032000001D699
:10AB000002C60006000C0013001A0021005FB80006
:10AB1000642BB800222FB800122FB8002210B80002
:10AB200004D0B800042FB80001DCB8001210B8003F
:10AB30000FDCB8001210B80014D0B8000F10B80025
:10AB400018D0B8000410B8001CD0B8000110B8002C
:10AB500020D0B8000F10B80023DC00B800022FB8D6
:10AB600000112FB800162FB8001F2F303113150712
:10AB70002627113725232735331F02110607273DC6
:10AB800002371617110721271136371715821E288D
:10AB90000A14012C46963CA050140A281E1E280AAE
:10ABA00014FE84140A281E0122D2500A2801181407
:10ABB00046963CA07814FEE8280A50D282D2500A69
:10ABC00028FEE814140118280A50D20000060032AA
:10ABD000000001D602D00005000B00110017001D77
:10ABE00000230053B800642BB800242FB800062FB0
:10ABF000B8000ADCB8000DD0B8000610B80010D0BC
:10AC0000B8002410B80013D0B800132FB80017DC18
:10AC1000B8001ED0B8001310B80021D0B8000A1038
:10AC2000B80025DC00BA001D001900672BBA00042B
:10AC3000000000672B3031012327373317073537E2
:10AC40001715071517150727352527353717150148
:10AC500007232737332715072735370172DC2828C4
:10AC6000DC28141E321414321EFEC014321E0118C9
:10AC700028DC2828DCF01E32140280282828FAD28A
:10AC80001E32E6141414E6321ED25014E6321ED2DE
:10AC9000FE7A282828D2D21E32E61400000500329F
:10ACA000000001D602D00005000B00100016001DA8
:10ACB0000085B800642BB8001E2FB800002FB80024
:10ACC00002D0B8001E10B80010D0B800102FB80085
:10ACD00007DCB80003D0B8000710B80005D0B800F2
:10ACE0001010B80009D0B8000710B8000DD0B80097
:10ACF0000010B80011D0B8000010B80015DCB80082
:10AD00000710B80017D0B8001010B8001BD0B8005A
:10AD10001510B8001FDC00B800192FBA000A000691
:10AD200000672BBA0000000200672BBA0010000673
:10AD3000000A111239303101170721273F0123275B
:10AD4000352117051507271105353717150705157F
:10AD5000072627113701862828FEFC2828F0F05006
:10AD6000014028FEE83C1401541E3214FEC01E2887
:10AD70000A14019028282828F01E32283CBE3C14D2
:10AD80000104DCD21E32E61450D2500A28011814F5
:10AD900000070032FFF601E002D00004000A000FB5
:10ADA0000015001A0021002700ABB800642BB80082
:10ADB000282FB800032FB80002DCB8002810B80014
:10ADC0000BD0B8000B2FBA0005000B00021112398E
:10ADD000B80009DCB8000ED0B8000910B80011D0D6
:10ADE000B800112FB8000B10B80012D0B800122F05
:10ADF000BA001500030002111239B8000910B8009A
:10AE000016D0B8000B10B80019D0B8000310B80065
:10AE10001BD0B8000210B8001FD0B8000210B80054
:10AE200029DC00B800252FBA000A000500672BBAFC
:10AE30000015001C00672BBA000B0005000A111258
:10AE400039B8001C10B80011D0BA001A001C001547
:10AE500011123930310117152735032126273733D1
:10AE60000711371715132327363721051507271123
:10AE70000535371617110F01331715232701C21493
:10AE8000500AFEE8280A50AAFA143CF0EF500A28AB
:10AE9000012BFEF23C1401541E280A14A03C823CF3
:10AEA00082015E14F05078FEDE0A281E0A010414A6
:10AEB0003CBE021C1E280A64BE3C140104DCD250B5
:10AEC0000A28FEE814BE823C820000000006003220
:10AED000000001D602D00005000B00120018001F70
:10AEE000002400AFB800642BB800252FB800002F55
:10AEF000B80002D0B8002510B80010D0B800102F4C
:10AF0000B8000DDCB80003D0B8000D10B80005D0B3
:10AF1000B8000010B8001EDCB80008D0B80000105F
:10AF2000B8000AD0B8000D10B80014D0B800142F23
:10AF3000B8001010B80015D0B800152FBA001800CE
:10AF400000001E111239B8000010B80019D0B80066
:10AF50000D10B80020D0B8001010B80023D0B800F1
:10AF60001E10B80026DC00B8000A2FB8000E2FBA59
:10AF70000018001A00672BBA0000000200672BB807
:10AF8000001A10B80014D0BA0024001A00181112C8
:10AF900039303101170721273717330106232F01D5
:10AFA0001507262711370123273637210335371692
:10AFB000171107251507271101862828FEFC2828C8
:10AFC000143C0104143CF0141E280A14012CEF5008
:10AFD0000A28012B0A1E280A14FEC03C14019028DE
:10AFE00028282864FEFC28F032D2500A28011814C0
:10AFF00001221E280AFEDED2500A28FEE814FABEFC
:10B000003C14010400050032000001D602D0000506
:10B01000000C00120017001F00B3B800642BB8002A
:10B02000202FB800022FB80000D0B8002010B800C0
:10B0300010D0B800102FB80011DCB80003D0B80051
:10B040001110B80005D0B8000210B80007DCB80035
:10B050000210B8000BD0BA000D000200071112391F
:10B06000B8001110B80013D0B8001010B80016D0F6
:10B07000B8001110B80018D0B800182FB800101080
:10B08000B80019D0B800192FB8000710B8001ED0AA
:10B09000B8000210B8001FD0B8000710B80021DCBB
:10B0A00000BA000B000D00672BBA001B00180067E8
:10B0B0002BBA0000000200672BB8000B10B800117B
:10B0C000D0BA00170018001B1112393031011707D0
:10B0D0002127370517110607273513212627373370
:10B0E000031507271117273637211617070186285A
:10B0F00028FEFC28280140140A281E0AFED4280A2B
:10B1000050F0F03C1451500A28013F280A50019099
:10B11000282828283214FEE8280A50D2FEDE0A2801
:10B120001E021CBE3C1401040A1E280A0A281E0026
:10B1300000030032000001D502D00006000B00130E
:10B14000002BB800642BBA0002000500672BB80082
:10B150000510B80007D0B8000210B80009D000B838
:10B1600000042FBA000F000C00672B3031011711BB
:10B170000607273D02331507032736372116170721
:10B180000103280A281E502881500A28013F280A56
:10B1900050015E28FEFC280A50E664D2D228010E37
:10B1A0001E280A0A281E000000050032000001D6F1
:10B1B00002D00006000C00110018001F0077B80034
:10B1C000642BB800202FB800052FB80002DCBA00AD
:10B1D0000700050002111239B8002010B8000DD088
:10B1E000B8000D2FB8000BDCB80010D0B800051067
:10B1F000B80012D0B8000210B80016D0B8000D1078
:10B20000B8001AD0B8000B10B8001ED0B800021059
:10B21000B80021DC00B800142FBA00050007006751
:10B220002BB8000510B8000BD0BA000D00070005C0
:10B23000111239303101171106072735132126273E
:10B24000373305113717150135371617110705273D
:10B25000113637171501C2140A281E0AFED4280A0F
:10B2600050F0FEC0143C01041E280A14FE84140A87
:10B27000281E015E14FEE8280A50D2FEDE0A281EAF
:10B280000A0104143CBE014AD2500A28FEE8140AFE
:10B29000140118280A50D20000040032000001D620
:10B2A00002C60006000D001300190073B800642BDD
:10B2B000B8001A2FB800072FB8001A10B80001D034
:10B2C000B800012FB80006DCB8000710B8000CDC8D
:10B2D000BA000F0001000C111239B8000110B800BB
:10B2E00010D0B8000610B80013D0B8000710B8008E
:10B2F00014D0B8000C10B80016D0BA001800010025
:10B300000C111239B8000C10B8001BDC00B8000496
:10B310002FB800092FB8000F2FB800182F303113A5
:10B320002711363717152135371617110F01150359
:10B3300035371721371715033546140A281E01041F
:10B340001E280A14C8C8143C01043C14C80168141F
:10B350000118280A50D2D2500A28FEE814F07801C9
:10B36000043C143C3C143CFEFC7800000006003217
:10B37000000001D602D00004000B00110016001DD1
:10B38000002400BBB800642BB800252FB80012D0F1
:10B39000B800122FB80001DC410300600001000179
:10B3A0005D410300C0000100015DB80000DCB80091
:10B3B0000110B80005DC410300C0000500015D413B
:10B3C000030060000500015DB8000ADCBA000C0053
:10B3D00005000A111239B8001210B8000FD0B800D9
:10B3E0000F2FB8001210B80016DCB80010D0B8004B
:10B3F000102FB8000A10B80018D0B8000510B80017
:10B400001CD0B8001210B8001FD0B8001610B80039
:10B4100023D0B8000A10B80026DC00B800072FB807
:10B4200000222FBA001C000C00672BB8001C10B8BB
:10B430000010D0BA0012000C001C11123930312556
:10B4400023353717373537161711070321262737C6
:10B45000330511371715251711060727352527112D
:10B4600036371715012C5028285A1E280A1432FE88
:10B47000D5280A50EFFEC0143C0140140A281EFED5
:10B48000C0140A281E64E6282864D2500A28FEE860
:10B4900014FE8E0A281E0A0104143CBEFA14FEE8AB
:10B4A000280A50D250140118280A50D20004003241
:10B4B000000001D602D00005000B00110017003774
:10B4C000B800642BBA000B001100672BB8000B10FA
:10B4D000B80000D0B800002FB8001110B80012D08A
:10B4E000B800122F00B800042FB8000D2FB80007C5
:10B4F0002FB800162F30310133130623273F0132B6
:10B500001703230F01222713333723033633170181
:10B510000E2D9A143C7701773C149A2D16773C1423
:10B520009A2D012D9A143C77015EFECA28F2ECF2A6
:10B5300028FECA80F228013614013628F3000000E4
:10B5400000050032000001D602D00005000C0012F8
:10B550000017001E0089B800642BB8001F2FB80028
:10B56000002FB80002D0B8001F10B80010D0B800EB
:10B57000102FB80011DCB80003D0B8001110B800CB
:10B5800005D0B8000010B8001DDCB80007D0B80026
:10B590000010B8000BD0BA000D0000001D111239C8
:10B5A000B8001110B80013D0B8001010B80016D0B1
:10B5B000B8000010B80018D0B8001D10B80020DC8A
:10B5C00000B8001A2FBA000B000D00672BBA00005C
:10B5D000000200672BB8000B10B80011D030310109
:10B5E00017072127370517110607273513212627A7
:10B5F000373303150727110535371617110701864D
:10B600002828FEFC28280140140A281E0AFED428F7
:10B610000A50F0F03C1401541E280A140190282806
:10B6200028283214FEE8280A50D2FEDE0A281E021C
:10B630003ADC3C140122FAD2500A28FEE814000039
:10B6400000040032000001D602D000030009000F00
:10B6500000150027B800642B00BA00030000006743
:10B660002BBA0009000400672BB8000910B8000BC2
:10B67000D0B8000010B80011D030312901373303A1
:10B6800023273637210313321703231703222713E7
:10B690003301AEFEE828D246C7500A28010D6E825B
:10B6A0003C14963C0A8C3C14A03C5002301E280AE4
:10B6B000FEDE012228FECA50FEDE28013600000010
:10B6C000000400320000010402D00004000B00104E
:10B6D00000170043B800642BBA0004000000672B79
:10B6E000B8000410B8000CD0B8000010B8000FD09B
:10B6F00000BA0017001200672BBA000A00050067A5
:10B700002BBA000000120017111239BA0010000500
:10B71000000A111239303137113717151323273624
:10B720003733170715072711130723262737333217
:10B73000143C4645500A288B14823C14D2148B28A2
:10B740000A5045460104143CBE021C1E280A14502F
:10B75000BE3C140104FD8A140A281E0000020032B7
:10B76000000001D402D00005000B000FB800642BCC
:10B7700000B800042FB8000A2F303101331306231C
:10B780002F012303363317010D2D9A143C77142D06
:10B790009A143C77015EFECA28F280013628F30035
:10B7A000000400320000010402D00006000B001269
:10B7B0000017004BB800642BBA0002000500672B8D
:10B7C000BA000B00050002111239B8000510B800CC
:10B7D0000CD0B8000210B80010D0BA001300050059
:10B7E00002111239B8000210B80019DC00B8000AC2
:10B7F0002FB8000E2FB800042FB800132F303113CC
:10B800001711060727350323273733033537161754
:10B8100011070323273733F0140A281E14323C146F
:10B82000780A1E280A143278143C32015E14FEE8AD
:10B83000280A50D2015E3C14FEDED2500A28FEE8EF
:10B8400014FE8E143C0000000002003201C201D53B
:10B8500002D0000400090017B800642B00B80004EF
:10B860002FB800052FB800012FB800082F30310184
:10B87000351715072127353707010DC827FEAB27D8
:10B88000C80102626EC8281E1E28C86E0001003260
:10B89000000001D500500007000FB800642B00BA6B
:10B8A0000000000300672B303125170607212627EB
:10B8B000370185500A28FEC1280A50501E280A0A5E
:10B8C000281E000000010032023000E602E40005FC
:10B8D000000FB800642B00B800022FB800042F300E
:10B8E00031131507273733E6288C0A280262280A05
:10B8F0008C28000000060032000001D602D00005AE
:10B90000000C00120017001E002500AFB800642BC9
:10B91000B800262FB800002FB80002D0B8002610BB
:10B92000B80016D0B800162FB80005DCB80003D058
:10B93000B8000010B8001DDCB80007D0B800001037
:10B94000B8000BD0B8000510B8000ED0B8000E2F0C
:10B95000B8001610B8000FD0B8000F2FBA001200B0
:10B9600000001D111239B8000510B80013D0B8003E
:10B970000010B80018D0B8000510B8001FD0B800EB
:10B980001610B80023D0B8001D10B80027DC00B88E
:10B99000000A2FB800212FBA0012001900672BBA35
:10B9A0000000000200672BB8001910B8000ED0BAD2
:10B9B0000017001900121112393031011707212721
:10B9C00037051711060727350323273637210515B5
:10B9D00007271105353716171107051507262711F3
:10B9E0003701862828FEFC28280140140A281E1446
:10B9F000EF500A28012BFEF23C1401541E280A14B1
:10BA0000FEC01E280A140190282828283214FEE8B7
:10BA1000280A50D2015E1E280A64BE3C140104DCD0
:10BA2000D2500A28FEE81450D2500A2801181400F7
:10BA300000070032000001D602D00005000A001005
:10BA40000015001B0021002700AFB800642BB800D0
:10BA5000282FB800002FB80002D0B8002810B80076
:10BA600006D0B800062FB80026DCB80003D0B80016
:10BA70002610B80005D0B8002610B80009D0B800CC
:10BA80002610B8000CD0B8000610B8000DD0B800D1
:10BA90002610B80011D0B8000610B80014D0B800B5
:10BAA0000010B80016D0B8000010B8001ADCB800BA
:10BAB0001DD0B8000010B80020D0B8000610B800A3
:10BAC00024D0B8001A10B80029DC00BA00270023DF
:10BAD00000672BBA000F000B00672BBA00000002B2
:10BAE00000672BBA000600230027111239BA00158F
:10BAF000000B000F111239303101170721273703CE
:10BB00001137171513232735211705150727110599
:10BB10003537171507151715072735170721353737
:10BB20003301862828FEFC282850143CF0F05001F0
:10BB30004028FEE83C1401541E321414321E13280F
:10BB4000FEC150EF019028282828FEB60104143CBD
:10BB5000BE021C1E32283CBE3C140104DCD21E3244
:10BB6000E6141414E6321ED2FA28321E0004003203
:10BB7000000001AE02D00005000A00100015004BC5
:10BB8000B800642BBA0004000600672BB80004104C
:10BB9000B80009D0B8000410B80011D0B8000610E1
:10BBA000B80014D000BA0005000000672BBA0010DE
:10BBB000000B00672BBA000600000005111239BA0D
:10BBC0000015000B001011123930312901262737DA
:10BBD00021051137171501212736372105150727AC
:10BBE0001101AEFEB6280A50010EFEA2143C010E51
:10BBF000FEF3500A280149FED43C140A281E0A010B
:10BC000004143CBE021C1E280A64BE3C140104003D
:10BC100000060032000001D602D00004000A000F26
:10BC20000015001B0021008BB800642BB800222FE8
:10BC3000B800102FB8002210B80000D0B800002FB4
:10BC4000B80020DCB80003D0B8002010B80006D03F
:10BC5000B8000010B80007D0B8002010B8000BD012
:10BC6000B8000010B8000ED0B8001010B80014DCF6
:10BC7000B80017D0B8001010B8001AD0B8000010E3
:10BC8000B8001ED0B8001410B80023DC00BA0021A0
:10BC9000001D00672BBA0009000500672BBA0000E1
:10BCA000001D0021111239BA000F00050009111200
:10BCB000393031371137171513232735211705155B
:10BCC00007271105353717150715171507273517D6
:10BCD000072135373332143CF0F050014028FEE89C
:10BCE0003C1401541E321414321E1328FEC150EFAE
:10BCF000460104143CBE021C1E32283CBE3C14010A
:10BD000004DCD21E32E6141414E6321ED2FA2832B3
:10BD10001E00000000050032000001AE02D0000548
:10BD2000000B00100016001B0053B800642BBA0073
:10BD30000A000C00672BB8000A10B8000FD0B8003A
:10BD40000A10B80017D0B8000C10B8001AD000BA0A
:10BD5000000B000600672BBA0016001100672BBA13
:10BD60000000000200672BBA000C0006000B111245
:10BD700039BA001B001100161112393031011707B2
:10BD800021273701212627372105113717150121D2
:10BD900027363721051507271101862828FEFC289C
:10BDA00028012CFEB6280A50010EFEA2143C010EFA
:10BDB000FEF3500A280149FED43C1401902828289B
:10BDC00028FE700A281E0A0104143CBE021C1E280C
:10BDD0000A64BE3C1401040000040032000001AEFD
:10BDE00002D00005000B001000170045B800642BBE
:10BDF000BA0005000F00672BB8000510B8000CD082
:10BE0000B8000510B80011D0B8000F10B80015D058
:10BE100000B800132FBA000B000600672BBA000011
:10BE2000000200672BBA00100006000B1112393017
:10BE30003101170721273725212736372105150717
:10BE400027111315072627113701862828FEFC28FD
:10BE500028010EFEF3500A280149FED43C14501E5E
:10BE6000280A14019028282828F01E280A64BE3CBD
:10BE7000140104FE98D2500A28011814000600325A
:10BE8000000001D602D00005000C00120017001DB2
:10BE9000002200AFB800642BB800232FB800022F97
:10BEA000B80000D0B8000210B80007DCB8000210DB
:10BEB000B8000BD0BA000D00020007111239B8000B
:10BEC0002310B80013D0B800132FB80011DCB8004D
:10BED00016D0B8001110B80019D0B800192FB8004A
:10BEE0001310B8001AD0B8001A2FBA001D000200B3
:10BEF00007111239B8001110B8001ED0B800131085
:10BF0000B80021D0B8000710B80024DC00BA000B3C
:10BF1000000D00672BBA001D001800672BBA000047
:10BF2000000200672BB8000B10B80011D0BA001344
:10BF3000000D000B111239BA00220018001D111259
:10BF40003930310117072327371F0111060727351D
:10BF500013212627373305113717150121273637C7
:10BF6000210515072711018628285A282896140A22
:10BF7000281E0AFED4280A50F0FEC0143C010EFE12
:10BF8000F3500A280149FED43C140190282828289F
:10BF90003214FEE8280A50D2FEDE0A281E0A0104E6
:10BFA000143CBE021C1E280A64BE3C14010400009E
:10BFB00000050032000001D602D00005000C00137D
:10BFC000001A00210077B800642BB800222FB800B7
:10BFD000002FB80002D0B8002210B80018D0B80066
:10BFE000182FB80015DCB80003D0B8001510B80041
:10BFF00005D0B8000010B80012DCB80007D0B800B7
:10C000000010B8000BD0B8000010B8000DD0B80078
:10C010001810B8001CD0B8001510B80020D0B80017
:10C020001210B80023DC00B8000A2FB800162FB891
:10C03000000F2FBA0000000200672B3031011707F4
:10C040002127370517110607273D02371617110755
:10C05000051507262711373527113637171501869D
:10C060002828FEFC28280140140A281E1E280A142D
:10C07000FEC01E280A14140A281E01902828282809
:10C080003214FEE8280A50D28CD2500A28FEE81456
:10C0900050D2500A280118140A140118280A50D244
:10C0A00000020032000A008202D00006000D0027C4
:10C0B000B800782BBA00050000007B2BB8000510F3
:10C0C000B80008D0B8000010B8000CD000B80002CA
:10C0D0002FB8000B2F3031133537161711071517EE
:10C0E0001106072735321E280A14140A281E01AE2D
:10C0F000D2500A28FEE8140A14FEE8280A50D2009A
:10C1000000040032000001D602D00006000C00112D
:10C1100000180067B800642BB800192FB800052F6D
:10C12000B80002DCBA000700050002111239B8009D
:10C130001910B8000DD0B8000D2FB8000BDCB800F6
:10C1400010D0B8000510B80012D0B8000210B80026
:10C1500016D0B8000210B8001ADC00B800142FBACC
:10C160000005000700672BB8000510B8000BD0BA17
:10C17000000D0007000511123930310117110607B3
:10C180002735132126273733051137171501353782
:10C190001617110701C2140A281E0AFED4280A50D5
:10C1A000F0FEC0143C01041E280A14015E14FEE8CF
:10C1B000280A50D2FEDE0A281E0A0104143CBE01E1
:10C1C0004AD2500A28FEE81400050032000001D6C9
:10C1D00002D00005000C001200190020007FB800FA
:10C1E000642BB800212FB800022FB80000D0B8008F
:10C1F0002110B80017D0B800172FB80014DCB80011
:10C2000003D0B8001410B80005D0B8000210B80070
:10C2100007DCB8000210B8000BD0B8000210B8005C
:10C220000ED0B8000710B80010D0B8001710B80032
:10C230001BD0B8001410B8001FD0B8000710B80009
:10C2400022DC00B8000E2FB8001E2FB8000A2FB84D
:10C2500000152FBA0000000200672B3031011707CC
:10C2600021273705171106072735273732170123EE
:10C270000715072627113735271136371715018679
:10C280002828FEFC28280140140A281EF0F03C143F
:10C29000FEFC3C141E280A14140A281E01902828AB
:10C2A00028283214FEE8280A50D2BEF028FEFC826C
:10C2B000D2500A2801181414140118280A50D20068
:10C2C00000030032000001D602D00006000C00136B
:10C2D000003DB800642BBA0001000400672BBA00CF
:10C2E0000C00040001111239B8000410B8000ED07F
:10C2F000B8000110B80012D000B800112FBA000128
:10C30000000C00672BB8000110B80008D0303113C2
:10C310001507262711371333170607210327113670
:10C32000371715821E280A1450F0500A28FED432FE
:10C33000140A281E0122D2500A28011814FEF21EE7
:10C34000280A0172140118280A50D200000600328F
:10C35000000001D602D00004000B00110016001DE1
:10C36000002400BBB800642BB800252FB80015D0FE
:10C37000B800152FB80002DC410300600002000184
:10C380005D410300C0000200015DB80000DCB800A0
:10C390000210B8000ADC410300C0000A00015D4140
:10C3A000030060000A00015DB80007DCB80015104A
:10C3B000B80013DCB8000DD0B8000D2FB800151070
:10C3C000B8000ED0B8000E2FBA0011000A000711F5
:10C3D0001239B8000A10B80017D0B8000710B8001A
:10C3E0001BD0B8001310B8001ED0B8001510B8004C
:10C3F00022D0B8000710B80026DC00B800092FB81A
:10C4000000202FBA0011001800672BB8001810B8D0
:10C41000000DD0BA00160018001111123930310188
:10C420000727353313171106072735032327363718
:10C4300021051507271105353716171107051507AB
:10C4400026271137012C28285096140A281E14EF8D
:10C45000500A28012BFEF23C1401541E280A14FE37
:10C46000C01E280A1401862828E6FEF214FEE828D9
:10C470000A50D2015E1E280A64BE3C140104DCD2BC
:10C48000500A28FEE81450D2500A2801181400005F
:10C4900000050032000001D602C60006000C0013A1
:10C4A000001A0021005FB800642BB800222FB800EA
:10C4B000122FB8002210B80004D0B800042FB80022
:10C4C00001DCB8001210B8000FDCB8001210B80080
:10C4D00014D0B8000F10B80018D0B8000410B8007D
:10C4E0001CD0B8000110B80020D0B8000F10B80060
:10C4F00023DC00B800022FB800112FB800162FB8A7
:10C50000001F2F3031131507262711372523273514
:10C51000331F02110607273D02371617110721277F
:10C520001136371715821E280A14012C46963CA096
:10C5300050140A281E1E280A14FE84140A281E01FC
:10C5400022D2500A2801181446963CA07814FEE81E
:10C55000280A50D282D2500A28FEE8141401182862
:10C560000A50D20000060032000001D602D00005B9
:10C57000000B00110017001D00230053B800642BAE
:10C58000B800242FB800062FB8000ADCB8000DD080
:10C59000B8000610B80010D0B8002410B80013D0AE
:10C5A000B800132FB80017DCB8001ED0B800131065
:10C5B000B80021D0B8000A10B80025DC00BA001D70
:10C5C000001900672BBA0004000000672B3031010E
:10C5D000232737331707353717150715171507277B
:10C5E0003525273537171501072327373327150733
:10C5F0002735370172DC2828DC28141E3214143247
:10C600001EFEC014321E011828DC2828DCF01E3261
:10C61000140280282828FAD21E32E6141414E632B6
:10C620001ED25014E6321ED2FE7A282828D2D21EFC
:10C6300032E6140000050032000001D602D00005E9
:10C64000000B00100016001D0085B800642BB80018
:10C650001E2FB800002FB80002D0B8001E10B8007E
:10C6600010D0B800102FB80007DCB80003D0B80015
:10C670000710B80005D0B8001010B80009D0B800F5
:10C680000710B8000DD0B8000010B80011D0B800E5
:10C690000010B80015DCB8000710B80017D0B800BB
:10C6A0001010B8001BD0B8001510B8001FDC00B87F
:10C6B00000192FBA000A000600672BBA000000021A
:10C6C00000672BBA00100006000A11123930310140
:10C6D000170721273F0123273521170515072711A4
:10C6E0000535371715070515072627113701862841
:10C6F00028FEFC2828F0F050014028FEE83C1401F8
:10C70000541E3214FEC01E280A140190282828281E
:10C71000F01E32283CBE3C140104DCD21E32E6146A
:10C7200050D2500A2801181400070032FFF601E029
:10C7300002D00004000A000F0015001A0021002793
:10C7400000ABB800642BB800282FB800032FB80046
:10C7500002DCB8002810B8000BD0B8000B2FBA00CC
:10C7600005000B0002111239B80009DCB8000ED028
:10C77000B8000910B80011D0B800112FB8000B1084
:10C78000B80012D0B800122FBA0015000300021131
:10C790001239B8000910B80016D0B8000B10B80054
:10C7A00019D0B8000310B8001BD0B8000210B800B0
:10C7B0001FD0B8000210B80029DC00B800252FBA3D
:10C7C000000A000500672BBA0015001C00672BBA91
:10C7D000000B0005000A111239B8001C10B8001136
:10C7E000D0BA001A001C001511123930310117158A
:10C7F000273503212627373307113717151323272A
:10C8000036372105150727110535371617110F0182
:10C81000331715232701C214500AFEE8280A50AA2C
:10C82000FA143CF0EF500A28012BFEF23C1401549C
:10C830001E280A14A03C823C82015E14F05078FE4F
:10C84000DE0A281E0A0104143CBE021C1E280A64CB
:10C85000BE3C140104DCD2500A28FEE814BE823C1F
:10C860008200000000060032000001D602D0000560
:10C87000000B00120018001F002400AFB800642B4A
:10C88000B800252FB800002FB80002D0B80025103E
:10C89000B80010D0B800102FB8000DDCB80003D0DD
:10C8A000B8000D10B80005D0B8000010B8001EDCAC
:10C8B000B80008D0B8000010B8000AD0B8000D10B9
:10C8C000B80014D0B800142FB8001010B80015D05C
:10C8D000B800152FBA00180000001E111239B80058
:10C8E0000010B80019D0B8000D10B80020D0B80062
:10C8F0001010B80023D0B8001E10B80026DC00B815
:10C90000000A2FB8000E2FBA0018001A00672BBAC1
:10C910000000000200672BB8001A10B80014D0BA4B
:10C920000024001A0018111239303101170721278D
:10C930003717330106232F01150726271137012347
:10C940002736372103353716171107251507271105
:10C9500001862828FEFC2828143C0104143CF0140D
:10C960001E280A14012CEF500A28012B0A1E280A3F
:10C9700014FEC03C1401902828282864FEFC28F0EE
:10C9800032D2500A2801181401221E280AFEDED2D3
:10C99000500A28FEE814FABE3C14010400050032D7
:10C9A000000001D602D00005000C00120017001F85
:10C9B00000B3B800642BB800202FB800022FB800D5
:10C9C00000D0B8002010B80010D0B800102FB80068
:10C9D00011DCB80003D0B8001110B80005D0B800C1
:10C9E0000210B80007DCB8000210B8000BD0BA0083
:10C9F0000D00020007111239B8001110B80013D051
:10CA0000B8001010B80016D0B8001110B80018D037
:10CA1000B800182FB8001010B80019D0B800192F9E
:10CA2000B8000710B8001ED0B8000210B8001FD020
:10CA3000B8000710B80021DC00BA000B000D006739
:10CA40002BBA001B001800672BBA00000002006719
:10CA50002BB8000B10B80011D0BA00170018001B3B
:10CA60001112393031011707212737051711060731
:10CA700027351321262737330315072711172736A4
:10CA8000372116170701862828FEFC2828014014A4
:10CA90000A281E0AFED4280A50F0F03C1451500A0D
:10CAA00028013F280A500190282828283214FEE83F
:10CAB000280A50D2FEDE0A281E021CBE3C140104C5
:10CAC0000A1E280A0A281E0000030032000001D5B1
:10CAD00002D00006000B0013002BB800642BBA0034
:10CAE00002000500672BB8000510B80007D0B80099
:10CAF0000210B80009D000B800042FBA000F000CD3
:10CB000000672B30310117110607273D0233150747
:10CB100003273637211617070103280A281E502835
:10CB200081500A28013F280A50015E28FEFC280A8D
:10CB300050E664D2D228010E1E280A0A281E0000E0
:10CB400000050032000001D602D00006000C0011E2
:10CB50000018001F0077B800642BB800202FB80021
:10CB6000052FB80002DCBA000700050002111239D7
:10CB7000B8002010B8000DD0B8000D2FB8000BDCA5
:10CB8000B80010D0B8000510B80012D0B8000210DC
:10CB9000B80016D0B8000D10B8001AD0B8000B10AD
:10CBA000B8001ED0B8000210B80021DC00B8001494
:10CBB0002FBA0005000700672BB8000510B8000B5E
:10CBC000D0BA000D000700051112393031011711DC
:10CBD0000607273513212627373305113717150187
:10CBE0003537161711070527113637171501C214E7
:10CBF0000A281E0AFED4280A50F0FEC0143C010484
:10CC00001E280A14FE84140A281E015E14FEE82859
:10CC10000A50D2FEDE0A281E0A0104143CBE014A54
:10CC2000D2500A28FEE8140A140118280A50D2002B
:10CC300000040032000001D602C60006000D0013F9
:10CC400000190073B800642BB8001A2FB800072F22
:10CC5000B8001A10B80001D0B800012FB80006DCE7
:10CC6000B8000710B8000CDCBA000F0001000C116E
:10CC70001239B8000110B80010D0B8000610B80082
:10CC800013D0B8000710B80014D0B8000C10B800CA
:10CC900016D0BA00180001000C111239B8000C109F
:10CCA000B8001BDC00B800042FB800092FB8000F33
:10CCB0002FB800182F3031132711363717152135AB
:10CCC000371617110F0115033537172137171503BD
:10CCD0003546140A281E01041E280A14C8C8143C2C
:10CCE00001043C14C80168140118280A50D2D2501B
:10CCF0000A28FEE814F07801043C143C3C143CFE85
:10CD0000FC78000000060032000001D602D00004CA
:10CD1000000B00110016001D002400BBB800642B9E
:10CD2000B800252FB80012D0B800122FB80001DCCF
:10CD300041030060000100015D410300C0000100EB
:10CD4000015DB80000DCB8000110B80005DC41034B
:10CD500000C0000500015D41030060000500015DA9
:10CD6000B8000ADCBA000C0005000A111239B8003C
:10CD70001210B8000FD0B8000F2FB8001210B80072
:10CD800016DCB80010D0B800102FB8000A10B80098
:10CD900018D0B8000510B8001CD0B8001210B800A8
:10CDA0001FD0B8001610B80023D0B8000A10B80081
:10CDB00026DC00B800072FB800222FBA001C000C98
:10CDC00000672BB8001C10B80010D0BA0012000C7D
:10CDD000001C1112393031252335371737353716F6
:10CDE0001711070321262737330511371715251784
:10CDF000110607273525271136371715012C50281E
:10CE0000285A1E280A1432FED5280A50EFFEC014F4
:10CE10003C0140140A281EFEC0140A281E64E6289D
:10CE20002864D2500A28FEE814FE8E0A281E0A0141
:10CE300004143CBEFA14FEE8280A50D2501401181B
:10CE4000280A50D200040032000001D602D00005AA
:10CE5000000B001100170037B800642BBA000B005C
:10CE60001100672BB8000B10B80000D0B800002FDD
:10CE7000B8001110B80012D0B800122F00B800048A
:10CE80002FB8000D2FB800072FB800162F30310132
:10CE900033130623273F01321703230F01222713E1
:10CEA00033372303363317010E2D9A143C7701775D
:10CEB0003C149A2D16773C149A2D012D9A143C7728
:10CEC000015EFECA28F2ECF228FECA80F228013682
:10CED00014013628F300000000050032000001D6DE
:10CEE00002D00005000C00120017001E0089B800D7
:10CEF000642BB8001F2FB800002FB80002D0B80074
:10CF00001F10B80010D0B800102FB80011DCB80006
:10CF100003D0B8001110B80005D0B8000010B80058
:10CF20001DDCB80007D0B8000010B8000BD0BA0064
:10CF30000D0000001D111239B8001110B80013D0F7
:10CF4000B8001010B80016D0B8000010B80018D003
:10CF5000B8001D10B80020DC00B8001A2FBA000B72
:10CF6000000D00672BBA0000000200672BB8000B11
:10CF700010B80011D03031011707212737051711DC
:10CF800006072735132126273733031507271105F1
:10CF900035371617110701862828FEFC282801407E
:10CFA000140A281E0AFED4280A50F0F03C1401543A
:10CFB0001E280A140190282828283214FEE8280A7E
:10CFC00050D2FEDE0A281E023ADC3C140122FAD2BC
:10CFD000500A28FEE814000000040032000001D6C8
:10CFE00002D000030009000F00150027B800642BD1
:10CFF00000BA0003000000672BBA000900040067B4
:10D000002BB8000910B8000BD0B8000010B8001100
:10D01000D030312901373303232736372103133228
:10D0200017032317032227133301AEFEE828D24645
:10D03000C7500A28010D6E823C14963C0A8C3C14A1
:10D04000A03C5002301E280AFEDE012228FECA50F3
:10D05000FEDE280136000000000500320000017CE1
:10D0600002D00004000B00100017001D004BB80098
:10D07000642BBA0004000000672BB8000410B8004D
:10D080000CD0B8000010B8000FD000BA0017001282
:10D0900000672BBA000A000500672BBA0018001AB7
:10D0A00000672BBA000000120017111239BA0010E5
:10D0B0000005000A1112393031373537171513239F
:10D0C0002736373317071507273513072326273742
:10D0D00033031707232737AA3C144645500A288BE9
:10D0E0001482143CD2148B280A5045A028284628C4
:10D0F0002846DC3C14E6021C1E280A1450E6143CA8
:10D10000DCFD8A140A281E01402828282800000077
:10D11000000100320000008202D000070017B800B2
:10D12000642BBA0000000300672B00B800022FB880
:10D1300000052F30313706072711371617820A28C6
:10D140001E1E280A32280A500230500A2800000009
:10D15000000500320000017C02D00004000B00102A
:10D160000017001D004BB800642BBA00040000003B
:10D17000672BB8000410B8000CD0B8000010B8003D
:10D180000FD000BA0012001500672BBA0007000A82
:10D1900000672BBA0018001A00672BBA00040015AC
:10D1A0000012111239BA000C000A000711123930AE
:10D1B0003137353717150337331617072337150758
:10D1C000273503331706072327011707232737B40B
:10D1D000143CD2148B280A5045963C144645500AFC
:10D1E000288B140122282846282864E6143CDC02F7
:10D1F00076140A281E0ADC3C14E6FDE41E280A14F4
:10D20000017C28282828000000050032014A01EA94
:10D21000021C0005000B00110017001D003FB800A4
:10D22000642B00B8001A2FB800122FBA00000002B9
:10D2300000672BB8000010B80006D0B800062FB861
:10D24000000210B80008D0B800082FB8000010B8CD
:10D25000000CD0B8000210B8000ED0303101170712
:10D2600023273707170723273725170723273727AC
:10D2700017072327371F01072327370122282828CC
:10D28000282878282828282801682828282828C815
:10D290002828282828C8282828282801E0282828DD
:10D2A00028012828282801282828283C2828282838
:10D2B0008228282828000000000E0032FFFF021CF0
:10D2C00002D00005000B00110017001D00230029EB
:10D2D000002F0035003B00410047004D005301295D
:10D2E000B800642BBA001C000800672BBA002C00A1
:10D2F0002800672BBA000B0008001C111239B80077
:10D300000810B80010D0BA00170008001C1112391C
:10D31000BA00230028002C111239BA002F0028006F
:10D320002C111239B8002C10B80034D0BA004A00C1
:10D3300008001C111239B8004A2FB8003ADCBA00B4
:10D34000410008001C111239B8004A10B80046D03C
:10D35000BA00470008001C111239BA004D004A00FB
:10D360003A111239B8002C10B80055DC00B8000A88
:10D370002FB8001A2FB800262FB8002E2FB8004063
:10D380002FB800442FB8004010B80038DCB80001B6
:10D39000D0BA00110040000A111239BA001700403B
:10D3A000000A111239BA001D0040000A111239B8E2
:10D3B000003810B80022D0BA00230040000A111231
:10D3C00039BA002900400038111239B8004010B8AD
:10D3D000002FD0B8002F2FBA0035004000381112AE
:10D3E00039BA003B00400038111239BA00470040FA
:10D3F0000038111239B8003810B8004CD0BA004DBE
:10D400000040000A11123930310107063F0133276D
:10D41000232736373307150726273517331706070F
:10D4200023373537161715132327363733071507D4
:10D4300026273517331706072337353716171525CF
:10D4400035371617152733170607233715072627ED
:10D45000351723273637331337360F01270117A027
:10D460003C01BD1E8B0A500A2846281E280A640A61
:10D47000500A2846281E280AC80A500A2846271E8D
:10D48000280A630A500A2846281E280AFECA1E28AF
:10D490000A5A0A500A28460A1E280A5A0A500A2816
:10D4A0004632A03C01BD1E018F9F013CBE971E2845
:10D4B0000A643C500A28785A1E280A643C500A28FC
:10D4C00078FE7A1E280A643C500A28785A1E280AD8
:10D4D000643C500A28781E3C500A2878091E280A05
:10D4E0008D3C500A28780A1E280A01239F013CBF60
:10D4F00001000000000100320208008202D0000496
:10D500000017B800642BBA0000000100672B00B8B8
:10D5100000002FB800032F30311323353717825006
:10D5200028280208A02828000001003202080082F2
:10D5300002D000040017B800642BBA0000000200FB
:10D54000672B00B800012FB800032F3031130727D5
:10D5500035338228285002302828A00000020032EB
:10D560000208012202D100040009003BB800642B2C
:10D57000B8000A2FB800062FB8000A10B80001D072
:10D58000B800012FB80000DCB8000610B80005DCB8
:10D59000B8000BDC00B800032FB800082FB800005B
:10D5A0002FB800052F3031132335371F01233537AE
:10D5B0001782502828A05028280209A02828A1A0B6
:10D5C00028280000000200320208012302D10004D2
:10D5D0000009003BB800642BB8000A2FB800072FE1
:10D5E000B8000A10B80002D0B800022FB80000DC62
:10D5F000B8000710B80005DCB8000BDC00B8000369
:10D600002FB800082FB800012FB800062F303113B3
:10D6100007273533170727353382282850A12828B4
:10D620005002302828A09F2828A0000000010032C6
:10D6300000DC015401FE000B000FB800642B00B8A1
:10D6400000062FB800002F3031372226353436330C
:10D650003216151406C33C55553C3C5555DC553C1B
:10D660003C55553C3C55000000010032014001EAA8
:10D6700001900005000FB800642B00BA0000000202
:10D6800000672B303101170721273701C22828FEF8
:10D69000982828019028282828000000000100323E
:10D6A0000140021201900005000FB800642B00BA7F
:10D6B0000000000200672B303101170721273701D6
:10D6C000EA2828FE70282801902828282800000031
:10D6D000000700320000021202D00005000B000F0C
:10D6E0000017001D0023002900A5B8006E2BBA000A
:10D6F00004000D00712BBA0019002300712BBA0031
:10D7000010001300712BBA00000013001011123921
:10D71000BA000B00130010111239B8000410B80041
:10D720000FD0BA001D000D0010111239B8001910E9
:10D73000B8001FD0BA002900230019111239B8000F
:10D740001010B8002BDC00BA0013000000712BBAD7
:10D75000000B001400712BBA001D001800712BB8CB
:10D76000001310B80004D0B8001410B80007D0BAE5
:10D77000000D00000013111239BA000E0014000B46
:10D78000111239BA00230018001D11123930312945
:10D7900001262737211121273637210107111701CB
:10D7A00006072711371617072327363733071507BC
:10D7B00026271117331706072301CCFE98280A5095
:10D7C000012CFED5500A280167FEB6505001900A80
:10D7D000281E1E280A9682500A28BEA01E280A6407
:10D7E0003C500A28780A281E02301E280AFD941E82
:10D7F00002441EFDC6280A500230500A28BE1E28C8
:10D800000A64DC500A280118FA1E280A0000007871
:10D8100000780078007800B800EC01DA0292036A20
:10D820000414042E047204BA05160552056C05860C
:10D83000059E05C0065A068E071C078E07F6088649
:10D84000092809940A4C0AF20B1A0B440B6C0B942E
:10D850000BBC0C3E0D080DA60E440E960F180F7A49
:10D860000FCC106610DE110E117211EE123412D6AA
:10D87000134013A8142214C0155C15F2162E16A618
:10D88000171017B017FA187A18BA1908192A197E3A
:10D8900019A019BC19D41A721B101B621BE41C4678
:10D8A0001C981D321DAA1DDA1E3E1EBA1F001FA2A3
:10D8B000200C207420EE218C222822BE22FA237212
:10D8C00023DC247C24C62546258625E22602265E06
:10D8D00026B627D427EE2808283C2870288E28A8AA
:10D8E00028C229600000002001860000000000001E
:10D8F0000000008400000000000000000001001291
:10D9000000840000000000000002000800960000F3
:10D910000000000000030012009E00000000000054
:10D920000004001200B000000000000000050036F6
:10D9300000C2000000000000000C003200F80000EF
:10D940000000000000130014012A00010000000084
:10D950000000005C013E0001000000000001000921
:10D96000019A0001000000000002000701A300016D
:10D97000000000000003000901AA000100000000EF
:10D980000004000901B30001000000000005001BB5
:10D9900001BC0001000000000006000901D70001E1
:10D9A000000000000008001E01E00001000000006F
:10D9B0000009001101FE000100000000000C001928
:10D9C000020F000100000000000D004102280001CC
:10D9D000000000000013000A0269000300010409AE
:10D9E000000000B8027300030001040900010012E6
:10D9F000032B0003000104090002000E033D000395
:10DA00000001040900030012034B00030001040994
:10DA100000040012035D0003000104090005003644
:10DA2000036F0003000104090006001203A50003B0
:10DA3000000104090008003C03B7000300010409C9
:10DA40000009002203F3000300010409000C003266
:10DA50000415000300010409000D008204470003BF
:10DA6000000104090013001404C90043007200659A
:10DA700000610074006500640020006200790020ED
:10DA800000530069007A0065006E006B006F002093
:10DA90000041006C006500780061006E0064006564
:10DAA0000072002E002000A900200032003000305B
:10DAB00000380020005300740079006C0065002DD0
:10DAC0000037002E00200041006C006C0020007226
:10DAD0000069006700680074007300200072006530
:10DAE000007300650072007600650064002E00443B
:10DAF00000690067006900740061006C002D003748
:10DB0000004D006F006E006F0044006900670069FF
:10DB100000740061006C002D00370044006900674C
:10DB2000006900740061006C002D00370056002071
:10DB30000031002E003000300020004F00630074E0
:10DB4000002000300032002000310033003A003263
:10DB50000034003A00300030002000320030003045
:10DB600000380068007400740070003A002F002F25
:10DB7000007700770077002E007300740079006C46
:10DB800000650073006500760065006E002E00637E
:10DB9000006F006D0030003100320033003400357A
:10DBA00000360037003800394372656174656420BF
:10DBB00062792053697A656E6B6F20416C6578617C
:10DBC0006E6465722E20A92032303038205374796B
:10DBD0006C652D372E20416C6C20726967687473F8
:10DBE0002072657365727665642E20687474703A6D
:10DBF0002F2F7777772E7374796C65736576656EE2
:10DC00002E636F6D4469676974616C2D3752656767
:10DC1000756C61724469676974616C2D374469671A
:10DC20006974616C2D3756657273696F6E20312E81
:10DC300030323020417072696C2030372032303100
:10DC4000314469676974616C2D374372656174652D
:10DC5000642062792053697A656E6B6F20416C6530
:10DC600078616E6465722E2053697A656E6B6F20E1
:10DC7000416C6578616E646572687474703A2F2FB8
:10DC80007777772E7374796C65736576656E2E631E
:10DC90006F6D467265657761726520666F72207080
:10DCA0006572736F6E616C207573652E0D0A466F19
:10DCB0007220636F6D6D65726369616C2075736549
:10DCC00020706C6561736520636F6E74756374207A
:10DCD00075732E30313233343536373839004300DE
:10DCE000720065006100740065006400200062003D
:10DCF00079002000530069007A0065006E006B0017
:10DD00006F00200041006C006500780061006E002B
:10DD10006400650072002E002000A900200032007F
:10DD200030003000380020005300740079006C008F
:10DD300065002D0037002E00200041006C006C00B3
:10DD40002000720069006700680074007300200002
:10DD50007200650073006500720076006500640063
:10DD60002E00200068007400740070003A002F003C
:10DD70002F007700770077002E0073007400790081
:10DD80006C00650073006500760065006E002E0073
:10DD900063006F006D004400690067006900740053
:10DDA00061006C002D0037005200650067007500AF
:10DDB0006C00610072004400690067006900740033
:10DDC00061006C002D0037004400690067006900A5
:10DDD000740061006C002D00370056006500720071
:10DDE000730069006F006E00200031002E003000CB
:10DDF00032003000200041007000720069006C00A9
:10DE000020003000370020003200300031003100A7
:10DE10004400690067006900740061006C002D0017
:10DE20003700430072006500610074006500640003
:10DE30002000620079002000530069007A0065002C
:10DE40006E006B006F00200041006C0065007800E0
:10DE500061006E006400650072002E002000530017
:10DE600069007A0065006E006B006F0020004100C1
:10DE70006C006500780061006E006400650072004F
:10DE800068007400740070003A002F002F007700C3
:10DE9000770077002E007300740079006C00650035
:10DEA00073006500760065006E002E0063006F0051
:10DEB0006D00460072006500650077006100720029
:10DEC0006500200066006F00720020007000650091
:10DED000720073006F006E0061006C00200075001E
:10DEE000730065002E000D000A0046006F007200EE
:10DEF000200063006F006D006D006500720063001C
:10DF0000690061006C00200075007300650020004E
:10DF100070006C0065006100730065002000630004
:10DF20006F006E00740075006300740020007500BF
:10DF300073002E0030003100320033003400350011
:10DF400036003700380039000002000000000000F1
:10DF5000FF880046000000000000000000000000F4
:10DF60000000000000000000006B00000102000241
:10DF70000003000400050006000700080009000A6D
:10DF8000000B000C000D000E000F0010001100121D
:10DF90000013001400150016001700180019001ACD
:10DFA000001B001C001D001E001F0020002100227D
:10DFB0000023002400250026002700280029002A2D
:10DFC000002B002C002D002E002F003000310032DD
:10DFD0000033003400350036003700380039003A8D
:10DFE000003B003C003D003E003F0040004100423D
:10DFF0000043004400450046004700480049004AED
:10E00000004B004C004D004E004F0050005100529C
:10E010000053005400550056005700580059005A4C
:10E02000005B005C005D005E005F0060006100C698
:10E0300000B600B700B400B5008700B200B3008B93
:10E04000044E554C4C000000000000030008000284
:10E0500000100001FFFF00030001000000000000AD
:10E06000010402BC00006F1C02BC013544696769F1
:10E0700074616C2D3720202020202020000000001B
:10E08000000000004469676974610000010000003D
:10E0900000010000000F0030000300C04F532F327A
:10E0A00066D87F240000EBB80000005650434C5463
:10E0B0007658D5850000EC1000000036636D617065
:10E0C000F2A0F8D80000D7580000055663767420F7
:10E0D000643867B8000002F0000000286670676DC1
:10E0E0008333C24F000002DC00000014676C7966C5
:10E0F00071E497AE000003740000CA0A68646D788A
:10E1000017C831480000DCB000000F086865616482
:10E11000D44EA0FE0000EC4800000036686865613F
:10E120000DC706AC0000EC8000000024686D747818
:10E130004D4520FD0000D130000003AC6C6F6361E1
:10E14000005F47FA0000CD80000003B06D61787079
:10E1500001A401ED0000ECA4000000206E616D65DB
:10E16000FB9DFF13000000FC000001DD706F737465
:10E17000AFD7E5950000D4DC0000027B70726570BB
:10E18000D523E020000003180000005C0000001808
:10E1900001260000000000000000000E0007000043
:10E1A0000000000000010016002000000000000038
:10E1B0000002000E003D00000000000000030016F9
:10E1C0000077000000000000000400160056000068
:10E1D00000000000000500080091000000000000A1
:10E1E0000006001400A3000000000000000700006B
:10E1F00000B700010000000000000007000000015F
:10E20000000000000001000B0015000100000000EC
:10E210000002000700360001000000000003000BB0
:10E22000006C0001000000000004000B004B000126
:10E230000000000000050004008D00010000000047
:10E240000006000A0099000100000000000700001D
:10E2500000B70003000104090000000E00070003DE
:10E260000001040900010016002000030001040958
:10E270000002000E003D0003000104090003001627
:10E280000077000300010409000400160056000393
:10E2900000010409000500080091000300010409C1
:10E2A0000006001400A30003000104090007000099
:10E2B00000B7A947654D2F464600A90047006500F5
:10E2C0004D002F0046004644756D626C65646F72A8
:10E2D000203100440075006D0062006C0065006430
:10E2E000006F007200200031526567756C6172002A
:10E2F00052006500670075006C0061007244756D26
:10E30000626C65646F72203100440075006D0062BC
:10E31000006C00650064006F0072002000314475DD
:10E320006D626C65646F72203100440075006D0091
:10E3300062006C00650064006F00720020003131E3
:10E340002E30310031002E0030003144756D626C8A
:10E3500065646F723100440075006D0062006C00EE
:10E36000650064006F007200310000004001002C65
:10E37000764520B003254523616818236860442D45
:10E38000FE58FFEC02CC04DD00B300D2005E004E6C
:10E39000006100B700FE002103BB03E9028402A86C
:10E3A0005A625A620002000440190F0F0E0E0D0D42
:10E3B0000C0C0B0B0A0A09090808030302020101ED
:10E3C0000000018DB801FF854568444568444568F3
:10E3D0004445684445684445684445684445684444
:10E3E000456844456844456844456844B305044667
:10E3F000002BB3070646002BB10404456844B10660
:10E4000006456844000200800000038006650003A2
:10E4100000070056402001080840090207040401D3
:10E4200000060504030205040600070606010201B2
:10E43000030001010046762F3718003F3C2F3C10A7
:10E44000FD3C10FD3C012F3CFD3C2F3CFD3C0031D0
:10E4500030014968B900000008496861B04052586D
:10E46000381137B90008FFC038593311211125215F
:10E470001121800300FD800200FE000665F99B80EB
:10E48000056500020024FFF8016804D90018002483
:10E490000052401E01252540260001000F0A010000
:10E4A00005040417161F051922061C1C010F030181
:10E4B0000A46762F3718003F3F10FD012FFD2F3CF5
:10E4C000FD3C2E2E2E2E002E2E3130014968B90033
:10E4D0000A0025496861B0405258381137B9002503
:10E4E000FFC0385901213736351134272623273606
:10E4F00037363F01060F01060706151114131406DF
:10E500002322263534363332160168FED9321523DC
:10E51000320B043966092A3E030501010303214039
:10E520002F303F3F302F4001342E18210213221F7D
:10E530002C30093C0B19251E4E140C292014FDAB60
:10E5400025FEED2F3C3B30303A3B000200240423F3
:10E5500001440502000B0015003D40110116164054
:10E560001700120C0800140A1004011246762F3707
:10E5700018002F3C2F3C012E2E2E2E003130014949
:10E5800068B900120016496861B040525838113716
:10E59000B90016FFC038590114070623263526276F
:10E5A0003433320714070623262734333201440656
:10E5B0001E2B0F121341429C061E2D1A19434104B3
:10E5C000D119197C1008266E333119197C3A72332F
:10E5D0000002002400A10305035C00230027013F83
:10E5E000409A01282840290027261F1E17161211BD
:10E5F000262423221E1D17161211100C0B050400D1
:10E60000270C0B240809080809232300030203220E
:10E61000040A04051A191A1616171514151B1010DA
:10E620001B1A191A161617151415101B0A090808B3
:10E63000090D0E081A191A1616171514151B1010A5
:10E640001B251E1D26081A191A1616171514151B38
:10E6500010101B1F200823230003020304040522BB
:10E6600022042206022524030302062300040506D1
:10E670000D0C0803071B20090E011246762F3718D0
:10E68000002F3C2F3C2F173CFD3C2F3CFD173C102E
:10E69000FD01872E08C408C408C40EFC0EC4872ED2
:10E6A0000EC408C408C408C40EFC0EC40EC40EC4B4
:10E6B000872E0EC408C408C408C40EFC0EC4872EDE
:10E6C0000EC40EFC0EC408C408C408C4872E0EC4B1
:10E6D00008C408C408C408FC0EC408C408C4872EB3
:10E6E0000EC40EFC0EC40EC40EC4012E2E2E2E2EF1
:10E6F0002E2E2E2E2E2E2E2E2E2E2E002E2E2E2E68
:10E700002E2E2E2E3130014968B90012002849689A
:10E7100061B0405258381137B90028FFC03859014C
:10E72000060F0237060F022627372307262737074B
:10E73000363F0207363F02161707333716170F0109
:10E7400023073303055109910ADD500A91211B3B30
:10E75000163F211B3B16DD4218910ADD421891211C
:10E760002432163F212432166F3F0A3F02822F3394
:10E77000013F022F3301DD3E0D91DD3E0D9101235E
:10E780003E013F01233E01DD480391DD48039162D4
:10E790003F0000050024FF7903C805CD004A005161
:10E7A0000056005B006200EB407701636340640049
:10E7B0005E5A59534B4745322C251B190A53523B7D
:10E7C000301C1B15100F0A0907064B4B4C484748D5
:10E7D00051505149095E5E5F1C1B1C1D5D5D1D2370
:10E7E0001312040D55041F5704005D5C4C034B05C8
:10E7F000413F5F5E51502C0D062B042734045A59BB
:10E8000048473904063861060C4E062E382B100F87
:10E810000703065202302E033427030D0C010115A5
:10E8200046762F3718003F3C3F3C3F3C3F2F173C7C
:10E830002F3C10FD10FD012F173CFD2FFD173C2F25
:10E840003CFD173C2FFD2FFD10FD3C3C872E0EC4D8
:10E8500008C408C40EFC08C408C408C4012E2E2E27
:10E860002E2E2E2E2E2E2E2E2E2E002E2E2E2E2EF6
:10E870002E2E2E2E2E2E2E2E3130014968B9001547
:10E880000063496861B0405258381137B90063FFDE
:10E89000C038590114070607141723363D01062B0B
:10E8A00001141723363D0126273637363716171140
:10E8B00027263534373637262322073637363711A1
:10E8C0003633321726232207363736371116170705
:10E8D000060F01161514070607262711171625110E
:10E8E0002623220711271106151401342711360794
:10E8F00011271116333203C8AA323B1D951A434A19
:10E90000041C951A99A639040701699469D18E5B94
:10E910004E071A0D17173117432A36181909160D05
:10E9200017173117436B6917140C02020106291ED1
:10E930004F47D1FE8E334012115A82022D6161BBC6
:10E9400096161939016AB9621D13466063200D0BD2
:10E95000265F632008104481101F83D23F01A71B4C
:10E960004DC09A754B183B106B391B28FEFD0301F7
:10E970002A106B391B28FEF4132E331D2519221281
:10E980000D051020793DFE5813548001BC0F01FE87
:10E99000601B016F389C6AFDF56D3FFEC32B430180
:10E9A0007E27FE57030000050024FFF1047E04D1FA
:10E9B000000B001D00290037004700984044014823
:10E9C0004840491E1B1918120C0D0C1D0C0F081580
:10E9D0001414150D0C1D0C0F08161515163204060F
:10E9E00024044000042A38041E0307344407212E5F
:10E9F000070927073C21011211011D0C030903011E
:10EA00001246762F3718003F3F3C3F3C3F2FFD100A
:10EA1000FD10FD2FFD012FFD2FFD2FFD2FFD872E5A
:10EA20000EC40EFC08C40EC4872E0EC40EFC08C40F
:10EA30000EC4012E2E2E2E2E003130014968B90051
:10EA4000120048496861B0405258381137B900483F
:10EA5000FFC03859011406232226353436333216C6
:10EA600025010607060723363F0101363D012F0128
:10EA7000343301140623222635343633321601345A
:10EA8000272623220706151433323736013427266A
:10EA900023220706151417163332373602829D7E5D
:10EAA0007F9C9E7D7F9C01C5FD042E10210EBA4ADD
:10EAB000373D02195D100D3201119E7E7E9C9F7BB9
:10EAC0007F9DFD7C21274B4B2721934B272101FC68
:10EAD00021274C4B272120274C4A282203C17C9216
:10EAE000907E7C94928EFBEA3F19342C3C48500275
:10EAF000E07F36051A1E28FC337C93927D7B95922D
:10EB00000243503642423650C84236FD8F5136419C
:10EB1000423650513642423800020024FFE5040DCF
:10EB200004A8003C004A0067402A014B4B404C00BF
:10EB3000392F002F281004030020040C4504123D37
:10EB4000041A49062C24070843071633062C160816
:10EB500001010C46762F3718003F2F2FFD10FD10B6
:10EB6000FD10FD012FFD2FFD2FFD2E2E2E2E2E2E02
:10EB7000002E2E2E3130014968B9000C004B496837
:10EB800061B0405258381137B9004BFFC0385901B5
:10EB9000060F011714070623222726353437363788
:10EBA0002635343736333217161514070407061581
:10EBB000141716333237363726272623220F01360D
:10EBC00037363332171617163332373601342726C5
:10EBD00027262322151417163332040D5E310C1725
:10EBE0008979B0AF7A8A98203AA471668E96616D61
:10EBF000A5FEBC31464245756F464404111E4723AD
:10EC000030367E3F1E42562A6C0B1A0A20403B09C2
:10EC1000FEDA2E20201634B82C315BB802009C1886
:10EC20000601A862565661A9A96615154CB5895406
:10EC30004C485091B44E3E384F73764B4F4C497010
:10EC40000408131237571B3C1D030502220501C19E
:10EC500059402C0C08D95E3A4200000100240423DC
:10EC600000A80502000B0035400D010C0C400D0002
:10EC700008000A06010846762F3718002F2F012EAC
:10EC80002E003130014968B90008000C496861B0B4
:10EC9000405258381137B9000CFFC03859131407C7
:10ECA000060706232627343332A81205090E241A34
:10ECB00018424204D11B4211241C3C703300000155
:10ECC0000024FF41018B05E3000E003A4010010FC4
:10ECD0000F401000050003040B0007010B46762FC0
:10ECE0003718002F2F012FFD2E2E003130014968DB
:10ECF000B9000B000F496861B0405258381137B95C
:10ED0000000FFFC038590107061110130607262708
:10ED10000211103736018B52799749183C3A5C3E04
:10ED20004905E3ABFCFE9AFE97FEA1329B50A2017F
:10ED3000010129011FD5FB0000010024FF41018BC7
:10ED400005E3000E003A4010010F0F4010000904C7
:10ED50000704000B04010446762F3718002F2F01FB
:10ED60002FFD2E2E003130014968B90004000F49F3
:10ED70006861B0405258381137B9000FFFC0385998
:10ED80000110070207373611100336371617120124
:10ED90008B3F53D5527997471A3C3A5C02C7FECB5A
:10EDA000C2FF008FABFC01660169015F329B51A17C
:10EDB000FF000001002402C0023904D3003B0065BB
:10EDC0004026013C3C403D002C2621201C19100C03
:10EDD000003735333126211C17150C06003837074C
:10EDE0000604133303011C46762F3718003F2F2FDC
:10EDF0003CFD3C012E2E2E2E2E2E2E2E2E2E2E2E75
:10EE0000002E2E2E2E2E2E2E2E2E3130014968B998
:10EE1000001C003C496861B0405258381137B900B5
:10EE20003CFFC0385901060706232227161716177C
:10EE3000161726272627060F0126272637262322E0
:10EE40000F013637363B012627262F0116171617D6
:10EE50001617373637363534271607060733323755
:10EE600036023938162F47090B0206172F074E5F57
:10EE700022471F14040C220611290D09242A61328D
:10EE80001631430B0405112255541B402208080972
:10EE9000040D190A4302032210322C0704225715CD
:10EEA0002C02030B29190420020811352221654B7D
:10EEB0001A4937020D2941132C070C1D1E3C0A0864
:10EEC00013380D150A041629320850742A352B19E7
:10EED000040000010022011402C203DC000B005AEE
:10EEE0004025010C0C400D0107010B0A030302042D
:10EEF00009080503040605020301060009030B08BF
:10EF000007030002010746762F3718003F173C2FF2
:10EF10002F10FD173C012F173CFD173C2E2E003102
:10EF200030014968B90007000C496861B040525887
:10EF3000381137B9000CFFC0385901172111273596
:10EF4000232721111715028939FEE77FC4440108E0
:10EF50007F02B473FED384A973012883A500000146
:10EF60000024FF5200F20090000E00414014010FF7
:10EF70000F401000070400050B0A0D0408070101EB
:10EF80000A46762F3718003F3C2F2F012F3CFD2ECD
:10EF90002E003130014968B9000A000F496861B09C
:10EFA000405258381137B9000FFFC038593714078D
:10EFB000060737363723222735343332F25C2B41AC
:10EFC0000541013515036965304C5F2C070D534829
:10EFD00017255A000001002401CA02DF022B000598
:10EFE0000039400F01060640070003000500030238
:10EFF000010346762F3718002F3C2F3C012E2E00A0
:10F000003130014968B900030006496861B04052D7
:10F0100058381137B90006FFC038590106072136A4
:10F020003702DF4A02FD913D0F022B2F32233E00B3
:10F0300000010024FFF300F2009400070037400FA6
:10F040000108084009000005040602010104467693
:10F050002F3718003F2F012FFD003130014968B9CB
:10F0600000040008496861B0405258381137B900AF
:10F0700008FFC038593714072227343736F2655F46
:10F080000A665C43460A4E4B040400010024FFD389
:10F09000042C059A000C004F401A010D0D400E0083
:10F0A0000A0702000405080101020000010C000229
:10F0B00001010246762F3718002F3C2F3C01872E86
:10F0C00008C40EFC0EC4012E2E2E2E003130014934
:10F0D00068B90002000D496861B0405258381137D4
:10F0E000B9000DFFC0385909012336370136372FD3
:10F0F000023633042CFCA3AB4C4D024B45020212EA
:10F10000182410059AFA39528103D6733D0B1B312E
:10F11000170000030024FFE80446049400110021B6
:10F12000005500634028015656405700544D46385C
:10F130002E3E283A052C4405221A050912050033F3
:10F14000060D1E060416060D0D0401010946762F54
:10F150003718003F2F10FD10FD10FD012FFD2FFD72
:10F160002FFD2FFD2E2E002E2E2E2E2E313001495A
:10F1700068B900090056496861B0405258381137E3
:10F18000B90056FFC038590110070623222427264C
:10F190003510373633320417160734272623220753
:10F1A00006151417163332373603140706070607F9
:10F1B00016171617160727262726270607060F01F4
:10F1C000263736373637262726272635343716177B
:10F1D0001617161F0137363736373637160446A549
:10F1E00097D5ABFEFE3C28A596D6A701083B27CABB
:10F1F0004559A9825C694658A9A75A468505122B2C
:10F20000091607083D040211321C1F0E2523102188
:10F210001B321001043D0609130B2C11051F0E05AE
:10F22000122D1A053030051A2D12021020023EFE52
:10F23000E4A496B7A16C920119A697B99D6799BDF0
:10F240008DB57A8BFAB990B6B68E0153190F372B5C
:10F25000091005083B5B256D80361F0E181610211E
:10F26000348072205A3C06070E0B2C3610183F7D56
:10F270006511422D1A031E1E031A2D42096D7D00D1
:10F2800000010024000001CC04BE0018005C4022F4
:10F29000011919401A0012110A0908070512110F65
:10F2A0000A010003041405040415140F01000101F0
:10F2B0000A46762F3718003F3C2F012F3CFD3C10AB
:10F2C000FD2E2E2E2E2E2E002E2E2E2E2E2E2E31BA
:10F2D00030014968B9000A0019496861B0405258C4
:10F2E000381137B90019FFC038592901363F0111CB
:10F2F0000623272307373637363706073516151105
:10F3000014171401CCFECE2D0906040329176B2B0C
:10F3100003A56A3206030304362352033401060CA4
:10F3200021035839311902011364FC5014151800D7
:10F3300000010024FFFD03D3049A0029005E40244D
:10F34000012A2A402B001716002519161412100343
:10F350000200090423262506010C061F1F190202BC
:10F3600001010246762F3718003F3F2F10FD2FFD79
:10F370003C012FFD2E2E2E2E2E2E2E2E2E002E2E2A
:10F380002E3130014968B90002002A496861B04055
:10F390005258381137B9002AFFC0385901030535D2
:10F3A0003237363700353426232207061514170660
:10F3B000151417270F013437363736333217161521
:10F3C00010012132373203D36CFCBD0B9A8131011D
:10F3D000338F791F2A33011B1D555E392026398F43
:10F3E000BD8F5D6DFDD201655E42010101FEFF032F
:10F3F0003086712E0124B979990F1218050336460B
:10F40000494C0A050C4364772A6A3D4788FEA3FEEF
:10F410005B2300010024FFEE0381049C0031005EA9
:10F420004024013232403300242322093026222096
:10F43000150A090711050019052C0D07041D0728D9
:10F44000280401010746762F3718003F2F10FD10C2
:10F45000FD012FFD2FFD2E2E2E2E2E2E2E2E002EB8
:10F460002E2E2E3130014968B900070032496861FB
:10F47000B0405258381137B90032FFC03859011422
:10F48000070623222F013637151416333237363547
:10F4900034272627363736353427262322061514F7
:10F4A00017272322273621321716151407060704BB
:10F4B00003818579A2A0908D988C473B484158796B
:10F4C00059C2D32E7E4F465E3361056A170F428ABA
:10F4D000012F79677F6C1B5F010D01479E625942C6
:10F4E0006910553C3B49384C85AB503B16371841A9
:10F4F000695A36305F33100F1009E8323E6B884C82
:10F5000013278600000100240000041F0499002D29
:10F51000007A4036012E2E402F0029171629262169
:10F520001716140D0807001D04110A040223220CEB
:10F53000030B042D2C0303022D22210300060D0CC6
:10F5400002030119080701010D46762F3718003F05
:10F550003C2F2F173CFD173C012F173CFD173C108B
:10F56000FD2FFD2E2E2E2E2E2E2E2E2E2E002E2E4A
:10F570002E3130014968B9000D002E496861B04054
:10F580005258381137B9002EFFC0385901072311DE
:10F590001417141721363F01352136373635342FED
:10F5A00001363707363316171615140706072135A7
:10F5B000342F01363F0107061511041F598F043BF4
:10F5C000FEC8340806FDA460205F2D931B0E055A6B
:10F5D00069321E18072A48016732507640A9052172
:10F5E00001F86FFEF41414193C352452DE7638A766
:10F5F0009D5C2C431A0601341E624F4C2820C17DAD
:10F60000E12F2840102170526A39FEDC00010024ED
:10F61000FFEE039A0495002C00614026012D2D4039
:10F620002E00281C0A0419002404100A09042928A1
:10F630002007160908060026060C2C002B160101CF
:10F640001946762F3718003F2F3C3C2FFD10FD3C0C
:10F6500010FD012F3CFD3C2FFD2E2E002E2E2E2EB8
:10F660003130014968B90019002D496861B0405234
:10F6700058381137B9002DFFC03859010607060761
:10F680002627262B011136333217161514070607C5
:10F690000623222F01363F0116171633323736352F
:10F6A0001021220711343717039A7211151D5616AF
:10F6B0003B51C83E45D0788B7A55432C6AB98A6C49
:10F6C0006930452F362B5D693C30FEE497A91481E3
:10F6D000049450181E7C5C102BFEDC0D5562C8C2D1
:10F6E000714F150E456910244591271F735C7401F5
:10F6F000325701B91A66010000010024FFEE0368C9
:10F7000004A40030005A4023013131403200190571
:10F71000032C09001B05220B052A1104220D0726C4
:10F7200015061F0026011F02012C46762F371800F0
:10F730003F3F2F10FD10FD012FFD2FFD10FD2E2E40
:10F740002E002E2E2E3130014968B9002C0031498F
:10F750006861B0405258381137B90031FFC038598C
:10F760000107060726232207061514171237363716
:10F770003627262726070607060726353437363765
:10F78000361615140706070627262726353437367A
:10F790002503685A281D6A57B241250426C96835D1
:10F7A0002D0A092E395B2D394F0709423F659BC64B
:10F7B000526CB2CD7A6813047D9A011104A4411DE4
:10F7C0004F3CD97B89312EFE48050363556F5D455B
:10F7D0005503012C3C5F2623643D3B0304B49B731B
:10F7E00073970606A189D92E21E4A5CB0800000154
:10F7F0000024FF7804210499001B00464016011CD8
:10F800001C401D00101512100C08000D0C06001BEA
:10F8100008011546762F3718002F2F2FFD3C012E9B
:10F820002E2E2E2E2E002E3130014968B9001500E3
:10F830001C496861B0405258381137B9001CFFC0EC
:10F84000385901060706070211060710133637213B
:10F85000220F013635342631343736373637042116
:10F8600094775C1A4D9B69B26189FEBB794FAD07F5
:10F87000140E4C372D0704986EB2896AFEC8FEBB81
:10F88000018F016001BBF18921610B090820070884
:10F890002A41352300030024FFE5038904A8001949
:10F8A0000027003700594023013838403900180C30
:10F8B00030040822040E1A04162804003407042019
:10F8C00007122C0726120401010846762F3718006C
:10F8D0003F2F2FFD10FD10FD012FFD2FFD2FFD2FC0
:10F8E000FD2E2E003130014968B900080038496802
:10F8F00061B0405258381137B90038FFC03859014B
:10F900001407062322272635343736372635343771
:10F9100036333217161514071603342726272623E5
:10F9200022151417163332133427262322070615FF
:10F930001417163332373603898979B0AF7A8A982B
:10F94000203AA471668E96616DA4F2FA2E202016DC
:10F9500034B82C315BB84343467274464242457515
:10F960007246430145A862565661A9A96615154C11
:10F97000B589544C485091B24E5A015A59402C0CFA
:10F9800008D95E3A42FEA0744C504F4B76764B4FEE
:10F99000504C00010024FFF4036804AA0030005317
:10F9A000401F0131314032001E0A08052005270E94
:10F9B00005001604271A062312072B2B0501010543
:10F9C00046762F3718003F2F10FD2FFD012FFD2FFA
:10F9D000FD10FD2E002E2E2E3130014968B9000594
:10F9E0000031496861B0405258381137B90031FFD1
:10F9F000C03859011407060D013736371633323730
:10FA00003635342702070607061716171637363716
:10FA10003637161514060706272635343736373697
:10FA20001716171603687D9AFEEFFEE45A271E6923
:10FA300058B142250427C86B332C0A082F385C2D97
:10FA4000394E080982649C6164536BB2CD7A6714A5
:10FA5000040258E4A5CB0808411C503CD97A8A32EC
:10FA60002D01B805036353705C475503012C3C5FBF
:10FA7000262363790304595B9B7175970606A18859
:10FA8000DA2C00020024FFF300F2029C0007000FB2
:10FA9000004540170110104011000800050C040239
:10FAA00006060E060A060A01010446762F371800DC
:10FAB0003F2F10FD10FD012F3CFD3C00313001496E
:10FAC00068B900040010496861B0405258381137D5
:10FAD000B90010FFC03859131407222734373213E6
:10FAE00014072227343732F2665E0A665C0C655FC3
:10FAF0000A665C023D560B5F560BFDB9550D60560C
:10FB00000B0000020024FF5200F2029C00070016C6
:10FB1000004C401A011717401800150F0C0800057B
:10FB2000131204020606060C100F01010446762F7C
:10FB30003718003F3C2F2F10FD012F3C3CFD3C2E81
:10FB40002E002E3130014968B90004001749686160
:10FB5000B0405258381137B90017FFC03859131444
:10FB600007062734373213140706073736372322A0
:10FB70002735343332F2665E0A665C0C5C2B410535
:10FB800041013515036965023C5F030363570BFDB3
:10FB9000944C5F2C070D534817255A000001002490
:10FBA000009A026B036A000A0039400F010B0B40F8
:10FBB0000C00090704000701010446762F371800DE
:10FBC0002F2F012E2E2E2E003130014968B900044E
:10FBD000000B496861B0405258381137B9000BFF2B
:10FBE000C038592507262F01243F01020716026B52
:10FBF000AE2EA0CB012B3FC457BCF3C228756D8A33
:10FC00005FEA1BFEFB5EB20000020024017A02DF05
:10FC1000027B0005000B004B4019010C0C400D004D
:10FC200009060300030206000B0606080500090882
:10FC3000010346762F3718002F3C2F3C10FD3C1057
:10FC4000FD3C012E2E2E2E003130014968B90003F3
:10FC5000000C496861B0405258381137B9000CFFA8
:10FC6000C038590106072136370506072136370205
:10FC7000DF4A02FD913D0F026F4A02FD913D0F02E6
:10FC80007B2F32233EA02F32233E00010024009F11
:10FC9000026B036F000A0039400F010B0B400C0090
:10FCA000070503000803010746762F3718002F2F9A
:10FCB000012E2E2E2E003130014968B90007000BAD
:10FCC000496861B0405258381137B9000BFFC0384D
:10FCD0005901040F0112372627371617026BFED57C
:10FCE0003FC356BDF439AE2AA502025EEA1B0106E7
:10FCF0005DB29328727100020024FFF802FC0494A4
:10FD00000031003C005F4025013D3D403E00280F92
:10FD10000B0A2614110F0A0822042C3205381A0483
:10FD2000003A06351E0730303501012C46762F3754
:10FD300018003F2F10FD10FD012FFD2FFD2FFD2E70
:10FD40002E2E2E2E2E002E2E2E2E3130014968B949
:10FD5000002C003D496861B0405258381137B90055
:10FD60003DFFC03859011407060706070617161786
:10FD700023220706233635342635343736373635D1
:10FD800034272623220706151417161706232227C1
:10FD900026353437363320011406232226353433F2
:10FDA000321602FC502E6952030902031B3426331B
:10FDB0001936220C2F81394A2E2B6B583632231CD0
:10FDC00053211D664149736475018CFEE5412E3057
:10FDD0003F6F2F40038F7F613747371743182A4FF4
:10FDE00002012630104010301E514B6182692824D8
:10FDF000443E5B371D171B043035636E453CFBCE1C
:10FE00002E3C3A306B3C00020024FFDA0590046A75
:10FE1000003F004A00784034014B4B404C004131D8
:10FE2000301A0A321A250500414016042120270500
:10FE3000002E05384704100C064949063418071CE3
:10FE40002306042B063C3C3401013846762F371834
:10FE5000003F2F10FD2FFD2FFD10FD10FD012FFD88
:10FE60002FFD2FFD2F3CFD3C3C10FD2E2E002E2E95
:10FE70002E2E2E3130014968B90038004B49686197
:10FE8000B0405258381137B9004BFFC038590114EF
:10FE90000706070627262726270623222726353486
:10FEA00037363736372623220736333217161511E1
:10FEB0001417363736353427262322001510213300
:10FEC0001706232027261110373621201716011177
:10FED00006070607061514333205903D48827C3D1F
:10FEE000251C0C14785D6F4650B29F2D411D536C3C
:10FEF0005A8B7BBF5E65432F60060F747BD3E1FE98
:10FF0000F702606B588F9AFEDDCFE9DBCF0121014C
:10FF100016BFCCFDE12F3D7C0F38835102118D734C
:10FF20008704041B1029202C5932386BC6302B143F
:10FF30001D3631257222204CFE204802054DC21F7D
:10FF4000D6868EFEE5E3FE3612558C9D0108010C27
:10FF5000AEA59FAAFE6D013C31152B0A255E8700D8
:10FF600000020024FFFF05AB04D30020002600762A
:10FF7000402E012727402800232204232116120C9B
:10FF80000A08000304091B1D19191D222122230838
:10FF9000100E0E1019071717030B010001010C4674
:10FFA000762F3718003F3C3C3F10FD01872E0EC4D2
:10FFB0000EFC08C4872E0EC40EC40EFC0EC4012E07
:10FFC0002E2E2E2E2E2E2E002E2E2E313001496852
:10FFD000B9000C0027496861B0405258381137B950
:10FFE0000027FFC038590521262F010607061514E2
:10FFF0001707273613361336353427262737361793
:020000040802F0
:100000001613121716171601030136373605ABFE05
:10001000AF1F4D6F8DE5FE0446A942CA50DF024076
:100020002322C157195382894839313BFE0AC2FE47
:10003000BB41B92701699FE61C9BAC750B0A010106
:100040002E018C9C01BD0A0A3C3115160E062F9D0F
:10005000FED7FEC78F71394501FE0174FD954B4CEB
:10006000100000030024FFFE03EF04E6002200302E
:100070000041007C40390142424043003C3A2F1984
:1000800021150C050423051F3105000E042A3837FD
:100090002B29042A04100F25061B3E070535072DC2
:1000A0001B0316030C0B0A0906050501011546760C
:1000B0002F3718003F173C3F3F2FFD10FD10FD016B
:1000C0002F3CFD173C10FD2FFD2FFD2E2E2E2E2E2A
:1000D000002E2E2E2E3130014968B90015004249FC
:1000E0006861B0405258381137B90042FFC03859E2
:1000F0000110050607172322062B012723363F018F
:1001000011342726232737361F01363332171615A9
:10011000140716013423220706071715161716179A
:100120003613342726232207111417163736333295
:10013000373603EFFECF85B202300F3E0F2E235528
:100140003306082C3412021F88481596AE78515C8D
:1001500069C7FECC9B423A4C080152AB0F2F2F5E71
:10016000947986340105040518118C719401B5FE4B
:10017000F86E300C030202341B5C032D4B37403009
:1001800002094522783A4174876F6C015289171E23
:10019000350DA30110010A49FE2EA5614F09FD701E
:1001A000100F0101044A610000010024FFDF055A1D
:1001B00004CD001D0052401E011E1E401F001206ED
:1001C00013120403000C051908060010061515018A
:1001D0001D0003011946762F3718003F3C3F10FDE4
:1001E00010FD012FFD2E2E2E2E2E002E2E31300131
:1001F0004968B90019001E496861B0405258381169
:1002000037B9001EFFC038590107061D0106152623
:10021000212207061514171633201315062120274F
:10022000261110373621055A48330490FEECFC9B0A
:10023000A67B87E50122D6BEFEADFEC8B3B9FBD8CA
:10024000014004CD3B352C2A0A47B7838DF7E19B4B
:10025000AB013FFAA5A6AC01350130A79000000222
:100260000024FFDF04B604CD001100220054402119
:10027000012323402400071205001B1A080307046A
:100280000A091F060316060E0E03090103010109E0
:1002900046762F3718003F3F3F10FD10FD012F3CE1
:1002A000FD173C2FFD002E3130014968B9000900CF
:1002B00023496861B0405258381137B90023FFC054
:1002C0003859011000212227262715071136373605
:1002D0003320171603342726232207061511161775
:1002E000163332373604B6FE9BFEE85A607034B7D8
:1002F000B29A54AA010AA29CD66273D28B646F3A56
:10030000705D5FC077680263FEE8FE94181C334698
:100310000103F5734224B2ABFEF3D48FA74A528691
:10032000FD5A311D18B8A10000010024FFFC038212
:1003300004CD0031008140380132324033002F2497
:100340002015302F1E1514120E040028271D031C23
:10035000040B0A2B292A07021B191A070F28060269
:100360001C060F22061E1D100F03030201010E467C
:10037000762F3718003F3C3F3C2F3CFD10FD10FD11
:1003800010FD3C3C10FD3C3C012F3CFD173C2E2E4B
:100390002E2E2E2E2E2E2E002E2E2E2E31300149B8
:1003A00068B9000E0032496861B0405258381137C0
:1003B000B90032FFC0385925062321273736373494
:1003C0003F0111342F013721321706151727262F29
:1003D000020F0111210F0126272227260617131FBE
:1003E000013F01363F0107140382121CFCF625531E
:1003F0001B070301275325030A1C122E093C5D8E9F
:100400003233532802014A655BBB04131412010105
:10041000285333328E5D3C091D21232E1C110D1BE8
:100420000203862B272E23214A1B4413461904025C
:100430000204FE7B7D607B0801010506FDC7040206
:100440000204194613441B0000010024FF5B0381D2
:1004500004CD002000664029012121402200120E17
:10046000031D0C03020015140B030A041A190907D3
:1004700008071E0A061E10060C0B191F1E03011D7D
:1004800046762F3718003F3C2F2F3CFD10FD10FD06
:100490003C3C012F3CFD173C2E2E2E2E2E002E2EE6
:1004A0002E3130014968B9001D0021496861B04012
:1004B0005258381137B90021FFC0385901061517B5
:1004C00027262F020F0111210F012627222726158B
:1004D000110F0311342F0137213203812E093C5DA6
:1004E0008E3233532802014A655BBB041325261F55
:1004F0003240275325030A1C04AC4A1B44134619F7
:1005000004020204FE7B7D607B0801010BFD4D0EA1
:10051000132B3304CF2B272E230000010024FFDFF1
:10052000055A04CD0041007340300142424043006F
:1005300031302F2119063731302F211914040300CF
:100540001704350C053D0806002B061B25061E105A
:1005500006393901410003013D46762F3718003F27
:100560003C3F10FD2FFD2FFD10FD012FFD2FFD2E17
:100570002E2E2E2E2E2E2E2E2E002E2E2E2E2E2EC9
:100580003130014968B9003D0042496861B04052CC
:1005900058381137B90042FFC038590107061D010C
:1005A000061526212207061514171633323736355D
:1005B00034263534370623222623220F01363736D8
:1005C0003332171617163332373637073706070612
:1005D00015141706212027261110373621055A48F1
:1005E000330490FEECFC9BA67B87E5926E8A0B059C
:1005F0001D33248B2430367E3F1E42562A6C0B1A44
:100600000A20403B0958060A0C221A27CEFE9FFEFC
:10061000C8B3B9FBD7014104CD3B352C2A0A47B7F3
:10062000838DF7E19BAB415267144D1418140B27CF
:100630001237571B3C1D0305022205420A060936E4
:100640003A5E52DEB3A6AC01350131A78F0000013E
:1006500000240000051604CF0027006B402D012860
:10066000284029001A0522170C0B09010003042356
:10067000201D1C0504040424231A1904100F221938
:1006800018030C0B01030001011746762F371800E1
:100690003F173C3F3C3C012F3CFD3C2F3CFD173CB1
:1006A00010FD2E2E2E2E2E2E2E002E2E31300149F4
:1006B00068B900170028496861B0405258381137AE
:1006C000B90028FFC038592901363F011104070637
:1006D00007161721363F0111342F01262726273709
:1006E0002111002535343635342705111417160528
:1006F00016FED42A0A06FEE8BB8F2C0C22FED42A52
:100700000A06360406233F0C2F0136010801930226
:10071000630118070836235202342CEAB3D7152A8E
:1007200036235203285D27100E0B152F09FCBC0140
:100730009703B00C2F0C902502FBDE46171B00011F
:1007400000240000020004CD0011004B401A0112E9
:10075000124013000B010003040D0504040E0D0DDF
:100760000C03010001010B46762F3718003F3C3F78
:100770003C012F3CFD3C10FD2E2E2E003130014956
:1007800068B9000B0012496861B0405258381137FF
:10079000B90012FFC038592901363F01113427260C
:1007A0002726273721111417160200FED42A0A061D
:1007B0003611583F0C2F0172070836235203285E6A
:1007C000260C1D152F09FBDE46171B000001FFE755
:1007D000FE6301C304CD0011004240150112124016
:1007E00013000F0409080411001110030400010490
:1007F00046762F3718003F3F3C012F3CFD3C2E2E04
:10080000003130014968B900040012496861B04004
:100810005258381137B90012FFC03859251407064D
:10082000073637363511342726272627372101C3C7
:10083000657FF8B8402D360E5B3F0C2F0172A0CBC0
:100840009AC216779D6EBB03315C270A20162F0AC9
:1008500000010024FFE705AA04DF00370069402BF0
:1008600001383840390036341D0D002C2625231957
:1008700013120015040D1B1A0E030D041716260380
:100880001A19031312010301011946762F371800B4
:100890003F3F3C3F3C3F012F3CFD173C10FD2E2EBF
:1008A0002E2E2E2E2E2E002E2E2E2E2E31300149A3
:1008B00068B900190038496861B04052583811379A
:1008C000B90038FFC0385925060F01262726032610
:1008D0002726272627111417161721363F01113412
:1008E0002721111633323736373635342725060798
:1008F00006070607161716171617161716373605A2
:100900009896665370450E992A47226C214C0A0A24
:1009100027FED42A0A06A6015D0E0F5D643E474FEE
:100920007801692F485C4B634183691089524821E3
:100930004C354344802E3B303A6915011E4E2E162D
:100940002E0E09FE18411C1F3137245203863578BC
:10095000FE0E01301E5F6A53631F018080A42F3E8C
:10096000171A8114D5801418070505050001002405
:10097000FFBC03E804CB00140055402001151540CE
:100980001600000D050007040E0F0E0409081306DB
:1009900004020E0D0305010401010D46762F3718E0
:1009A000003F3F3F3C2F10FD012F3CFD3C10FD2E32
:1009B0002E2E002E3130014968B9000D001549680E
:1009C00061B0405258381137B90015FFC038592569
:1009D0000615260D01363F01113427262721111651
:1009E0001716332003E86D5EFEE1FE843B09062105
:1009F0002D5A015F031325390117F9B68740050702
:100A00004A1F520323413F5528FB9D03060C00015A
:100A100000240000069604D8002B007F4036012CED
:100A20002C402D0029181712261E1D0F0C0B02003A
:100A30002928292A0813121213171505201918043A
:100A400021200E0404052827031E1D0C030B0100A2
:100A500003012646762F3718003F3F173C3F3C01E5
:100A60002F3CFD2F3CFD3C10FD3C872E0EC40EFCA0
:100A700008C4012E2E2E2E2E2E2E2E002E2E2E2E81
:100A80003130014968B90026002C496861B04052F4
:100A900058381137B9002CFFC03859010615141702
:100AA0001314171617161721363F010334270106B2
:100AB000151417011114171617213635112726277B
:100AC0002627372109013706967201020305051012
:100AD00029FEE63C0603020AFE494702FDD53423FF
:100AE00058FEAF435322300D3055010E020F01B8AE
:100AF0006104D82D3B0607FC482413200D2B1C2D28
:100B0000542A032C3925FDF5553D0A0A0259FD5694
:100B10005B503652715C037932091207280BFDA62F
:100B2000020B550000010024FFF3050904CD00214C
:100B3000007F40380122224023001908160E0D05BF
:100B400003070809080919191A181819201F0500A0
:100B500009080411101A1904210021201803170391
:100B60000E0D01050103010201011646762F37180B
:100B7000003F3F3F3F3C3F173C012F3CFD3C2F3C9B
:100B8000FD3C10FD3C872E08C408FC0EC4012E2E2F
:100B90002E2E2E002E2E3130014968B9001600226B
:100BA000496861B0405258381137B90022FFC03847
:100BB0005925140727161726270111141716172170
:100BC0003635112726272627372101113427262FCE
:100BD00001353305091D12040A222FFCCE34235897
:100BE000FEAF435322300D3055010E032307061686
:100BF0006DEF413E0A040208113503A4FD565B5017
:100C00003652715C037932091207280BFC5702A88F
:100C10002B0F1524553900020024FFDF05A204EE36
:100C2000000F001F00474019012020402100180537
:100C3000081005001C060414060C0C03040101082E
:100C400046762F3718003F3F10FD10FD012FFD2F76
:100C5000FD003130014968B900080020496861B0E1
:100C6000405258381137B90020FFC03859011007D9
:100C700006212027261110373621201716031027AA
:100C80002623220706151417163332373605A2DC41
:100C9000C8FEE5FEE1C4DCDCC7011C011EC5DCD6D4
:100CA0009989C7EC837A7B84EAEA847B0267FECD6C
:100CB000B3A2A2B501310132B3A2A2B5FED00107A1
:100CC0009889A295F1EF96A3A39600020024000054
:100CD000039104E6001B0024005E40260125254008
:100CE000260023161209081C05000B042223050404
:100CF0000322040D0C1E0618180313030908010132
:100D00001246762F3718003F3C3F3F10FD012F3C25
:100D1000FD173C10FD2FFD2E2E2E002E2E31300102
:100D20004968B900120025496861B040525838112D
:100D300037B90025FFC038590110050623131416D2
:100D40001721363F0111342726232737361F013656
:100D5000333217160734232207061511240391FE98
:100D6000728F26011327FECE3306082C3412021F81
:100D700088481596AE78515CD69B463C4F016C0373
:100D8000F7FEF9AD3EFEA63F3B31341B5C032D4B15
:100D900037403002094522783A4184891A223AFEC6
:100DA000826500020024FF24067D04EE001A00374D
:100DB00000574021013838403900363004302914BA
:100DC0000023050A1B05122706061F060E000E0348
:100DD0000601010A46762F3718003F3F2F10FD10FD
:100DE000FD012FFD2FFD2E2E2E2E002E2E2E31300A
:100DF000014968B9000A0038496861B04052583862
:100E00001137B90038FFC038590524272627062393
:100E10002027261110373621201716111007171614
:100E20001716171603102726232207061514171660
:100E300033323726272627262F011617161716179F
:100E400036067DFEE1596A519FC8FEE1C4DCDCC76D
:100E5000011C011EC5DCF10413214B7222FC99898F
:100E6000C7EC837A7B84EAA6760D114E284E46EABB
:100E7000BD3B89732B4E72DC2A39446551A2B50102
:100E8000310132B3A2A2B5FED0FEC0B60517275875
:100E9000441402E901079889A295F1EF96A357122D
:100EA0001A772C5731A32C193A7E2F749600000222
:100EB00000240000046504E60026002F007840337B
:100EC0000130304031002E190721150C0B0023256D
:100ED000090503030527051F0E04072E2D08030728
:100EE00004100F29061B1B0316030C0B0103000142
:100EF000011546762F3718003F173C3F3F10FD0184
:100F00002F3CFD173C10FD2FFD872E0EC40EFC0E4E
:100F1000C4012E2E2E2E2E002E2E2E313001496889
:100F2000B900150030496861B0405258381137B9DE
:100F30000030FFC0385921232627262726271114E1
:100F4000161721363F0111342726232737361F0174
:100F500036333217161510051617161716013423D7
:100F60002207061511240465F65D7F14A646441475
:100F700026FECE3306082C3412021F88481596AE82
:100F800078515CFE726C6C266E86FEC69B463C4FAA
:100F9000016C348C16CB5612FEA23F3A32341B5CE5
:100FA000032D4B37403002094522783A4174FEF850
:100FB000AC3B802F849E03B0891A223AFE826500E2
:100FC00000010024FFFE03C804CD002F006340266B
:100FD000013030403100250A211F1B062D2E09113A
:100FE0001010110E04002B04130C06042706191907
:100FF000030401010646762F3718003F3F10FD100D
:10100000FD012FFD2FFD872E0EC40EFC0EC4012EF8
:101010002E2E2E002E2E3130014968B900060030E8
:10102000496861B0405258381137B90030FFC038B4
:101030005901140706232227363736371233203555
:101040003427252635343736373633321707060F1F
:10105000011615140706072623220706151417057F
:101060001603C8AA8DCBC4DE3904070195F101220D
:10107000AEFE9AD18E6152387BB6AE17140C0202C6
:101080000106293CFE754347AC0167D1016AB9628C
:10109000515A81101F83FED3B092405C4DC09A75A7
:1010A00050160F4D331D251922120D051020F23A4E
:1010B0003D747A2F6354000100240000059E0572E0
:1010C0000022005E40250123234024001B041B0F47
:1010D0000E001104091312040A091817090308065F
:1010E000001E0F0E01220003011B46762F37180049
:1010F0003F3C3F3C2F10FD173C012F3CFD3C10FDB9
:101100002E2E2E2E002E2E3130014968B9001B00E4
:1011100023496861B0405258381137B90023FFC0E5
:1011200038590107060F012627262B01111417161F
:101130001721363F01113427262723220F01373686
:101140003716171633059E583019155227396983FB
:1011500007082CFED42A0A06360714A37D48B67B5E
:1011600036013748407504D03E224A5A5D1823FCA8
:101170004746171B3336235203285D270508216F86
:10118000B54F9A5F241F00010024FFE904C404CD79
:101190000038005E4026013939403A0035322C2BA8
:1011A0001B1A14111D050D290500230604302F17E5
:1011B000031603090806030401010D46762F3718AC
:1011C000003F173C3F173C10FD012FFD2FFD2E2E39
:1011D0002E2E2E2E2E2E003130014968B9000D0022
:1011E00039496861B0405258381137B90039FFC0E9
:1011F000385901100706213027260F012027261114
:1012000034373637342F01363321321F011506119A
:101210001417161716173637363736351027353761
:10122000363321321707061516171604C48B99FE9C
:10123000FB14131413FEFA988B676C0F17711E14AE
:1012400001020F0A09DA65451B40757F3B0F4C65AB
:10125000DA0909100102141E71170E6D670254FF9E
:1012600000ADBE01010101BEAD0100979B841709CD
:10127000166C21040E1DD1FE87E7845A1531050630
:10128000300C6383E80179D11D0E04216C16091717
:10129000849B00010024FFD9058604CD001F005760
:1012A000401F012020402100171E1B12100D0017A7
:1012B00018080201010206011F0E0D030003010DB3
:1012C00046762F3718003F173C3F01872E0EC40E7D
:1012D000FC0EC4012E2E2E2E2E2E002E3130014952
:1012E00068B9000D0020496861B040525838113784
:1012F000B90020FFC0385901070302030607222F57
:1013000001020326272116170607171213161713B3
:10131000363F01262F013705864EDD97BF0E1B3164
:10132000375573A337AE0188101C3E060553EF20D6
:101330001DFD5E43050214644404CDA3FE73FEF05C
:10134000FE6E1E048CD70123011B5FF4051B303297
:101350001EFEF3FE563A3001C2A79D211B1A570EFE
:1013600000010024FFE607A004CE004D00734032C8
:10137000014E4E404F000B4A474140332B271F1E62
:10138000181521051135052E293E050025060D3AB3
:10139000390604454431301B051A030D01070101CC
:1013A0001146762F3718003F3F3F173C2FFD3C106A
:1013B000FD012FFD2F3CFD2FFD2E2E2E2E2E2E2E2D
:1013C0002E2E2E2E002E3130014968B90011004E0C
:1013D000496861B0405258381137B9004EFFC038E3
:1013E000590110070621220623222726270623203B
:1013F00027261134373637342F01363321321F0177
:1014000015061114171633323726353437342F01A9
:10141000363B01321702111417163B0132373635AD
:1014200010273537363321321707061516171607DA
:10143000A08B99FEFB0C320C774451569DE1FEFACD
:10144000988B676C0F17711E1401020F0A09DA647A
:1014500070E2835D978916731E13CB2A0656465D8C
:10146000A309D8795BDA0909100102141E71170E5D
:101470006D670255FF00ADBE0415194873BEAD017E
:1014800000979B841709166C21040E1DD1FE87E975
:10149000839347C5F3FCD10A156C212AFEFEFEB3E7
:1014A000CB88B59E77F40179D11D0E04216C160905
:1014B00017849B0000010024FFF9053B04E200288B
:1014C0000053401E012929402A002119130A05282A
:1014D0001F130D0A0023061D1006151D030101012F
:1014E0000A46762F3718003F3F2FFD10FD012E2EA4
:1014F0002E2E2E2E002E2E2E2E2E3130014968B982
:10150000000A0029496861B0405258381137B900C3
:1015100029FFC038590D012627262706070607058B
:10152000363701272623220F013633321716173696
:1015300037363332170607262322070E0107053BED
:10154000FEEE8B3F697A9D265F31FEFB5C9E0117A4
:1015500097695424395BA76860671D7F476A707A72
:10156000584C172F433544392675290205E15F9DF4
:1015700092E33F9F9F05A5C00153E7A10F18918AF1
:1015800029B069939C214747233E29C82A000001BE
:101590000024FEDF04F904D200200063402601216C
:1015A000214022001A1F1D1816130F0E0D05000EE4
:1015B0000D0E0F080F10030202030E141303200078
:1015C00003011346762F3718003F3C3F3C2F01871D
:1015D0002E0EC408FC08C4012E2E2E2E2E2E2E2ECA
:1015E0002E2E002E3130014968B9001300214968C0
:1015F00061B0405258381137B90021FFC038590145
:101600000209010615141716171617161705010BF0
:1016100001262721321706151401133637262737DE
:1016200004F9FBFEFDFE9B25071409102A2706FE80
:10163000B9017E96D502A201880824440114C791FD
:101640000605754404CBFE96FE5EFDC03C0A080507
:101650000808060D0C180602610116019503E42026
:10166000352D73FE1C0121D3443F4D0E0001002493
:10167000FFF505760518002B0073402F012C2C4038
:101680002D002B1D0E2B221F0F0B0A000A0B080B1F
:101690000C2221212224060819060B0C0B06172602
:1016A0000606220606130601010A46762F371800A1
:1016B0003F2F10FD10FD2FFD3C10FD2FFD01872E4B
:1016C0000EC408FC0EC4012E2E2E2E2E2E2E002E01
:1016D0002E2E3130014968B9000A002C496861B0EA
:1016E000405258381137B9002CFFC038592514071B
:1016F00006070623222D0127012122072736373628
:10170000371617161F02162536233217060701163D
:101710003332253736373637057668742011E57A47
:10172000FECBFE8D3E042AFDBF9AD7276B0C2035D9
:1017300026112D57839F40015B391373010A07FC63
:10174000191CD8860105ED39231A39C206424931E0
:101750000B05061504053B1E75102B6B1E0A261380
:101760000E03011203301706FC4F150B0A020D0978
:10177000180000010024FFBE023B0565000B004B72
:101780004019010C0C400D000A0908000B0A040264
:101790000B00060108070201010246762F371800E8
:1017A0002F3C2F3C10FD3C012FFD3C2E2E002E2EF9
:1017B0003130014968B90002000C496861B04052FB
:1017C00058381137B9000CFFC03859250523133696
:1017D00037363721052711023BFEC3DA060A1F3AC6
:1017E000290177FED0222E700544271324057905A0
:1017F000FB3D00010024FFD303A9059A000F005E02
:10180000401F01101040110009000304080C0E0BCA
:101810000B0E0406080C0E0B0B0E0B0A010001093F
:1018200046762F3718002F3C2F3C01872E0EC40E12
:10183000C40EFC0EC4872E0EC40EC40EFC0EC401D2
:101840002E2E003130014968B90009001049686145
:10185000B0405258381137B90010FFC0385905232D
:101860003427030227262F0137330116171603A941
:10187000B06D87B659452C610DCF022B280D142D64
:1018800038FF013A01A8B26C243834FB095C1521F9
:1018900000010024FFB6023D055C000B004E401B1A
:1018A000010C0C400D00070609050807040B000891
:1018B000060A0B0A05040903010946762F371800AA
:1018C0003F2F3C2F3C10FD012F3CFD3C2E2E002EC7
:1018D0002E3130014968B90009000C496861B040F7
:1018E0005258381137B9000CFFC038592514070673
:1018F0000721251711212533023D32451DFE89019F
:101900003024FE9E013DDC4E541B2504790504C2A3
:101910007000000100240464026B05A40018004755
:101920004016011919401A000F0E0601000F0D088C
:10193000040100150D010F46762F3718002F2F01D7
:101940002E2E2E2E2E2E002E2E2E2E2E31300149F2
:1019500068B9000F0019496861B040525838113712
:10196000B90019FFC0385901233736372627061525
:10197000161F032723363736373637161716026BEE
:10198000CA1B080E106156010302020213DE3A6AF6
:101990002F142B23147950046A1604161676582532
:1019A00002170D0B14062C643913312D18815600C3
:1019B00000010024FF880550FFDF0003003A4010BB
:1019C0000104044005000302000201000101024677
:1019D000762F3718003F2F3C012E2E002E3130017C
:1019E0004968B900020004496861B0405258381192
:1019F00037B90004FFC038590D0121250550FEF10B
:101A0000FBE3010F2157570000010024045F01ACE4
:101A1000059A000B003D4011010C0C400D0007031E
:101A2000010009080100010746762F3718002F3CF6
:101A30002F3C012E2E2E2E003130014968B90007AF
:101A4000000C496861B0405258381137B9000CFF9A
:101A5000C038590123363534272627373317160166
:101A6000ACB0090F557D0DCF2E35045F140410174F
:101A70008345346B7B0000020024FFF802FB02D395
:101A80000021002C005F4026012D2D402E00231741
:101A90000701001705002322070313041E1D290454
:101AA0000D2B060915071919020901010D46762F9C
:101AB0003718003F3F10FD10FD012FFD2F3CFD1793
:101AC0003C2E2E2E002E2E2E2E2E3130014968B99E
:101AD000000D002D496861B0405258381137B900E7
:101AE0002DFFC038592523222726373637062322D3
:101AF0002726353437363736372623220736333212
:101B000017161511141716271106070607061514C0
:101B1000333202FBCC19110E03010476606F46507C
:101B2000B29F2D411D536C5A8B7BBF5E65430A18D3
:101B3000BE2F3D7B0F398351011D180A050B58320A
:101B4000386BC6302B141D3631257222204CFE20F6
:101B5000050D42AC013C31152B0A275C87000002C1
:101B60000024FFE903B404BA001F0030005C4025E4
:101B70000131314032001A08150C29281A031904C2
:101B800011102004002D070424071C191C020C014D
:101B90000401011546762F3718003F3F3F2F10FDF7
:101BA00010FD012FFD2F3CFD173C2E2E002E2E3157
:101BB00030014968B900150031496861B040525898
:101BC000381137B90031FFC03859011407062322F4
:101BD000272627060F0236373635113427262737B2
:101BE000363F0111363332171607342726232207D2
:101BF0000615111417163332373603B4736DAA2A3B
:101C00006C203B05032D7C06062C464D097D2F4D8F
:101C10003F4F7FAF6A71AD343E6B334A51444A4007
:101C20006B3E340156A765610B0343010435062F53
:101C30000A352403440C0D0E0B390F551BFDD1360C
:101C40005D62AC6E4F5E31352EFED324282C605180
:101C500000010024FFEE02CE02C30022004E401C11
:101C6000012323402400110013110D001B0405174C
:101C700007091F060209020201010546762F3718DF
:101C8000003F3F10FD10FD012FFD2E2E2E2E002EA9
:101C90002E3130014968B900050023496861B04020
:101CA0005258381137B90023FFC03859250623226E
:101CB00026353437363332171615140706073635EE
:101CC0003427262322070615141716333237360217
:101CD000CE53D6B6CB7C709B3E637240351D0A3323
:101CE0002C38653930484A732D4453CEE0D2B7952D
:101CF0006057262C32102B240D191635211D5C4EF1
:101D00006B744F521E2500020024FFE9038D04BEB0
:101D100000210032005C40250133334034001309B8
:101D200018002322140313041F1E2B040D2F070B6E
:101D30002707111C11020B010301010D46762F37F5
:101D400018003F3F3F2F10FD10FD012FFD2F3CFDE0
:101D5000173C2E2E002E2E3130014968B9000D009F
:101D600033496861B0405258381137B90033FFC069
:101D70003859250706232227262726270623201140
:101D80003437363332171134272623363736371691
:101D900015111416271134272623220706151417A8
:101DA0001633323736038D271F16170D12152721CC
:101DB0006B84FE756E6BB278571614C1DC343D1F10
:101DC0001B32CE504A3561423B373D6A3D5240108E
:101DD000210202050B0B1D3E0156B1696834012634
:101DE000381F1C38282E0A1F13FC4D4B5577012E27
:101DF0003034306D61656E48512F2500000200249B
:101E0000FFEE030502C300190021006140240122F6
:101E100022402300211D100E00211A0E0C000C0D73
:101E2000081A21211A1204051606020802020101ED
:101E30000546762F3718003F3F10FD012FFD872EF6
:101E40000EC40EFC0EC4012E2E2E2E2E002E2E2E73
:101E50002E2E3130014968B900050022496861B071
:101E6000405258381137B90022FFC03859010221B9
:101E7000222635343633321716170507363716152E
:101E800014171633323736032E01070607060703E9
:101E90000567FEF998DBC5A67F4C432EFE020202C1
:101EA00003014448745E5652BA0C6337542A16161E
:101EB0000110FEDED397A6C5413A7E5B0C0A0904E9
:101EC000087751573936014B3641070B43333200FF
:101ED00000010024FF8A02D604810026006A402CFB
:101EE000012727402800191305140E0605001705C1
:101EF0000C11100D030C041E1D13031208062314ED
:101F0000100F060D0E23121D02011446762F3718EE
:101F1000003F2F2F2F3CFD3C3C10FD012F173CFDB7
:101F2000173C10FD2E2E2E2E2E002E2E2E3130017F
:101F30004968B900140027496861B0405258381107
:101F400037B90027FFC0385901072207060737268F
:101F5000232207061D01050727110711073736370A
:101F600036371617161735363F0136333217160235
:101F7000D616113818282D127629212F012933F66B
:101F80009CA31E1602020A1C2C061309253D61742F
:101F900046463A03E706230F184B402A3B5A9D0258
:101FA0005D02FD9A7902E0034710232A14351305D8
:101FB000099661333D51342B00020024FE68039ED4
:101FC00002BC00230037005F40260138384039004A
:101FD000190F2927190D002404062E041F15070ABE
:101FE00032061B2A2906001B010A000002011F46B7
:101FF000762F3718003F3F3F10FD3C10FD10FD01CC
:102000002FFD2FFD2E2E2E2E2E002E2E313001498B
:1020100068B9001F0038496861B04052583811371C
:10202000B90038FFC0385901060706070615100722
:102030000221222F0136371417161716333237367E
:10204000270623222726353437363717262F013423
:10205000372322070617161716333237363736035B
:102060009E5009100F0B2057FEDE716D65463F36FE
:10207000321E312F7A38270394A882504E9788A8B1
:10208000C7021C0B0263936369080532364E584C35
:10209000441F2102BC1E05093B4AC0FEAB6BFEDD9E
:1020A0004B6813681B484314219C6D936F575483EE
:1020B000B2796D04C35905020203565C91503B404E
:1020C000473F5B620001002400000343049A00269E
:1020D0000060402701272740280023221E1A1211E2
:1020E0000406040022210F030E0415140A06251EFF
:1020F0002502121104030301011A46762F37180036
:102100003F173C3F2F10FD012F3CFD173C2FFD2EAC
:102110002E2E2E2E002E2E3130014968B9001A00C5
:1021200027496861B0405258381137B90027FFC0BD
:10213000385901140F012336353427262322070688
:102140001511141721363511342726232736373633
:1021500037070615113336332003430E209F312AEB
:10216000356D36394734FEF73923340A04415E238E
:10217000650521048773012001465948A5D571776B
:102180004D621A202FFE6312544B1B0302221E2C99
:10219000300A39153E4F683AFEE53D000002002442
:1021A0000000018E03D0000700180052401E0119E4
:1021B00019401A081309080D0C041514040500022F
:1021C000060606141302090801011346762F371874
:1021D000003F3C3F3C2F10FD012FFD2F3CFD3C2ECE
:1021E0002E2E003130014968B90013001949686189
:1021F000B0405258381137B90019FFC0385901148E
:10220000072227343736132137363511342726274E
:10221000262721111417160146655F0A665C54FED5
:10222000E42E132A1B0C132B012B0603037F460AF3
:102230004E4B0404FC302D181F01AE3E1508080853
:1022400033FDB4180D0C0002FFBFFE4F015003D048
:1022500000070015004E401C011616401708140B0D
:102260000E0D041508040500020606061514020BDF
:1022700000010B46762F3718003F3F3C2F10FD0121
:102280002FFD2F3CFD3C2E2E003130014968B90056
:102290000B0016496861B0405258381137B9001622
:1022A000FFC03859011407222734373613140607A4
:1022B000361901342726272627210147655F0A663C
:1022C0005C15D8B9F52A1B0C132B012B037F460A8A
:1022D0004E4B0404FC36BAF409670150020741155D
:1022E00009080834000100240000032704AE002A76
:1022F0000068402B012B2B402C001D07292625238D
:1023000019150D0C0104001D1C0A030904100F1FF0
:102310000709051926020D0C010300010115467677
:102320002F3718003F173C3F2F2F3CFD012F3CFD5E
:10233000173C2FFD2E2E2E2E2E2E2E2E002E2E3121
:1023400030014968B90015002B496861B040525806
:10235000381137B9002BFFC03859212334272623E1
:102360002207262711141721363511342726232753
:1023700036373637070615113433323736353427BA
:10238000370706071603279C3B4CA420140304447C
:10239000FEDE4223340A04415E23650521143E5DBE
:1023A0006E03E343425FE8B36E8E050201FEB9257A
:1023B0004143230316221E2C300A39153E4F683A3A
:1023C000FE380B1B205C11150477412653000001D9
:1023D0000024FFFF01A804A40011004F401C0112BB
:1023E000124013000907010009050D03040D05043F
:1023F000040E0D0D010001010946762F3718003F2C
:102400003C2F012F3CFD3C10FD10FD2E2E002E2EEA
:102410003130014968B900090012496861B0405281
:1024200058381137B90012FFC038590521363F011D
:102430001134232207363736371114171601A8FE38
:10244000D4290B06491A2F2E65308607080136233A
:1024500052031E4A0B4926121CFC0646171B00019C
:102460000024FFF104BC02B0003D00774034013E7F
:102470003E403F0038333231312B2A1A19161108E9
:1024800007043332260325042F2E0B04001D0413EA
:10249000210F06353A35022B2A1A190805070101C2
:1024A0002B46762F3718003F173C3F3C10FD3C0170
:1024B0002FFD2FFD2F3CFD173C2E2E2E2E2E2E2EC7
:1024C0002E2E2E002E2E2E2E3130014968B9002BD3
:1024D000003E496861B0405258381137B9003EFF9C
:1024E000C0385901140F02161F0121373635342721
:1024F000262322071615140F01161F012137363522
:10250000342726232207061511141F0221373635DA
:1025100011342733153633321F0136333217160480
:10252000BC1C3D03014111FEF30E5B212A486142B0
:102530001F4903014113FEF50352272D562D3C344C
:10254000133909FECB2F1543DF6E71654A1F639C5B
:102550008348410175443E6410193D384887B551A0
:102560003E4F474E49459F12193D384697A95A3C60
:1025700046252017FE861E1826302D181F01E92437
:102580004137444025655F5500010024FFF3031FD8
:1025900002B20023006240280124244025001817BD
:1025A000162116100F010018170B030A0414130448
:1025B000041E06061A1A02100F010300010110463C
:1025C000762F3718003F173C3F10FD012FFD2F3CA1
:1025D000FD173C2E2E2E2E2E2E002E2E2E313001AB
:1025E0004968B900100024496861B0405258381158
:1025F00037B90024FFC03859052137363534232236
:1026000007061511141F02213736351134273315EB
:10261000363332171615140F011617031FFEF50374
:1026200052C82D3C34133909FECB2F1543DF6E8F72
:102630009A6219490301410D4697A9DC252017FE2E
:10264000861E1826302D181F01E924413744A14366
:1026500057459F12193D00020010FFEE031B02C3F5
:10266000000F001F004740190120204021001804DE
:10267000081004001C070414070C0C0204010108D4
:1026800046762F3718003F3F10FD10FD012FFD2F1C
:10269000FD003130014968B900080020496861B087
:1026A000405258381137B90020FFC038590114077B
:1026B00006232227263534373633321716073427B8
:1026C00026232207061514171633323736031B70DC
:1026D0006AACAA6B706E68AFAA6B71AD323A6D6D61
:1026E0003A31303A6E6C3B320158AA625E5F63A8A1
:1026F000AD615D6064A7734E5C5C4D746D4F605C52
:102700004E0000020024FE42038D02BD0022003371
:10271000005D40260134344035001D05140C2C2B7F
:1027200006030504100F23040030070327071F1FAB
:1027300002170208000301011446762F3718003FE4
:102740003F3F3F10FD10FD012FFD2F3CFD173C2E9C
:102750002E002E2E3130014968B90014003449682A
:1027600061B0405258381137B90034FFC0385901B0
:102770001406232227110623222726353436351145
:1027800034272627373633321716171617363332C3
:102790001716073427262322070615111417163398
:1027A000323736038DDAB17A5548891F110267191D
:1027B0001842271F16160E111626226B84B2677256
:1027C000AD383E683E514050493660433B0167B0EA
:1027D000D234FEA87F07020212671202F54C2B28A2
:1027E0002A210202050B0B1D3E5058AE6C49522F98
:1027F0002524FED23034306D600000020024FE45F6
:10280000035002BD001C002D0065402A012E2E4001
:102810002F001C1B0E000B000504040D1E1D0E03D3
:102820000D0408072604142A07102207181802109E
:10283000010B00011446762F3718003F3F3F10FD73
:1028400010FD012FFD2F3CFD173C10FD3C2E2E00EE
:102850002E2E2E2E3130014968B90014002E496801
:1028600061B0405258381137B9002EFFC0385901B5
:102870000607061511141715070623363711062308
:10288000222726353437363332163B0103113427DD
:10289000262322070615141716333237360350083D
:1028A000042C1F7268536012517DAF6A71726CAC58
:1028B00032C9321D7C444B3F6C3D34343D6C324B4D
:1028C0005102AC2F0A3524FD3E2223265850405792
:1028D000013F365D62ACA9646017FE23012D2428F8
:1028E0002C60516D6D505E313500000100240000F8
:1028F00002C102CD0025005C4024012626402700AD
:10290000201917131206020005160F0E04160206F0
:10291000220C062222021D02131201011946762FF3
:102920003718003F3C3F3F10FD10FD012FFD3C10CC
:10293000FD2E2E2E2E2E2E002E3130014968B9008C
:10294000190026496861B0405258381137B900263D
:10295000FFC0385901140536373637362726272663
:102960002322151117161721373637133627373616
:102970003537361F01363332171602C1FEF04416C2
:1029800023050710241124328506023CFEDC29139E
:102990000404015B0808383F3911597C5A46570234
:1029A00028A443371A292029222D08152DFE2E2B65
:1029B0000F3728131C01C54E1D0C0C0F0607200CE9
:1029C0003E252E0000010024FFF2029E02C3002BD0
:1029D0000053401F012C2C402D00240C220E0C080B
:1029E00016040028041C12070426072020020401F4
:1029F000010846762F3718003F3F10FD10FD012FCC
:102A0000FD2FFD2E2E2E2E002E2E3130014968B9BD
:102A10000008002C496861B0405258381137B9009D
:102A20002CFFC038592514070623222726353637B0
:102A3000363706151417163332373635342726271E
:102A40002635343736333217060726232215141756
:102A500016029E6C5C728A5363290D2839084D2733
:102A60003D3F2B348108B06D604E6EF11F5234092A
:102A70008978C0E6C9663D3436408308060D1516D0
:102A8000164B42221B203B43280333356C65382EFE
:102A9000BF1225A885432A3300010024FFFD028EC2
:102AA000041D0025006E4030012626402700110736
:102AB000061D1A09000F0C051B201F1C031B041404
:102AC00013080604071F1E090308061C1B1A1D1CF9
:102AD0000213020201010946762F3718003F3F3FDB
:102AE0003C2F3C10FD173C012F173CFD173C10FDFF
:102AF0003C2E2E2E2E002E2E2E3130014968B9008C
:102B0000090026496861B0405258381137B900268B
:102B1000FFC03859210623222726353313233736A1
:102B200035342635343716173734272627262721FC
:102B300011210723111417161716028E2D28C151C3
:102B40005F0101A61E1402082747012A1B0C132B44
:102B5000012B012533F228320B36033C46B9012CF8
:102B6000470F190619061410490BB73E1508080837
:102B700033FEA45DFEC37A2A350723000001002E30
:102B8000FFE902F602B5002B005C4023012C2C402B
:102B90002D001E1D11102825241E1D11100D2104AD
:102BA0000014040A180704252402040101104676C3
:102BB0002F3718003F3F3C10FD012FFD2FFD2E2E1B
:102BC0002E2E2E2E2E2E002E2E2E2E313001496826
:102BD000B90010002C496861B0405258381137B91B
:102BE000002CFFC0385901140706070627262726A0
:102BF00035343F01262F0121070615141716173704
:102C00003637363715373635342F01210706071F7B
:102C1000011602F65750A9A960311C194903043E58
:102C200013010B0352282985043F19050C012B655C
:102C30000E010D114101033D1C0131A54E4707074F
:102C400044234E4545459F12193D384697A98C238C
:102C5000330401182108100602564DA69648383D47
:102C60001910643E00010024FFD1034102B5001B8E
:102C700000494019011C1C401D00161B18140F0AA6
:102C800000030F021B0B0A030002010A46762F37CE
:102C900018003F173C3F2F012E2E2E2E2E2E002ED9
:102CA0003130014968B9000A001C496861B04052DE
:102CB00058381137B9001CFFC038590106070326E0
:102CC000272627262F0121323736370635140615D9
:102CD00014171235342F0103413D79C527411B4894
:102CE0003B4854011A07060102010B91B72608025E
:102CF000B093E0FE94577F2A967B5F6F0301011229
:102D0000061656166CFA01810D22340B00010024C0
:102D1000FFEA04A702B5003F00774032014040407F
:102D20004100323125241312053C39383231252433
:102D3000211C13120F35040016040B28041E2C0747
:102D4000021A060739380207010201010B46762FE5
:102D50003718003F3F3F3C10FD10FD012FFD2FFDB8
:102D60002FFD2E2E2E2E2E2E2E2E2E2E2E2E002EE1
:102D70002E2E2E2E2E2E3130014968B9000B004028
:102D8000496861B0405258381137B90040FFC03827
:102D900059011005062F01062322272635343F024C
:102DA000262F01210706151417163332372635341E
:102DB0003F01262F0121070615141716173736373E
:102DC000363715373635342F01210706071F011610
:102DD00004A7FEB0A4651F649B8547401C3D030407
:102DE0003E11010D0E5B21294960431F4903043E3A
:102DF00013010B0352282985043F19050C012B658B
:102E00000E010D114101033D1C0131FECC0D0643A5
:102E100025655E5489443E6410193D384887B55095
:102E20003F4F474E49459F12193D384697A98C237D
:102E3000330401182108100602564DA69648383D65
:102E40001910643E0001FFBFFFE703A802B0003184
:102E50000061402601323240330030241E18060043
:102E60002B2218140D0028061C2E070416061C2001
:102E70001C020D0C010401010D46762F3718003F8E
:102E80003F3C3F3C10FD10FD10FD012E2E2E2E2E3E
:102E90002E002E2E2E2E2E2E3130014968B9000D17
:102EA0000032496861B0405258381137B90032FFDA
:102EB000C038592506070623220306070607062BF6
:102EC000013637363F01363726232207343736336B
:102ED0003217363332170F0126272627060F011720
:102EE000163316333203A8332B253A9DA50F0E0D4A
:102EF000417492796655375A3F0B0C814F204B3005
:102F00002D469B6075B04563425B17050F23323336
:102F1000417A44360B154F71501B1F01111D1D16B0
:102F20003C6C18462D6A4A1819DA2D452826A2A2AB
:102F300032573D2B061205013858EA820400000181
:102F40000024FE6E034702B000390068402B013AAE
:102F50003A403B001B0E3935342928251B0D00193A
:102F60000404032C042113070930061D1D01090068
:102F7000392928030002012146762F3718003F1710
:102F80003C3F3F10FD10FD012FFD2F3CFD2E2E2E4E
:102F90002E2E2E2E2E2E002E2E3130014968B900F5
:102FA00021003A496861B0405258381137B9003AA7
:102FB000FFC038590107061511140F0106232227F7
:102FC0002627371714171633323736373637343744
:102FD00006232227263534373637262F01210706C8
:102FE00015141716333237363511342F0203473292
:102FF00016351B77E73028973A7C0A3936513C4022
:103000003B201A02027B6E9C5B5F1C0D33063F0C5B
:10301000010B0E5B3235634B433A13390902B02D75
:103020001920FE0FC44F28B009226B912450323171
:103030002B27382D3C1A5D4852559B43421E5B237B
:1030400037364A8ABA653C41211D2001831F182763
:103050003100000100240000037A02E8001F007123
:1030600040300120204021000C001D1A0C070600F2
:10307000060506070807081D1D1E1C1C1D1E1D0633
:10308000041206070807061418020F0205040101BE
:103090000C46762F3718003F3C3F3F2FFD3C10FD7C
:1030A00010FD3C01872E08C408FC08C4012E2E2EFA
:1030B0002E2E2E002E2E3130014968B9000C002032
:1030C000496861B0405258381137B90020FFC03804
:1030D000592506070607212701212207060737364B
:1030E0003717163332373637363332170607012192
:1030F00032037A1B5A0734FDA93F0231FEF26954AC
:103100000670921E1B3C3A6B206F103D33184C0129
:103110000F04FDE601A76DDEA53004052B020E1E8F
:103120000129951E44271E07010605261704FE09DE
:1031300000010024FFA601E30589001E004C401B8E
:10314000011F1F40200017111006001A1914031345
:10315000040C0B0403031E11011746762F371800C9
:103160002F2F012F173CFD173C2E2E2E2E2E003117
:1031700030014968B90017001F496861B0405258D2
:10318000381137B9001FFFC03859010E011511144D
:103190000717161716151114171633152035113485
:1031A0002F013635113437363301E336496B0805C4
:1031B0001648282A2AFECD3455895E5184055907C0
:1031C0005B38FE8F6C490503164852FE8F2C35394B
:1031D00030F701443E3844516201457E40380001D9
:1031E0000024000000C005870003003F40130104D5
:1031F0000440050003000402010302010001010173
:1032000046762F3718003F3C2F3C012F3CFD3C00F9
:103210003130014968B900010004496861B0405289
:1032200058381137B90004FFC0385933231133C05F
:103230009C9C058700010024FFA601E40589001E6F
:10324000004C401B011F1F40200017110908001DE2
:103250001C0403030414130E030D1808011746760B
:103260002F3718002F2F012F173CFD173C2E2E2E25
:103270002E2E003130014968B90017001F496861DE
:10328000B0405258381137B9001FFFC038590107F4
:1032900006151114070623353237363511343F0130
:1032A0002635113426273732171615111401E45527
:1032B000345E5086282B2A64086C47390383525F9A
:1032C000029B44383EFEBC804037303A37290171BA
:1032D000654E054B6A01713A59073038407EFEBB96
:1032E000620000010024054802E206080015003DC6
:1032F0004011011616401700140C09000C001004B0
:10330000010C46762F3718002F2F012E2E002E2E5F
:103310002E2E3130014968B9000C0016496861B0A1
:10332000405258381137B90016FFC0385901060706
:10333000062F0126272623220F013637361F0216B5
:10334000373202E2492A4351406425181B1C1E8172
:103350004F204A58426D54250405D64D19280D12A8
:103360002F060404204D132C0E132E0E0400000211
:103370000024FF690168044A000B00250055401F26
:1033800001262640270C250C25160C1413051B219D
:1033900020040F0E0605000306090916011B4676D8
:1033A0002F3718002F2F10FD012FFD2F3CFD3C2F34
:1033B000FD3C2E2E2E002E2E3130014968B9001B07
:1033C0000026496861B0405258381137B90026FFCD
:1033D000C0385901140623222635343633321613E9
:1033E0000615111417161F0116172726272627372B
:1033F0003237363511342726270145402F303F3FDD
:10340000302F4023440303010102063E0B28663996
:10341000040B322315023003DF2F3B3A30303B3CA4
:10342000FF004225FDAB1420290C141E4E25071D5C
:103430003C09302C1F2202132118022C0002002408
:10344000FF9202CE0376002C003700874038013807
:1034500038403900352622002D2724221E1B1A173A
:10346000120806003536082704050506262605330A
:10347000040C2F07102906021A190605121002045F
:10348000010201010C46762F3718003F3F3F3C2FC9
:103490003C2F3C10FD10FD012FFD872E08C40EC4EB
:1034A0000EC40EFC0EC4012E2E2E2E2E2E2E2E2ECF
:1034B0002E2E2E002E2E2E2E3130014968B9000CF2
:1034C0000038496861B0405258381137B90038FFA8
:1034D000C0385925062322270723363726272635C5
:1034E00034373633321726152F02363B01071716AD
:1034F00015140706073635342703163332373603DB
:103500002623220706151417133602CE53D63F364C
:1035100029972D322520667A6F9E08080502121819
:103520002410D5550E7240351D0A1DBD36442D445C
:1035300053E70A0A6539303AA004CEE00D692F61DD
:1035400016216BB3995E55015C160B1B3117D40520
:103550002935102B240D1916271CFE241E1E2501AB
:10356000E6015C4E6B664B01A90B000100240000D4
:10357000035404810036008040380137374038005A
:1035800034210E0835342A22211C0904000C052898
:103590002C2928032D041312080307302F2E0702AD
:1035A0002406182C2B0906292A18120203020101ED
:1035B0000946762F3718003F3C3F2F2F3CFD3C3CFF
:1035C00010FD10FD3C3C012F173CFD173C10FD2E5B
:1035D0002E2E2E2E2E2E2E2E002E2E2E2E31300161
:1035E0004968B900090037496861B040525838113C
:1035F00037B90037FFC0385925062321273736371A
:10360000110737363736371617161735363F013656
:103610003332171617072207060737262322070615
:103620001D01050727131F013F01363F0107140342
:1036300054121CFD502553160DA31E1602020A1C1F
:103640002C061309253D617446463A09160F3A1DAA
:10365000232D127629212F012933F6012835333203
:1036600068653C092121232E162001E3034710231E
:103670002A14351305099661333D51342B3B06233B
:1036800011164B402A3B5A9D025D02FDEE030202D9
:1036900004124D13441B000200240209035E04C2FD
:1036A000002B003700974042013838403900242071
:1036B0000E0A2927261D1B181713100805010012D2
:1036C00013080F0F100E0E0F0506080A09090A321B
:1036D00004152C04030C07352F07222B191803009F
:1036E000100F0903083502011046762F3718003FE6
:1036F0002F173C2F173C2FFD10FD012FFD2FFD87AD
:103700002E0EC40EFC0EC4872E08C40EFC0EC4017F
:103710002E2E2E2E2E2E2E2E2E2E2E2E2E002E2EF7
:103720002E2E3130014968B900100038496861B067
:10373000405258381137B90038FFC03859010716C0
:103740001514071716172327062322270723363FAA
:103750000126353437273332170F01171617363342
:1037600032173637352F0136330334262322061518
:103770001416333236035EB847521F564E848441C6
:1037800055554083844360205447B6A40D20080853
:10379000010A2548636348260B0808210C5F57433C
:1037A00043575842425804C2B941646D421F5637CC
:1037B000841B1B84305D1F426D6740B70F211207C9
:1037C0001C2A23252C1C0712210FFE9E44626244F2
:1037D0004364640000010024FEDF04F904D20033D6
:1037E00000B340560134344035002D32302B2926A9
:1037F000221F1E1A1918170F09080403001D1C1D8B
:1038000019191A1817181E081E1F0C0B0C08080986
:103810000706070D00000D17060822210403030602
:103820001F1E0703061D1C090308061A190C030BAB
:1038300018272603330003012646762F3718003F4A
:103840003C3F3C2F2F173CFD173C2F173CFD173CEE
:1038500010FD01872E0EC408C408C408C408FC0863
:10386000C408C408C4012E2E2E2E2E2E2E2E2E2E2F
:103870002E2E2E2E2E2E2E2E002E3130014968B9DE
:1038800000260034496861B0405258381137B900F9
:1038900034FFC0385901020107210607210721061C
:1038A00007210706151417161716171617051323E1
:1038B000363733372136372127032627213217069B
:1038C00015140113363726273704F9C8FECA240118
:1038D000224A02FEEE4C01AA4A02FE667D2507142A
:1038E00009102A2706FEB9E3F03D0FE04EFE863DA3
:1038F0000F011970D502A201880824440114C79150
:103900000605754404CBFEDEFE16392F327B2F32BE
:10391000CA3C0A08050808060D0C1806016A233E71
:103920007B233ED0019503E420352D73FE1C01213D
:10393000D3443F4D0E0000020024FFFC00C0058769
:103940000003000700554021010808400900070452
:103950000303000406050203010100060207060630
:10396000040302050401010146762F3718003F3C8D
:103970002F3C10FD3C10FD3C012F173CFD173C0077
:103980003130014968B900010008496861B040520E
:1039900058381137B90008FFC038591323113311B3
:1039A000231133C09C9C9C9C03130274FA7502740F
:1039B00000020024FFEE02C304F600360044006754
:1039C0004029014545404600433B22032F1A12007F
:1039D000201E1F051037280414103F0B04312D073B
:1039E0000735240718351801012D46762F371800A2
:1039F0003F2F10FD10FD012F3CFD3C2F3CFD3C10E6
:103A0000FD3C3C2E2E2E2E002E2E2E2E3130014926
:103A100068B9002D0045496861B0405258381137E7
:103A2000B90045FFC038590107061526272623226D
:103A3000070615141705161514071615140706237F
:103A4000222736373637273534371633323736356F
:103A50003427252635343726353437363332133478
:103A600027262706070615141716173602C3270C34
:103A7000392D4869523D538E01078E8F8F7A6B899D
:103A8000728910080B06023621B24A3A428EFEF9BC
:103A90008E9191715D9597298126653E3036BF1BC9
:103AA000469004B14F248B782F4C1922445D2D533E
:103AB0003C709B4A3184844E443925080E1A1322E7
:103AC000230CA2292D47462F573F6B9C483B7D8CEA
:103AD0004439FD7F462F0E140122263B7E1F040B26
:103AE0001C00000200240455021304F30007000F19
:103AF000003F401301101040110004050008050CA0
:103B00000E060A02010C46762F3718002F3C2F3C78
:103B1000012FFD2FFD003130014968B9000C001064
:103B2000496861B0405258381137B90010FFC038A9
:103B3000590114070627343732051407062734378E
:103B4000320213665E0A655DFEEB665E0A655D0421
:103B5000A64D02024F450A4D4D02024F440B000391
:103B60000024008E040D0440000F001F003F00677A
:103B7000402B0140404041003424203524230334AD
:103B8000053B2C043B18040810040028073F203094
:103B900007371C060414060C0C04010846762F3760
:103BA00018002F2F10FD10FD2FFD2F3CFD012FFDC4
:103BB0002FFD2FFD10FD173C2E002E2E3130014918
:103BC00068B900080040496861B040525838113760
:103BD000B90040FFC03859011407062322272635B3
:103BE00034373633321716073427262322070615B3
:103BF00014171633323736030F02152627262322D1
:103C000007061514171633323736371506232227C1
:103C1000263534373633040D9C8ECADF898D9C8D52
:103C2000CCDC898F63746FAEB56C71726DB3B06E9E
:103C30007351390F0634222A4B6943483337634E98
:103C400040253D64979055587665940267E18276E9
:103C50007C80DDDF83777E81DAAC69666266B3B132
:103C60006763656801CA3012135A401317373B6700
:103C7000663F45372056A1514F518F8D4E4300026C
:103C8000002402B1024C04E20020002B005F402619
:103C9000012C2C402D002216060116040028040CCD
:103CA0002221060312041D1C1407182A06080818EE
:103CB000030002010C46762F3718003F3F2F10FDFE
:103CC00010FD012F3CFD173C2FFD2E2E2E002E2E19
:103CD0002E2E3130014968B9000C002C496861B0C2
:103CE000405258381137B9002CFFC03859012322EF
:103CF00026373637062322272635343736373637E8
:103D000026232207363332171615111617162735B4
:103D1000060706070615143332024C9B0F1D0402DA
:103D200001594953363D87742732153E53446A5E24
:103D300091484C330106139122305D0C2B633E02F7
:103D4000B8220E070644272C509825201116292644
:103D50001C571A193AFE9006083384F325112108DE
:103D60001D47680000020024FFEC03E802BE000AC1
:103D700000150047401701161640170014120F0BCC
:103D8000090704001207020C0101010F46762F37C4
:103D900018003F3C3F3C012E2E2E2E2E2E2E2E00A4
:103DA0003130014968B9000F0016496861B04052CE
:103DB00058381137B90016FFC038592507262F018A
:103DC000243F010207160507262F01243F010207A1
:103DD0001603E8AE2EA0CB012B3FC457BCF3FEBCAC
:103DE000AE2EA0CB012B3FC457BCF3162A776D8AA9
:103DF0005FEA1BFEFB5EB2932A776D8A5FEA1BFEC9
:103E0000FB5EB2000001002401650504035A0005B1
:103E1000004940180106064007000403020104059A
:103E2000000302060405040100010346762F37183B
:103E3000002F3C2F3C10FD3C012F3CFD3C2E2E0062
:103E40003130014968B900030006496861B0405249
:103E500058381137B90006FFC038590123112135F0
:103E6000210504A4FBC404E00165015D9800000580
:103E70000024012D040D04DF000F0018002F003E68
:103E8000004B00804039014C4C404D0049443722E2
:103E90001744433B3A302A1F1004284704081904EA
:103EA00000383717031604403F2E073B3A310330E2
:103EB0001207243D06041D060C040C030108467677
:103EC0002F3718003F2F10FD10FD2FFD2F173CFD41
:103ED000012F3CFD173C2FFD2FFD2FFD2E2E2E2EEA
:103EE0002E2E2E002E2E2E2E2E3130014968B90096
:103EF00008004C496861B0405258381137B9004C3D
:103F0000FFC03859011407062322272635343736D7
:103F1000333217160534232207061D0136053427D0
:103F200026232207361F01363332171615140716BB
:103F30001716173607232627262726271514172393
:103F40001633322511342623350706151417363754
:103F5000040D9C8ECADE898E9C8DCCDC898FFE6E12
:103F600059272230D2012F746FAE966644260C5624
:103F700065412E39E5334A2E7B739D2A3946185305
:103F8000292722A86D898FFE982C160572971A038F
:103F90000306DF83777C81DCE182767E811A450C23
:103FA000111EC0333DAC6966470120113C1B213C0A
:103FB00084571845366D698B1B4519582B09AF314D
:103FC00025469C01981849020572A5CD65180C007C
:103FD000000200240387016D0494000F001B0045BC
:103FE0004017011C1C401D001604081004001A078D
:103FF0000413070C0C04010846762F3718002F2FE6
:1040000010FD10FD012FFD2FFD003130014968B971
:104010000008001C496861B0405258381137B90097
:104020001CFFC038590114070623222726353437D0
:104030003633321716072E012322061514171633AE
:1040400032016D34303C3E33383B333F392F3463DB
:10405000022F1C11241B16123804123B2927262973
:104060003C3C252124274C1D3419101C211B000227
:104070000024008A02EC03CA000B00110069402DE5
:10408000011212401300040F0C0600090805030476
:10409000040B0A03030206050203010600110C06C5
:1040A0000E0A0F0E0B0807030002010646762F3793
:1040B00018003F173C2F3C2F10FD3C10FD173C0112
:1040C0002F173CFD173C2E2E2E2E002E313001498D
:1040D00068B900060012496861B04052583811377B
:1040E000B90012FFC03859010723150711213733D2
:1040F00035371101060721363702EC83A573FED34D
:1041000084A97301234903FD913B1102C37FE03A67
:10411000011A7FC443FEF9FE322F3C224900000100
:10412000004B01C50280048A0027005B4022012861
:104130002840290017151400231412030200170544
:10414000210904210C071D242307011D0201024639
:10415000762F3718002F2F2FFD3C10FD012FFD105B
:10416000FD2E2E2E2E2E2E002E2E2E2E31300149DB
:1041700068B900020028496861B0405258381137C8
:10418000B90028FFC03859010705353237363736B0
:10419000353426232207061706151417270F013476
:1041A00037363736333217161514053332373602A1
:1041B0008040FE0B065D3535B95649121B220510AD
:1041C000123339221317225770563841FEB2D637B0
:1041D000290C02619A021D502D33B06E495B0A0D05
:1041E00010202A2C2D0603082A3B471940252A5265
:1041F000D1FD15060001003C01BA024104880030DF
:10420000005D4023013131403200232221092F2556
:10421000211F140A090710040018042B0C07041CA2
:1042200007272704010746762F3718002F2F10FD88
:1042300010FD012FFD2FFD2E2E2E2E2E2E2E2E00A8
:104240002E2E2E2E3130014968B900070031496801
:1042500061B0405258381137B90031FFC0385901A8
:1042600014070623222F013637151433323736351B
:1042700034272627363736353427262322061514C9
:104280001727232227363332171615140706071669
:1042900002414F46656056555C534E2D26344836D4
:1042A000747F1B4C2F293A1E3B033F0E092854B53F
:1042B000493D4C401139A20289613A34273F0A3303
:1042C000244F212D516630240D210E273F37201C0D
:1042D000391E0A090A058B1E2540522D0C17500065
:1042E00000010024045F01AC059A000D003D40115F
:1042F000010E0E400F00090806000D0C0908010907
:1043000046762F3718002F3C2F3C012E2E2E2E00E4
:104310003130014968B90009000E496861B0405266
:1043200058381137B9000EFFC03859010607060783
:104330000615161723363F013301AC5128243510DA
:104340000109B04A342ECF05662C272352190E04DA
:104350001457796B00010024FE7A031F02B2003566
:10436000006F402F0136364037001E1235272620B9
:104370001C1203001A040C2C2B1F031E04232232D0
:104380000406300616100716201F352726030002E4
:10439000012646762F3718003F173C2F3C2FFD1083
:1043A000FD012FFD2F3CFD173C2FFD2E2E2E2E2E16
:1043B0002E2E2E002E2E3130014968B900260036EF
:1043C000496861B0405258381137B90036FFC038DB
:1043D00059010706071716151407060706151417BF
:1043E0001633323716070623222726353437262779
:1043F0001123363511342F01210F01061511141721
:1044000016333235342F01031F1341010349194577
:10441000573A0A2A563D2307392920EC2505295AFF
:104420004BDF43152F0135093913343C2DC8520396
:1044300002B2383D19129F455743712026230D10B3
:1044400043292B1C146F0F0C26220F2EFE434124F0
:10445000036F1F182D3026181EFE86172025DCA995
:10446000974600020024FF49044604E6002900376D
:10447000006F402D013838403900342D1E100F0DCB
:10448000080702003118100F080704001413043243
:104490002B2A25032404050A252423031C030118C1
:1044A00046762F3718003F3F3C3C2F012FFD173C2D
:1044B0002FFD3C2E2E2E2E2E2E2E2E002E2E2E2E6C
:1044C0002E2E2E2E2E2E3130014968B900180038BC
:1044D000496861B0405258381137B90038FFC038C8
:1044E0005901262322151316172316333236333279
:1044F00017233E0135132227241134373633321760
:10450000373637363B013532171E0103113423226B
:104510000706171316173637360446301949060AA8
:104520002AF00204020E040505F6261401278EFE69
:10453000725C5178AE96152B0F1545030F1B2F9A01
:10454000F32205052D010804112B090704300B4A3D
:10455000FBB42336030805323A3F020E3EAD010795
:1045600074413A782229080B01040769FB9E03E095
:104570008906374BFBC3202F341A15000001001D9C
:10458000FEBB01B5001E001E004D401A011F1F405A
:10459000201D1917061714130F060C041D08070217
:1045A000131202010646762F3718002F2F3C10FDFC
:1045B000012FFD2E2E2E2E2E002E2E2E31300149B3
:1045C00068B90006001F496861B040525838113779
:1045D000B9001FFFC0385905062322272637163396
:1045E0003237363534261534363B0115220615345C
:1045F00033321716151401B025EC20293907233D55
:10460000562A0A91170B9F050D09102C44D66F14DA
:104610001C2B2943100D1F6A020F3B2A21070F3163
:104620004C190C000001005001CF014F04A70015E8
:1046300000584020011616401700111009080706FF
:10464000050E0905040100030414111003130E01E3
:1046500000010946762F3718002F3C2F012F173CF9
:10466000FD2E2E2E2E2E2E002E2E2E2E2E2E2E31C6
:1046700030014968B900090016496861B0405258D4
:10468000381137B90016FFC038590123363F0111E0
:104690002327230737363736370607351615111403
:1046A000014FB81C050304190D411A0C4B4F1C0394
:1046B000020201CF20153101EC03071407282A1D3F
:1046C0000D03010C3CFDCA240002002403D201C2E8
:1046D000054A000F001900454017011A1A401B0037
:1046E00014040810040016070412070C0C04010837
:1046F00046762F3718002F2F10FD10FD012FFD2FAC
:10470000FD003130014968B90008001A496861B0FC
:10471000405258381137B9001AFFC03859011407F0
:10472000062322272635343736333217160734232B
:104730002215143332373601C23C385B583A3D3CBF
:10474000395A59393D6F6060602E1B17048D5A32FB
:104750002F31335759333132345781817D2923002A
:1047600000020024FFF303E802C3000A001500471B
:10477000401701161640170012100E0B0705030014
:104780001308020E0301011246762F3718003F3C32
:104790003F3C012E2E2E2E2E2E2E2E003130014982
:1047A00068B900120016496861B040525838113794
:1047B000B90016FFC0385901040F011237262737F8
:1047C000161707040F011237262737161703E8FEBE
:1047D000D53FC253BFF439AE2DA1B2FED53FC2536F
:1047E000BEF339AF2CA101565EEA1B01055EB29300
:1047F00028756E8A5EEA1B01055EB09528756E000D
:104800000003002EFFD305AC059A000C0022004FD8
:1048100000CB40610150504051233C3A391D1615E0
:104820001413120E0D4B484443423A3937302F2EA1
:104830002B2A231B1612110E0D0A070200000C0072
:104840000108010205040405211E1D032004102D8A
:10485000044F4E26032534043E2B2A06234F4342A1
:10486000032307302F2503240C0002014B021E03F3
:104870001B03011646762F3718003F3F3F2F3C2F72
:104880003C2F173CFD173C10FD3C012FFD2F173C22
:10489000FD2FFD173C872E0EC408FC08C4012E2EE8
:1048A0002E2E2E2E2E2E2E2E2E2E2E2E2E2E2E2E28
:1048B0002E2E2E2E2E2E002E2E2E2E2E2E2E2E2E46
:1048C0002E2E3130014968B900160050496861B098
:1048D000405258381137B90050FFC03859090123E8
:1048E00036370136372F0236330123363F01112385
:1048F00027230737363736370607351615111405BF
:104900000723151417141723363F01352136373680
:1049100035342F013637073633161514070607339B
:104920003534272627363F0107061D01046EFCA3F8
:10493000AB4C4D024B45020212182410FD94B81CDA
:10494000050304190D411A0C4B4F1D04020204A566
:1049500036560323BB200404FE953D10391B581125
:104960000703363F3F04192CD81E0C244726650345
:1049700014059AFA39528103D6733D0B1B3117FC8B
:104980007B20153101EC03071407282A1D0D0301B4
:104990000C3CFDCA24BC42A10C0C0F24201532850E
:1049A0004C1C6360371A281004011F2486191273E7
:1049B0004C871D18091D0A1344323F22B000000322
:1049C0000030FFD3059D059A000C0022004A00AA82
:1049D000404D014B4B404C233A3837231D161514DC
:1049E00013120E0D4637352625231B1612110E0DF8
:1049F0000A070200000C0001080102050404053A40
:104A00000544211E1D032004132C04442F07404796
:104A1000460725240C0002011E031B0301164676DF
:104A20002F3718003F3F2F3C2F3C2F3CFD3C2FFDE4
:104A3000012FFD2FFD173C10FD872E0EC408FC082A
:104A4000C4012E2E2E2E2E2E2E2E2E2E2E2E2E2E1D
:104A50002E2E002E2E2E2E2E2E2E2E2E2E2E2E31A1
:104A600030014968B90016004B496861B04052589E
:104A7000381137B9004BFFC03859090123363701C7
:104A800036372F0236330123363F01112327230700
:104A90003736373637060735161511140107053531
:104AA00032373637363534262322070617061514D3
:104AB00017270F01343736373633321716151405DA
:104AC00033323736046FFCA3AB4950024B45020228
:104AD00012182410FD95B81C040404190E401A0C79
:104AE0004B4F1C030202049441FE0B075C4823B8A1
:104AF0005549131B220610113338231417225671FF
:104B0000553842FEB1D637290B059AFA394D86033E
:104B1000D6733D0B1B3117FC7B20153101EC0307CD
:104B20001407282A1D0D03010C3CFDCA24FEBD9A62
:104B3000021D503F21AF6F495B0A0D10202A2C2D1A
:104B4000060308283D471940252B51D1FD150500C6
:104B500000030031FFD30680059A000C003D006A77
:104B600000CA4060016B6B406C3E575554302F2E8D
:104B70001666635F5E5D5554524B4A4946453E3C5E
:104B8000322E2C211716140A070200000C0001080F
:104B90000102050404050D041D38042548046A6952
:104BA0004103404F04594645063E19071129073471
:104BB0006A5E5D033E074B4A40033F0C00020166FC
:104BC00002011446762F3718003F2F3C2F3C2F1739
:104BD0003CFD173C2FFD2FFD10FD3C012FFD2F1735
:104BE0003CFD2FFD2FFD872E0EC408FC08C4012EAE
:104BF0002E2E2E2E2E2E2E2E2E2E2E2E2E2E2E2ED5
:104C00002E2E2E2E2E2E2E2E2E002E2E2E2E2E2EF2
:104C10002E3130014968B90014006B496861B04019
:104C20005258381137B9006BFFC038590901233683
:104C3000370136372F0236330114070623222F019E
:104C4000363715143332373635342726273637367C
:104C50003534272623220615141727232227363317
:104C60003217161514070607160107231514171611
:104C70001723363F01352136373635342F01363785
:104C8000073633161514070607333534272627361B
:104C90003F0107061D010542FCA3AB4950024B45ED
:104CA000020212182410FDC84F47636056555C532A
:104CB0004E2C26354A36727F1B4B2F29391F3A035B
:104CC000400D092853B54A3D4C411237A1044B35DC
:104CD00056020123BB1F0503FE963D10391B5911D7
:104CE0000803363F3E04192BD71E0C2448256603C3
:104CF00014059AFA394D8603D6733D0B1B3117FC08
:104D0000EF603A35273F0A33244F212E5067302376
:104D10000D210E273F37201C381F0A090A058B1E5C
:104D20002540512E0D1650FE6D42A10C0C0F242073
:104D30001532854C1C6360371A281004011F248625
:104D40001912734C871D18091D0A1344323F22B0F3
:104D500000020024FF4502FC03E1000B003D00605F
:104D60004026013E3E403F0C3A382623211C1A06BD
:104D7000050034040C2C0412030609300710091036
:104D800021021D1C02011246762F3718003F3C3FBE
:104D90002F2F10FD10FD012FFD2FFD2FFD2E2E2E8C
:104DA0002E2E2E002E3130014968B90012003E49E6
:104DB0006861B0405258381137B9003EFFC03859C9
:104DC000011406232226353436333216131407060F
:104DD00023201134373637363736272627333237F4
:104DE000363306151416151407060706151417167C
:104DF0003332373635342726273633321716021D1D
:104E00003F30303F402F2F40DF746474FE744F2DCD
:104E10006A53030802031A3426321937230C2F81F0
:104E200039492E2B6B583632241D51201D66414ABC
:104E30000377303B3B302F3B3BFC8E6D463C0105FE
:104E40008060374738163F1C285102012630104039
:104E500010301E524A5F84692824443E5B371D1778
:104E60001B04303600030024FFFF05AB0662000D73
:104E7000002E00340084403501353540360E313087
:104E800012312F24201A18160E09030100111209DD
:104E9000292B27272B302F3031081E1C1C1E010008
:104EA000060A0B0A2503190F0E01011A46762F3741
:104EB00018003F3C3C3F2F3C10FD3C01872E0EC4A8
:104EC0000EFC08C4872E0EC40EC40EFC0EC4012EA8
:104ED0002E2E2E2E2E2E2E2E2E2E2E002E2E2E311D
:104EE00030014968B9001A0035496861B04052582C
:104EF000381137B90035FFC038590123363534270A
:104F000026272627373317160121262F01060706E5
:104F10001514170727361336133635342726273747
:104F200036171613121716171601030136373603F4
:104F300097B00A10372226530DCF2E34025EFEAFF3
:104F40001F4D6F8DE5FE0446A942CA50DF02402383
:104F500022C157195382894839313BFE0AC2FEBB30
:104F600041B927052714040E195421242F346B79D5
:104F7000FA81699FE61C9BAC750B0A01012E018C1E
:104F80009C01BD0A0A3C3115160E062F9DFED7FE68
:104F9000C78F71394501FE0174FD954B4C1000031C
:104FA0000024FFFF05AB0662000D002E00340081D7
:104FB000403301353540360E3130120908312F2487
:104FC000201A18160E09080600111209292B272786
:104FD0002B302F3031081E1C1C1E0D0C2503190F01
:104FE0000E01011A46762F3718003F3C3C3F2F3CFC
:104FF00001872E0EC40EFC08C4872E0EC40EC40EEC
:10500000FC0EC4012E2E2E2E2E2E2E2E2E2E2E2EA9
:10501000002E2E2E2E2E3130014968B9001A00358F
:10502000496861B0405258381137B90035FFC0386F
:105030005901060706070615161723363F013301E7
:1050400021262F01060706151417072736133613D6
:105050003635342726273736171613121716171624
:10506000010301363736039753262237100109B062
:105070004A342ECF0221FEAF1F4D6F8DE5FE044650
:10508000A942CA50DF02402322C1571953828948DE
:1050900039313BFE0AC2FEBB41B927062E2F24211F
:1050A00054190E041457796BF99D699FE61C9BAC4B
:1050B000750B0A01012E018C9C01BD0A0A3C3115B9
:1050C000160E062F9DFED7FEC78F71394501FE01D2
:1050D00074FD954B4C1000030024FFFF05AB0659EF
:1050E00000180039003F008B403801404040411912
:1050F0003C3B1D0F0E0D0601003C3A2F2B252321B2
:10510000190F0D080401001C1D0934363232363BDC
:105110003A3B3C0829272729153003241A19010195
:105120002546762F3718003F3C3C3F2F01872E0E37
:10513000C40EFC08C4872E0EC40EC40EFC0EC4019F
:105140002E2E2E2E2E2E2E2E2E2E2E2E2E2E002EAD
:105150002E2E2E2E2E2E2E2E3130014968B90025EE
:105160000040496861B0405258381137B90040FFDB
:10517000C03859012337363726270615161F03274F
:10518000233637363736371617160121262F0106F4
:105190000706151417072736133613363534272616
:1051A000273736171613121716171601030136374D
:1051B00036040BCA1B080D106056010302020213CD
:1051C000DF3B6A2F142B22137B5001D5FEAF1F4DFE
:1051D0006F8DE5FE0446A942CA50DF02402322C17A
:1051E00057195382894839313BFE0AC2FEBB41B987
:1051F00027051F1604161676582502170D0B1406E0
:105200002C643913312D168355FA94699FE61C9B43
:10521000AC750B0A01012E018C9C01BD0A0A3C31C0
:1052200015160E062F9DFED7FEC78F71394501FE5C
:105230000174FD954B4C100000030024FFFF05ABEB
:10524000060800150036003C00814033013D3D401A
:105250003E1639381A140C09040039372C2822203C
:105260001E160C00191A0931332F2F3338373839ED
:105270000826242426102D03211716010122467624
:105280002F3718003F3C3C3F2F01872E0EC40EFCE9
:1052900008C4872E0EC40EC40EFC0EC4012E2E2E82
:1052A0002E2E2E2E2E2E2E002E2E2E2E2E2E2E2E4C
:1052B0003130014968B90022003D496861B040526F
:1052C00058381137B9003DFFC03859010607062F7D
:1052D0000126272623220F013637361F02163732C2
:1052E0000121262F01060706151417072736133646
:1052F0001336353427262737361716131217161785
:10530000160103013637360446492A4351406424C6
:10531000181C1C1E814F204A58436C54250401E67A
:10532000FEAF1F4D6F8DE5FE0446A942CA50DF0255
:10533000402322C157195382894839313BFE0AC2A2
:10534000FEBB41B92705D64D19280D122F060404BE
:10535000204D132C0E132E0E04FA50699FE61C9B51
:10536000AC750B0A01012E018C9C01BD0A0A3C316F
:1053700015160E062F9DFED7FEC78F71394501FE0B
:105380000174FD954B4C100000040024FFFF05AB99
:1053900005EA0007000F003000360086403701376D
:1053A00037403810333214333126221C1A181013A8
:1053B00014092B2D29292D3231323308201E1E20AD
:1053C00004050008050C0A0206060E0627031B1139
:1053D0001001011C46762F3718003F3C3C3F2F3C04
:1053E00010FD3C012FFD2FFD872E0EC40EFC08C4BE
:1053F000872E0EC40EC40EFC0EC4012E2E2E2E2E91
:105400002E2E2E002E2E2E3130014968B9001C00A0
:1054100037496861B0405258381137B90037FFC07A
:105420003859011407062734373205140706273484
:1054300037320121262F01060706151417072736D4
:105440001336133635342726273736171613121717
:1054500016171601030136373603DF665E0A655DEF
:10546000FEEB665E0A655D02F9FEAF1F4D6F8DE5CE
:10547000FE0446A942CA50DF02402322C1571953F5
:1054800082894839313BFE0AC2FEBB41B927059DDE
:105490004D02024F450A4D4D02024F440BFA156969
:1054A0009FE61C9BAC750B0A01012E018C9C01BD73
:1054B0000A0A3C3115160E062F9DFED7FEC78F71C6
:1054C000394501FE0174FD954B4C10000004002489
:1054D000FFFF05AB065D000E002F0039003F00877F
:1054E000403801404040410F3C3B133C3A25211BD2
:1054F00019170F1213092A2C28282C3B3A3B3C0879
:105500001F1D1D1F34040830040004073632070C29
:105510000C26031A100F01011B46762F3718003F87
:105520003C3C3F2F10FD2FFD012FFD2FFD872E0E40
:10553000C40EFC08C4872E0EC40EC40EFC0EC4019B
:105540002E2E2E2E2E2E2E2E002E2E2E31300149B6
:1055500068B9001B0040496861B0405258381137A3
:10556000B90040FFC0385901140706232227263509
:105570003437363332160121262F0106070615145B
:1055800017072736133613363534272627373617AD
:105590001613121716171601342322151433323737
:1055A0003613030136373603B63C385B573A3E3C78
:1055B000395A587701F5FEAF1F4D6F8DE5FE044651
:1055C000A942CA50DF02402322C157195382894899
:1055D00039313BFDEF6060602E1B171BC2FEBB41E3
:1055E000B92705A05A322F31345659333166FA089B
:1055F000699FE61C9BAC750B0A01012E018C9C0176
:10560000BD0A0A3C3115160E062F9DFED7FEC78F28
:10561000713945057981817D2923FCB60174FD9599
:105620004B4C100000020024FFFA073A04CF004858
:10563000004E00AF4051014F4F4050004B4A463A98
:10564000362A0A4B474634312A29271E1D1C1204CC
:10565000004A494A4B08161414160907053C180558
:10566000334905334240410702302E2F07204306BD
:10567000022D06203806343325242221042003116C
:1056800001030201011246762F3718003F3C3F3FCD
:10569000173C2F3CFD10FD10FD10FD3C3C10FD3C67
:1056A0003C012FFD10FD2FFD3C872E0EC40EFC0883
:1056B000C4012E2E2E2E2E2E2E2E2E2E2E2E2E2EA1
:1056C000002E2E2E2E2E2E2E3130014968B90012BA
:1056D000004F496861B0405258381137B9004FFF48
:1056E000C038592506232127373637362F010605BE
:1056F000040706150727360136013635342F0237E1
:10570000273F013337361721321706151727262F63
:10571000020F011603210F01262322272607021755
:10572000161F013F01363F010714010301363736CA
:10573000073A121CFCF62553190703030779FEC923
:10574000FEB4350547A86C01673101FA160801530C
:105750001403070D961D1E1502241C122E093C5D14
:105760008E32335321070301F64A6561B5061112E3
:10577000090426050A4133328E5D3C09FD3A1AFDC3
:10578000B762DC541B21232E1910355EE616A1AC3E
:10579000750B0A01013A0180350224212013120100
:1057A0002E1403010B020204214A1B441346190460
:1057B00002020386FF007D6083010103FE365D0C5B
:1057C00012020204194613441B01C00174FD954ADC
:1057D0004D1D00010024FEBB055A04CD00380069B0
:1057E000402A013939403A002519171206302E2572
:1057F0001713120403002B041D0C05341006212777
:10580000072108060021380003013446762F371897
:10581000003F3C2F10FD10FD10FD012FFD2FFD2E30
:105820002E2E2E2E2E2E2E2E002E2E2E2E2E3130C1
:10583000014968B900340039496861B040525838AC
:105840001137B90039FFC038590107061D01061587
:1058500026212207061514171633201315060506F0
:105860001534333217161514070623222726371648
:10587000333237363534261534372627261110377C
:105880003621055A48330490FEECFC9BA67B87E545
:105890000122D6A3FEF006090F2C440424ED212991
:1058A0003908223E562A099002F99BBBFBD80140D9
:1058B00004CD3B352C2A0A47B7838DF7E19BAB011A
:1058C0003FFA8D150F070F314C190F0C6F141C2B5D
:1058D00029430E0F20680105091591AE01300130F2
:1058E000A79000020024FFFC03820662000D003F27
:1058F0000091404001404040410E3D322E230100C6
:105900003E3D2C2322201C120E0903010036352BAC
:10591000032A0419183937380710292728071D3694
:1059200006102A061D2C2B06300B0A1E1D03111013
:1059300001011C46762F3718003F3C3F3C2F3C2F7F
:10594000FD3C10FD10FD10FD3C3C10FD3C3C012FCA
:105950003CFD173C2E2E2E2E2E2E2E2E2E2E2E2E93
:105960002E002E2E2E2E2E2E3130014968B9001C0D
:105970000040496861B0405258381137B90040FFC3
:10598000C0385901233635342726272627373317C1
:10599000160106232127373637343F0111342F01F2
:1059A0003721321706151727262F020F0111210F55
:1059B0000126272227260617131F013F01363F0124
:1059C0000714028FB00A10372226530DCF2E340150
:1059D0003D121CFCF625531B070301275325030A20
:1059E0001C122E093C5D8E3233532802014A655B3E
:1059F000BB041314120101285333328E5D3C090598
:105A00002714040E195421242F346B79FA9F212373
:105A10002E1C110D1B0203862B272E23214A1B440B
:105A200013461904020204FE7B7D607B0801010518
:105A300006FDC704020204194613441B0002002499
:105A4000FFFC03820662000D003F009140400140D0
:105A50004040410E3D322E2309083E3D2C2322209A
:105A60001C120E0908060036352B032A04191839B2
:105A700037380710292728071D3606102A061D2C3F
:105A80002B06300D0C1E1D03111001011C46762F34
:105A90003718003F3C3F3C2F3C2FFD3C10FD10FDD4
:105AA00010FD3C3C10FD3C3C012F3CFD173C2E2ED4
:105AB0002E2E2E2E2E2E2E2E2E2E2E002E2E2E2E34
:105AC0002E2E3130014968B9001C0040496861B090
:105AD000405258381137B90040FFC0385901060705
:105AE00006070615161723363F0133010623212723
:105AF000373637343F0111342F013721321706155D
:105B00001727262F020F0111210F012627222726F2
:105B10000617131F013F01363F010714028F53265A
:105B20002237100109B04A342ECF0100121CFCF6B6
:105B300025531B070301275325030A1C122E093C7A
:105B40005D8E3233532802014A655BBB0413141285
:105B50000101285333328E5D3C09062E2F24215437
:105B6000190E041457796BF9BB21232E1C110D1B40
:105B70000203862B272E23214A1B441346190402B5
:105B80000204FE7B7D607B0801010506FDC704025F
:105B90000204194613441B0000020024FFFC038288
:105BA00006590018004A009B4045014B4B404C19D8
:105BB000483D392E0F0E0D0601004948372E2D2B7A
:105BC000271D190F0D080401004140360335042438
:105BD00023444243071B343233072841061B350652
:105BE000283736063B152928031C1B01012746765A
:105BF0002F3718003F3C3F3C2F2FFD3C10FD10FD80
:105C000010FD3C3C10FD3C3C012F3CFD173C2E2E72
:105C10002E2E2E2E2E2E2E2E2E2E2E2E2E002E2ED2
:105C20002E2E2E2E2E2E2E2E3130014968B9002711
:105C3000004B496861B0405258381137B9004BFFEA
:105C4000C03859012337363726270615161F032774
:105C500023363736373637161716130623212737DC
:105C60003637343F0111342F01372132170615170B
:105C700027262F020F0111210F0126272227260692
:105C800017131F013F01363F01071402EFCA1B081B
:105C90000D106056010302020213DF3B6A2F142B22
:105CA00022137B50C8121CFCF625531B0703012747
:105CB0005325030A1C122E093C5D8E3233532802F1
:105CC000014A655BBB041314120101285333328E61
:105CD0005D3C09051F1604161676582502170D0B94
:105CE00014062C643913312D168355FAB221232E54
:105CF0001C110D1B0203862B272E23214A1B441344
:105D0000461904020204FE7B7D607B080101050642
:105D1000FDC704020204194613441B0000030024BB
:105D2000FFFC038205EA0007000F00410096404493
:105D30000142424043103F343025403F2E2524226B
:105D40001E141004050008050C38372D032C041B05
:105D50001A0A0206063B393A07122B292A071F386E
:105D600006122C061F2E2D06320E06201F031312BC
:105D700001011E46762F3718003F3C3F3C2F3C2F39
:105D8000FD3C10FD10FD10FD3C3C10FD3C3C10FDA9
:105D90003C012F3CFD173C2FFD2FFD2E2E2E2E2ECD
:105DA0002E2E2E2E002E2E2E2E3130014968B900B7
:105DB0001E0042496861B0405258381137B900425C
:105DC000FFC0385901140706273437320514070677
:105DD000273437320106232127373637343F011164
:105DE000342F013721321706151727262F020F01EE
:105DF00011210F0126272227260617131F013F0115
:105E0000363F01071402C3665E0A655DFEEB665EFF
:105E10000A655D01EC121CFCF625531B07030127E4
:105E20005325030A1C122E093C5D8E32335328027F
:105E3000014A655BBB041314120101285333328EEF
:105E40005D3C09059D4D02024F450A4D4D02024F32
:105E5000440BFA3321232E1C110D1B0203862B2722
:105E60002E23214A1B4413461904020204FE7B7DA3
:105E7000607B0801010506FDC704020204194613F0
:105E8000441B00020024000002080662000D001FEF
:105E9000005B40220120204021000100190F0E0963
:105EA00003010011041B1312041C1B0B0A1B1A0311
:105EB0000F0E01011946762F3718003F3C3F3C2F4B
:105EC0003C012F3CFD3C10FD2E2E2E2E2E2E2E00A2
:105ED0002E2E3130014968B900190020496861B09F
:105EE000405258381137B90020FFC03859012336C5
:105EF00035342726272627373317161321363F0137
:105F0000113427262726273721111417160208B027
:105F10000A10372226530DCF2E3442FED42A0A0609
:105F20003611583F0C2F01720708052714040E196B
:105F30005421242F346B79FA8236235203285E26AB
:105F40000C1D152F09FBDE46171B00020024000064
:105F500002080662000D001F005E40240120204060
:105F60002100190F0E0908060011041B1312041C4E
:105F70001B0908060C0D0C1B1A030F0E0101194614
:105F8000762F3718003F3C3F3C2F3C10FD3C012F43
:105F90003CFD3C10FD2E2E2E2E2E2E2E00313001DB
:105FA0004968B900190020496861B0405258381159
:105FB00037B90020FFC03859010607060706151635
:105FC0001723363F01331321363F0111342726278B
:105FD00026273721111417160208532622371001DD
:105FE00009B04A342ECF05FED42A0A063611583F8E
:105FF0000C2F01720708062E2F242154190E0414A9
:1060000057796BF99E36235203285E260C1D152FF7
:1060100009FBDE46171B000200240000026B065934
:106020000018002A00634026012B2B402C000F0E85
:106030000D060100241A190F0D0401000804261E84
:106040001D042726152625031A1901010F46762F50
:106050003718003F3C3F3C2F012F3CFD3C10FD2EEC
:106060002E2E2E2E2E2E2E002E2E2E2E2E2E313079
:10607000014968B9000F002B496861B04052583897
:106080001137B9002BFFC03859012337363726277F
:106090000615161F032723363736373637161716D9
:1060A0000321363F011134272627262737211114D3
:1060B0001716026BCA1B080E10615601030202027A
:1060C00013DE3A6A2F142B2314795033FED42B0994
:1060D000063611583E0D2F01720708051F160416CB
:1060E0001676582502170D0B14062C643913312D22
:1060F000188156FA9636235203285D270C1D14305A
:1061000009FBDE46171B000300240000023C05EAE1
:106110000007000F002100604026012222402300DA
:106120001B111004050008050C13041D1514041E92
:106130001D0A0206060E061D1C03111001011B4656
:10614000762F3718003F3C3F3C2F3C10FD3C012F81
:106150003CFD3C10FD2FFD2FFD2E2E2E0031300179
:106160004968B9001B0022496861B0405258381193
:1061700037B90022FFC038590114070627343732D7
:1061800005140706273437321321363F011134270F
:1061900026272627372111141716023C665E0A654A
:1061A0005DFEEB665E0A655DF1FED42A0A063611D5
:1061B000583F0C2F01720708059D4D02024F450AFA
:1061C0004D4D02024F440BFA1636235203285E2629
:1061D0000C1D152F09FBDE46171B00020024FFDFF4
:1061E000059604CD00190039006C4030013A3A4060
:1061F0003B00310D0A072B0D1A050032312322080E
:1062000005070412110A030927062F3606031E0686
:10621000162B02160309010301010D46762F3718CC
:10622000003F3F3F3F10FD10FD2FFD012F173CFDAC
:10623000173C2FFD2E2E002E2E2E2E3130014968B8
:10624000B9000D003A496861B0405258381137B969
:10625000003AFFC0385901100021222726271507D0
:1062600011060F01363736371136373633201716F9
:1062700003342726232207061D011617163332374B
:1062800036370607062322271116171633323736FC
:106290000596FE9BFEE85A607034B7311C934D2082
:1062A000343FB29A54AA010AA29CD66273D28B647C
:1062B0006F273B082A4A4510624F214B6F26453A0B
:1062C000705D5FC077680263FEE8FE94181C334679
:1062D0000101F4070E4A78223712017D734224B27D
:1062E000ABFEF3D48FA74A5286E30C0F022E0B5459
:1062F00096275915FECE311D18B8A10000020024C2
:10630000FFF30509060800150037008F40400138EB
:10631000384039162F1E140C0904002C24231B1995
:106320000C001D1E091E1F2F2F302E2E2F36350557
:10633000161F1E042726302F0437161037362E035B
:106340002D032423011B0119011801012C46762F6E
:106350003718003F3F3F3F3C3F173C2F012F3CFD8C
:106360003C2F3CFD3C10FD3C872E08C408FC0EC4AD
:10637000012E2E2E2E2E2E2E002E2E2E2E2E2E2E98
:106380003130014968B9002C0038496861B0405289
:1063900058381137B90038FFC03859010607062FA1
:1063A0000126272623220F013637361F02163736DD
:1063B000011407271617262701111417161721365F
:1063C00035112726272627372101113427262F01AB
:1063D00035330451482C4351406325181C1B1E8241
:1063E000511E4959436C52270901351D12040A22D6
:1063F0002FFCCE342358FEAF435322300D305501CD
:106400000E03230706166DEF05D64C1A280D122F22
:10641000060404204E122C0E132E0E0401FA913E97
:106420000A040208113503A4FD565B503652715C14
:10643000037932091207280BFC5702A82B0F1524E9
:10644000553900030024FFDF05A20662000B001B84
:10645000002B00574021012C2C402D0C010007037C
:1064600001002405141C050C280610200618090834
:1064700018031001011446762F3718003F3F2F3CB8
:1064800010FD10FD012FFD2FFD2E2E2E2E002E2E85
:106490003130014968B90014002C496861B040529C
:1064A00058381137B9002CFFC0385901233635341C
:1064B0002726273733171601100706212027261114
:1064C000103736212017160310272623220706151A
:1064D000141716333237360395B0090F557D0DCF9B
:1064E0002E350256DCC8FEE5FEE1C4DCDCC7011C2B
:1064F000011EC5DCD69989C7EC837A7B84EAEA84DD
:106500007B0527140410178345346B7BFCEBFECD11
:10651000B3A2A2B501310132B3A2A2B5FED00106E9
:106520009989A295F1EF96A3A39600030024FFDFBB
:1065300005A20662000D001D002D00574021012E0E
:106540002E402F0E0908090806002605161E050E06
:106550002A061222061A0D0C1A031201011646769B
:106560002F3718003F3F2F3C10FD10FD012FFD2F4E
:10657000FD2E2E2E2E002E2E3130014968B9001628
:10658000002E496861B0405258381137B9002EFFCB
:10659000C0385901060706070615161723363F01AE
:1065A0003301100706212027261110373621201726
:1065B0001603102726232207061514171633323721
:1065C00036039551282435100109B04A342ECF02E4
:1065D0001ADCC8FEE5FEE1C4DCDCC7011C011EC5F7
:1065E000DCD69989C7EC837A7B84EAEA847B062E21
:1065F0002C272352190E041457796BFC05FECDB3DA
:10660000A2A2B501310132B3A2A2B5FED001069912
:1066100089A295F1EF96A3A3960000030024FFDF63
:1066200005A20659001800280038006140260139EB
:1066300039403A190F0E0D0601000F0D0804010034
:1066400031052129051935061D2D06251525031DA2
:1066500001012146762F3718003F3F2F10FD10FD16
:10666000012FFD2FFD2E2E2E2E2E2E002E2E2E2E05
:106670002E2E3130014968B900210039496861B0D6
:10668000405258381137B90039FFC0385901233703
:10669000363726270615141F032723363736373695
:1066A0003716171601100706212027261110373636
:1066B0002120171603102726232207061514171664
:1066C0003332373603F4C91B070E1061550303013B
:1066D0000212DF3B692F142B2318755301E0DCC82D
:1066E000FEE5FEE1C4DCDCC7011C011EC5DCD69959
:1066F00089C7EC837A7B84EAEA847B051F1604163B
:10670000167658250C0D0D0B14062C643913312DFB
:106710001E7B58FCFFFECDB3A2A2B501310132B3FE
:10672000A2A2B5FED001069989A295F1EF96A3A386
:10673000960000030024FFDF05A2060800150025CF
:10674000003500574021013636403716140C090435
:10675000000C002E051E26051632061A2A062210E7
:1067600022031A01011E46762F3718003F3F2F10D3
:10677000FD10FD012FFD2FFD2E2E002E2E2E2E2E74
:106780003130014968B9001E0036496861B0405295
:1067900058381137B90036FFC03859010607062F9F
:1067A0000126272623220F013637361F02163736D9
:1067B0000110070621202726111037362120171631
:1067C00003102726232207061514171633323736EF
:1067D0000430482C4351406325181C1B1E82511E57
:1067E0004959436C52270901EFDCC8FEE5FEE1C4BC
:1067F000DCDCC7011C011EC5DCD69989C7EC837A95
:106800007B84EAEA847B05D64C1A280D122F0604F5
:1068100004204E122C0E132E0E0401FCB7FECDB335
:10682000A2A2B501310132B3A2A2B5FED0010699F0
:1068300089A295F1EF96A3A3960000040024FFDF40
:1068400005A205EA0007000F001F002F005C40258D
:1068500001303040311004050008050C28051820CF
:1068600005100A0206062C061424061C0E061C033C
:106870001401011846762F3718003F3F2F3C10FDBA
:1068800010FD10FD3C012FFD2FFD2FFD2FFD0031D0
:1068900030014968B900180030496861B040525869
:1068A000381137B90030FFC03859011407062734B2
:1068B0003732051407062734373201100706212026
:1068C00027261110373621201716031027262322DA
:1068D0000706151417163332373603C8665D0B6585
:1068E0005EFEEA665D0B655E0306DCC8FEE5FEE162
:1068F000C4DCDCC7011C011EC5DCD69989C7EC834A
:106900007A7B84EAEA847B059D4D02024F450A4D5D
:106910004D02024F440BFC7DFECDB3A2A2B5013166
:106920000132B3A2A2B5FED001069989A295F1EF7A
:1069300096A3A39600010024015801F803A9000BB7
:1069400000AE4055010C0C400D000702010B09067A
:106950000503000B0B000201020A090A03080304E5
:106960000505060404050B0B000201020A090A03CF
:1069700008030409090A0808090B0A0B0808090793
:1069800006070008000105040502020306060701C8
:10699000010609030802010646762F3718003F2F2B
:1069A0002F01872E08C408C408C408FC08C408C402
:1069B00008C4872E08C408FC08C408C408C4872E6D
:1069C00008C408FC08C408C408C4012E2E2E2E2EAC
:1069D0002E002E2E2E3130014968B90006000C49D8
:1069E0006861B0405258381137B9000CFFC03859AF
:1069F000010727073F01273717370F0101F829C77C
:106A0000D504778A21BAD2037501E07AC7D5B77861
:106A10008A81BAD1B67500030024FFB205A20579B8
:106A20000021002D0037007C40310138384039000A
:106A3000372613062E271E1D1A17160B09372E0888
:106A4000261E271D1D2735050D2205002A060431A7
:106A500006111D1C09080401010D46762F37180088
:106A60003F2F3C2F3C2FFD10FD012FFD2FFD872ECA
:106A70000EC40EC40EC40EFC0EC4012E2E2E2E2EDD
:106A80002E2E2E2E002E2E2E2E3130014968B900CA
:106A90000D0038496861B0405258381137B9003894
:106AA000FFC03859011007062122270607233F019E
:106AB0002411103736213217373637352F02363B3F
:106AC0000107161716073427262701171633323702
:106AD000360127262322070615101705A2E0C5FE5A
:106AE000E49C87180DA75314FECBCAC00133918DC7
:106AF00006020D0410182410D58B965452D6611B33
:106B000030FDD7324870E28980FEFE324275E8845B
:106B10007BA70269FEC9B49E352A397320B001747F
:106B2000012FB1A8320E08390307193117E9519620
:106B300092AECA92292BFC641924A79C02D4192175
:106B4000A497EDFEE89700020024FFE904C4066262
:106B5000000B0044006E402E01454540460C0100EC
:106B6000413E38372726201D070301002905193526
:106B7000050C2F061009083C3B23032203151412B1
:106B8000031001011946762F3718003F173C3F17B5
:106B90003C2F3C10FD012FFD2FFD2E2E2E2E2E2ED4
:106BA0002E2E2E2E2E2E002E2E3130014968B900A9
:106BB000190045496861B0405258381137B900454D
:106BC000FFC03859012336353427262737331716A7
:106BD00001100706213027260F0120272611343700
:106BE0003637342F01363321321F011506111417A1
:106BF00016171617363736373635102735373633EA
:106C00002132170706151617160338B0090F557DE0
:106C10000DCF2E3501D58B99FEFB14131413FEFAFC
:106C2000988B676C0F17711E1401020F0A09DA6541
:106C3000451B40757F3B0F4C65DA090910010214B2
:106C40001E71170E6D670527140410178345346BEA
:106C50007BFCD8FF00ADBE01010101BEAD01009774
:106C60009B841709166C21040E1DD1FE87E7845AF8
:106C700015310506300C6383E80179D11D0E04211E
:106C80006C160917849B00020024FFE904C4066205
:106C9000000D0046006E402E01474740480E09088F
:106CA00043403A392928221F090806002B051B37C3
:106CB000050E3106120D0C3E3D2503240317161454
:106CC000031201011B46762F3718003F173C3F1770
:106CD0003C2F3C10FD012FFD2FFD2E2E2E2E2E2E93
:106CE0002E2E2E2E2E2E002E2E3130014968B90068
:106CF0001B0047496861B0405258381137B9004706
:106D0000FFC0385901060706070615161723363F38
:106D1000013301100706213027260F0120272611F5
:106D200034373637342F01363321321F011506111F
:106D300014171617161736373637363510273537E6
:106D40003633213217070615161716033E5326222F
:106D500037100109B04A342ECF01938B99FEFB14F2
:106D6000131413FEFA988B676C0F17711E1401022F
:106D70000F0A09DA65451B40757F3B0F4C65DA0940
:106D800009100102141E71170E6D67062E2F2421A3
:106D900054190E041457796BFBF2FF00ADBE0101CC
:106DA0000101BEAD0100979B841709166C21040EEA
:106DB0001DD1FE87E7845A15310506300C6383E840
:106DC0000179D11D0E04216C160917849B00000265
:106DD0000024FFE904C4065900180051007840332C
:106DE0000152524053190F0E0D0601004E4B4544FF
:106DF00034332D2A0F0D08040100360526420519EB
:106E00003C061D15494830032F0322211F031D0195
:106E1000012646762F3718003F173C3F173C2F10AE
:106E2000FD012FFD2FFD2E2E2E2E2E2E2E2E2E2E40
:106E30002E2E2E2E002E2E2E2E2E2E313001496873
:106E4000B900260052496861B0405258381137B92C
:106E50000052FFC03859012337363726270615164A
:106E60001F03272336373637363716171601100714
:106E700006213027260F01202726113437363734D4
:106E80002F01363321321F0115061114171617165C
:106E90001736373637363510273537363321321720
:106EA000070615161716039ECA1B080D106056011B
:106EB0000302020213DF3B6A2F142B22137B5001C3
:106EC0005B8B99FEFB14131413FEFA988B676C0FFF
:106ED00017711E1401020F0A09DA65451B40757F00
:106EE0003B0F4C65DA0909100102141E71170E6D73
:106EF00067051F1604161676582502170D0B140683
:106F00002C643913312D168355FCE9FF00ADBE0109
:106F1000010101BEAD0100979B841709166C210485
:106F20000E1DD1FE87E7845A15310506300C6383A8
:106F3000E80179D11D0E04216C160917849B00030A
:106F40000024FFE904C405EA0007000F00480073AD
:106F50004032014949404A1045423C3B2B2A2421FA
:106F600004050008050C2D051D3905100A0206064A
:106F70003306140E06403F27032603191816031480
:106F800001011D46762F3718003F173C3F173C2F55
:106F90003C10FD10FD3C012FFD2FFD2FFD2FFD2E80
:106FA0002E2E2E2E2E2E2E003130014968B9001DB6
:106FB0000049496861B0405258381137B90049FF5B
:106FC000C03859011407062734373205140706273D
:106FD00034373201100706213027260F01202726DB
:106FE0001134373637342F01363321321F0115065D
:106FF000111417161716173637363736351027354A
:107000003736332132170706151617160372665ED8
:107010000A655DFEEB665E0A655D027F8B99FEFB8D
:1070200014131413FEFA988B676C0F17711E14015A
:10703000020F0A09DA65451B40757F3B0F4C65DA84
:107040000909100102141E71170E6D67059D4D028E
:10705000024F450A4D4D02024F440BFC6AFF00AD42
:10706000BE01010101BEAD0100979B841709166C9A
:1070700021040E1DD1FE87E7845A15310506300C18
:107080006383E80179D11D0E04216C160917849BD6
:1070900000020024FEDF04F905E8000C002D006C5E
:1070A000402B012E2E402F0D272C2A2523201C1B80
:1070B0001A120D06001B1A1B1C081C1D100F0F10A6
:1070C0000A1B2120032D0D030603012046762F37CE
:1070D00018003F3F3C3F3C2F2F01872E0EC408FC79
:1070E00008C4012E2E2E2E2E2E2E2E2E2E2E2E00AB
:1070F0002E3130014968B90020002E496861B04046
:107100005258381137B9002EFFC03859010607060A
:1071100007060734373637321605020901061514FB
:107120001716171617161705010B012627213217F8
:107130000615140113363726273703920317896C77
:10714000063ECC171E20320167FBFEFDFE9B250785
:107150001409102A2706FEB9017E96D502A20188DD
:107160000824440114C79106057544059A210C5E54
:1071700024021247AD130A2EEFFE96FE5EFDC03CC0
:107180000A08050808060D0C18060261011601958B
:1071900003E420352D73FE1C0121D3443F4D0E0026
:1071A00000020024FFFF03ED04A4001C0027006C74
:1071B000402E01282840290013110B0A1305050D44
:1071C000040523221817060505040F0E1D040024CC
:1071D000230705042221071819170B0A010113467A
:1071E000762F3718003F3C2F2F3CFD3C2F3CFD3CB9
:1071F000012FFD2F3CFD173C10FD10FD2E2E002E03
:107200002E3130014968B900130028496861B04047
:107210005258381137B90028FFC0385901140706F1
:107220002B01151417161721363F0111342322079D
:10723000363736371537361716073427262B011100
:107240003332373603ED706AACFA07082CFED429C6
:107250000B06491A2F2E653086FAA96C71AD323AA9
:107260006DFAF96E3A320246AA625E3246171B3355
:10727000362352031E4A0B4926121CF40101616495
:10728000A7734E5CFDC75B4D00010022FF6103F157
:10729000051F003C00634027013D3D403E000A3988
:1072A0002E2C1A0A0B0D05261405001C0536252464
:1072B000042A27261106062006323226012A46769F
:1072C0002F3718002F2F10FD2FFD012F3C3CFD3CC8
:1072D0002FFD2FFD10FD3C2E2E2E2E2E002E313098
:1072E000014968B9002A003D496861B040525838E8
:1072F0001137B9003DFFC03859251407060706238A
:107300002227263517142716171633323635342719
:10731000262726353635342726232207061511075A
:1073200011342635263722353437363332171615C1
:10733000140F0116170403F1715337235B9C655535
:10734000D20103173542455B7B3AAB7BC52128420E
:107350004C3029B902014A187DB22C885351528C05
:1073600011D8010BBB8B503B0E095044C42F500762
:107370002618366145815628765568669048404EF5
:107380005D505AFC6EA40433051305825B070F336E
:10739000485C588966567117819F00030024FFF8E6
:1073A00002FB04A0000D002F003A00724030013BA8
:1073B0003B403C0E3125150F0E25130E090301002D
:1073C0003130150321042C2B37041B0100060A3928
:1073D00006172307270B0A27021701011B46762FE2
:1073E0003718003F3F2F3C10FD10FD10FD3C012FD2
:1073F000FD2F3CFD173C2E2E2E2E2E2E2E002E2E37
:107400002E2E2E3130014968B9001B003B496861BE
:10741000B0405258381137B9003BFFC038590123EA
:1074200036353427262726273733171601232227F8
:107430002637363706232227263534373637363770
:107440002623220736333217161511141716271163
:10745000060706070615143332023FB00A1037221A
:1074600026530DCF2E340106CC19110E03010476DC
:10747000606F4650B29F2D411D536C5A8B7BBF5E8F
:1074800065430A18BE2F3D7B0F39835103651404F1
:107490000E195421242F346B79FC451D180A050B55
:1074A0005832386BC6302B141D3631257222204CD1
:1074B000FE20050D42AC013C31152B0A275C8700EC
:1074C00000030024FFF802FB04A0000D002F003A87
:1074D000006F402E013B3B403C0E3125150F0E093D
:1074E0000825130E090806003130150321042C2B42
:1074F00037041B3906172307270D0C270217010134
:107500001B46762F3718003F3F2F3C10FD10FD0122
:107510002FFD2F3CFD173C2E2E2E2E2E2E2E002E14
:107520002E2E2E2E2E2E3130014968B9001B003B25
:10753000496861B0405258381137B9003BFFC03834
:107540005901060706070615161723363F013313A0
:107550002322272637363706232227263534373687
:1075600037363726232207363332171615111417EC
:10757000162711060706070615143332023F532655
:107580002237100109B04A342ECFC9CC19110E038D
:10759000010476606F4650B29F2D411D536C5A8B8B
:1075A0007BBF5E65430A18BE2F3D7B0F39835104B4
:1075B0006C2F242154190E041457796BFB611D188C
:1075C0000A050B5832386BC6302B141D3631257224
:1075D00022204CFE20050D42AC013C31152B0A2720
:1075E0005C8700030024FFF802FB04A900170039A0
:1075F0000044007940330145454046183B2F1F1990
:10760000180E0D0B0601002F1D180E0B08040100AB
:107610003B3A1F032B0436354104254306212D0731
:10762000311431022101012546762F3718003F3FE2
:107630002F10FD10FD012FFD2F3CFD173C2E2E2E8F
:107640002E2E2E2E2E2E002E2E2E2E2E2E2E2E2E88
:107650002E2E3130014968B900250045496861B0D6
:10766000405258381137B90045FFC0385901233707
:107670003637262706151F02262723363736373694
:1076800037161716132322272637363706232227C5
:107690002635343736373637262322073633321726
:1076A00016151114171627110607060706151433A9
:1076B00032029FCA1B080D1060560602021003DF3B
:1076C0003B6A2F142B22137B5091CC19110E03010E
:1076D0000476606F4650B29F2D411D536C5A8B7BD0
:1076E000BF5E65430A18BE2F3D7B0F398351036F80
:1076F00015051616765825270A1404022B6539132A
:10770000312D168355FC461D180A050B5832386B6F
:10771000C6302B141D3631257222204CFE20050D5B
:1077200042AC013C31152B0A275C87000003002482
:10773000FFF80302042D001500370042006F402EB1
:10774000014343404416392D1D1716140C0904003B
:107750002D1B160C0039381D03290434333F042334
:1077600041061F2B072F102F021F01010C46762FF9
:107770003718003F3F2F10FD10FD012FFD2F3CFD5E
:10778000173C2E2E2E2E2E002E2E2E2E2E2E2E2E50
:107790002E2E3130014968B9000C0043496861B0B0
:1077A000405258381137B90043FFC0385901060715
:1077B000062F0126272623220F013637361F0216F1
:1077C000373213232227263736370623222726353A
:1077D0003437363736372623220736333217161515
:1077E000111417162711060706070615143332025F
:1077F000E2492A4351406425181B1C1E814F204A30
:1078000058426D542504A1CC18120E030302766071
:107810006D4751B29E2E421C526D5A8B7CBE5F64E6
:10782000430A18BE2D3F79103A835103FB4D1928A6
:107830000D122F060404204D132C0E132E0E04FCE3
:107840002D1D170B070958333969C6302B141E3507
:1078500031257222204CFE20050D42AC013C301631
:107860002A0B275C870000040024FFF802FB042396
:107870000007000F0031003C00744032013D3D40E4
:107880003E10332717111027151033321703230426
:107890002E2D04050008050C39041D0A0206063BBE
:1078A00006192507290E0629021901011D46762F02
:1078B0003718003F3F2F3C10FD10FD10FD3C012FFD
:1078C000FD2FFD2FFD2F3CFD173C2E2E2E002E2EC2
:1078D0002E2E2E3130014968B9001D003D496861E6
:1078E000B0405258381137B9003DFFC03859011423
:1078F00007062734373205140706273437320123A9
:1079000022272637363706232227263534373637BF
:107910003637262322073633321716151114171659
:1079200027110607060706151433320273665E0A2E
:10793000655DFEEB665E0A655D01B5CC19110E034F
:10794000010476606F4650B29F2D411D536C5A8BD7
:107950007BBF5E65430A18BE2F3D7B0F3983510301
:10796000D64D02024F450A4D4D02024F440BFBDE3D
:107970001D180A050B5832386BC6302B141D3631D2
:10798000257222204CFE20050D42AC013C31152B06
:107990000A275C8700020024FFF802FB02D30021C3
:1079A000002C005F4026012D2D402E0023170701DB
:1079B000001705002322070313041E1D29040D2BA5
:1079C000060915071919020901010D46762F371806
:1079D000003F3F10FD10FD012FFD2F3CFD173C2EF9
:1079E0002E2E002E2E2E2E2E3130014968B9000D7C
:1079F000002D496861B0405258381137B9002DFF49
:107A0000C038592523222726373637062322272632
:107A100035343736373637262322073633321716B2
:107A20001511141716271106070607061514333209
:107A300002FBCC19110E03010476606F4650B29F11
:107A40002D411D536C5A8B7BBF5E65430A18BE2FB8
:107A50003D7B0F398351011D180A050B5832386BD5
:107A6000C6302B141D3631257222204CFE20050D08
:107A700042AC013C31152B0A275C8700000400242E
:107A8000FFEE04E702D30034003C0040004B0097B7
:107A90004043014C4C404D00423F3E3D3C38251F89
:107AA0000F04003F3D3C352B1F0D0907002B2C0810
:107AB000353C3C354804152D2C0442410F031B4A2C
:107AC00006111D07213106022702210211010901B9
:107AD0000201011546762F3718003F3F3F3F3F1008
:107AE000FD10FD10FD012F173CFD3C2FFD872E0ED4
:107AF000C40EFC0EC4012E2E2E2E2E2E2E2E2E2E19
:107B0000002E2E2E2E2E2E2E2E2E2E2E31300149D0
:107B100068B90015004C496861B0405258381137B7
:107B2000B9004CFFC0385901022122270E01151659
:107B300017272226373637062322272635343736AD
:107B400037363726232207363332171617363332A5
:107B5000171617051514171633323736032E01077B
:107B60000607060717230734071106070607061539
:107B700014333204E767FEF97A61054302062F14D5
:107B80002605020376606F4650B29F2D411D536C4F
:107B90005A8B7BBF5E6525125B867F4C432EFE06AB
:107BA0004548735E5652BA0C6337542A16160101C3
:107BB00002AD2F3D7B0F3983510110FEDE4A052BAC
:107BC000030302012C13060A5832386BC6302B14FB
:107BD0001D3631257222122145413A7E5A067552D0
:107BE000583936014B3641070B433332530C06AC40
:107BF000013C31152B0A275C870000010024FEBBE5
:107C000002CE02C300400069402A014141404200C7
:107C10002F14080600312F2B1F1D14060302001A13
:107C2000040C3904233D06101607103507271027CA
:107C300002012346762F3718003F2F10FD10FD104C
:107C4000FD012FFD2FFD2E2E2E2E2E2E2E2E2E2E12
:107C5000002E2E2E2E2E3130014968B9002300410E
:107C6000496861B0405258381137B90041FFC038F7
:107C70005925060715220615343332171615140731
:107C80000623222726371633323736353426153465
:107C9000372627263534373633321716151407069C
:107CA00007363534272623220706151417163332D4
:107CB000373602CE408C050D090F2C440424ED21EB
:107CC000293908223E562A099007734B667C709B1F
:107CD0003E637240351D0A332C38653930484A738B
:107CE0002D4453CEAC280621070F314C190F0C6FD1
:107CF000141C2B29430E0F2068010B17154E6AB474
:107D0000956057262C32102B240D191635211D5C39
:107D10004E6B744F521E250000030024FFEE030536
:107D200004A0000D0027002F0071402C01303040CE
:107D3000310E2F2B1E1C0E01002F281C1A0E0903BA
:107D400001002F28081B1A1A1B2004132406100BED
:107D50000A16021001011346762F3718003F3F2FF5
:107D60003C10FD012FFD872E0EC40EFC0EC4012E0B
:107D70002E2E2E2E2E2E2E2E002E2E2E2E2E2E2E51
:107D80003130014968B900130030496861B0405290
:107D900058381137B90030FFC0385901233635340F
:107DA0002726272627373317161302212226353494
:107DB00036333217161705073637161514171633CC
:107DC000323736032E0107060706070257B00A109E
:107DD000372226530DCF2E34F867FEF998DBC5A65F
:107DE0007F4C432EFE02020203014448745E565249
:107DF000BA0C6337542A1616036514040E1954215D
:107E0000242F346B79FD54FEDED397A6C5413A7E0C
:107E10005B0C0A0904087751573936014B36410784
:107E20000B43333200030024FFEE030504A0000DD2
:107E30000027002F0071402C01303040310E2F2BD5
:107E40001E1C0E09082F281C1A0E090806002F28D0
:107E5000081B1A1A1B2004132406100D0C160210FE
:107E600001011346762F3718003F3F2F3C10FD01CC
:107E70002FFD872E0EC40EFC0EC4012E2E2E2E2E8C
:107E80002E2E2E2E002E2E2E2E2E2E2E313001494D
:107E900068B900130030496861B040525838113752
:107EA000B90030FFC0385901060706070615161736
:107EB00023363F013313022122263534363332175D
:107EC00016170507363716151417163332373603CB
:107ED0002E0107060706070257532622371001090D
:107EE000B04A342ECFBB67FEF998DBC5A67F4C4362
:107EF0002EFE02020203014448745E5652BA0C631D
:107F000037542A1616046C2F242154190E041457C2
:107F1000796BFC70FEDED397A6C5413A7E5B0C0AF6
:107F20000904087751573936014B3641070B433363
:107F3000320000030024FFEE030504A900170031FE
:107F40000039007B4031013A3A403B183935282648
:107F5000180E0D0B06010039322624180E0B0804EA
:107F60000100393208252424252A041D2E061A145E
:107F700020021A01011D46762F3718003F3F2F10AF
:107F8000FD012FFD872E0EC40EFC0EC4012E2E2ED9
:107F90002E2E2E2E2E2E2E2E002E2E2E2E2E2E2E2F
:107FA0002E2E2E2E3130014968B9001D003A496845
:107FB00061B0405258381137B9003AFFC038590102
:107FC00023373637262706151F022627233637364E
:107FD0003736371617161302212226353436333238
:107FE0001716170507363716151417163332373696
:107FF000032E01070607060702B7CA1B080D10600B
:10800000560602021003DF3B6A2F142B22137B500B
:108010008367FEF998DBC5A67F4C432EFE02020261
:1080200003014448745E5652BA0C6337542A16163C
:10803000036F15051616765825270A1404022B65BA
:108040003913312D168355FD55FEDED397A6C54154
:108050003A7E5B0C0A0904087751573936014B36D2
:1080600041070B43333200040024FFEE03050423D1
:108070000007000F00290031007640300132324005
:108080003310312D201E10312A1E1C10312A081DDC
:108090001C1C1D04050008050C2204150A02060616
:1080A0002606120E0618021201011546762F371801
:1080B000003F3F2F3C10FD10FD3C012FFD2FFD2FF9
:1080C000FD872E0EC40EFC0EC4012E2E2E2E2E0069
:1080D0002E2E2E2E2E3130014968B900150032495E
:1080E0006861B0405258381137B90032FFC0385972
:1080F00001140706273437320514070627343732B0
:108100000102212226353436333217161705073679
:1081100037161514171633323736032E01070607A4
:108120000607028B665E0A655DFEEB665E0A655DAC
:1081300001A767FEF998DBC5A67F4C432EFE02021D
:108140000203014448745E5652BA0C6337542A162F
:108150001603D64D02024F450A4D4D02024F440B05
:10816000FCEDFEDED397A6C5413A7E5B0C0A0904FE
:10817000087751573936014B3641070B43333200EC
:1081800000020024000001AC04A0000B001C0059F8
:108190004021011D1D401E00170D0C070301001199
:1081A000100419180100060809081817020D0C011F
:1081B000010746762F3718003F3C3F3C2F3C10FD0F
:1081C0003C012F3CFD3C2E2E2E2E2E2E2E0031302B
:1081D000014968B90007001D496861B0405258382C
:1081E0001137B9001DFFC038590123363534272611
:1081F000273733171613213736351134272627260C
:1082000027211114171601ACB0090F557D0DCF2E83
:10821000353AFEE42E132A1B0C132B012B06030305
:1082200065140410178345346B7BFC462D181F0121
:10823000AE3E1508080833FDB4180D0C00020024EA
:10824000000001AC04A0000D001E0056401F011FDD
:108250001F4020000908190F0E0908060013120418
:108260001B1A0D0C1A19020F0E01010946762F3741
:1082700018003F3C3F3C2F3C012F3CFD3C2E2E2E56
:108280002E2E2E2E002E2E3130014968B900090005
:108290001F496861B0405258381137B9001FFFC0FC
:1082A000385901060706070615161723363F01330E
:1082B0000321373635113427262726272111141795
:1082C0001601AC51282435100109B04A342ECF02D2
:1082D000FEE42E132A1B0C132B012B0603046C2C1B
:1082E000272352190E041457796BFB602D181F01B8
:1082F000AE3E1508080833FDB4180D0C000200242A
:108300000000026B04A90017002800604024012926
:1083100029402A000E0D0B0601002319180E0B0828
:108320000401001D1C042524142423021918010132
:108330000E46762F3718003F3C3F3C2F012F3CFD67
:108340003C2E2E2E2E2E2E2E2E2E002E2E2E2E2E6D
:108350002E3130014968B9000E0029496861B040EA
:108360005258381137B90029FFC038590123373620
:1083700037262706151F0226272336373637363786
:1083800016171603213736351134272627262721BD
:1083900011141716026BCA1B080E10615606020252
:1083A0001003DE3A6A2F142B231479503AFEE42E80
:1083B000132A1A0D122C012B0603036F150516162E
:1083C000765825270A1404022B653913312D18819C
:1083D00056FC462D181F01AE3E1508080833FDB4A3
:1083E000180D0C00000300240000021304230007F2
:1083F000000F0020005B40230121214022001B11BF
:10840000101514041D1C04050008050C0A020606BC
:108410000E061C1B02111001010C46762F371800A6
:108420003F3C3F3C2F3C10FD3C012FFD2FFD2F3CDE
:10843000FD3C2E2E2E003130014968B9000C002180
:10844000496861B0405258381137B90021FFC0382F
:108450005901140706273437320514070627343725
:1084600032132137363511342726272627211114B8
:1084700017160213665E0A655DFEEB665E0A655DB1
:10848000EAFEE42E132A1A0D122C012B060303D642
:108490004D02024F450A4D4D02024F440BFBDD2DAC
:1084A000181F01AE3E1508080833FDB4180D0C0066
:1084B00000010024FFEE03B304A40044006C402D2F
:1084C0000145454046003B3219003E373229040041
:1084D00017051027050621041025070C1D06142D6D
:1084E000064139063F3E14020C01013E46762F3705
:1084F00018003F3F2F2FFD2FFD10FD10FD012FFD18
:108500002FFD10FD2E2E2E2E2E2E002E2E2E2E3135
:1085100030014968B9003E0045496861B040525891
:10852000381137B90045FFC038590106070607164C
:108530001514070607062726272635343736171E53
:1085400001151407262726272607060706171617DC
:1085500016133635342726232207060F0136373601
:108560003F0126232207262F01050417363736033D
:10857000B3231727374D0414677ACDB26C52646168
:108580009C658109084E392D5B392E090A2C346A05
:10859000C827042C1D161A1030376E2F1837572B8A
:1085A0004575576A1E275A011C01099940210A0482
:1085B000424F223A198CB2232CDA88A1060697730F
:1085C000739B5B590403786423265F3C2C0103559D
:1085D000455D6E5564030501B82D32997F0203098C
:1085E0001C4B631D4311035F3C501C410807C10C29
:1085F000100500020024FFF3031F042D00150039AD
:1086000000724030013A3A403B162E2D2C140C09D2
:108610000400372C262517160C2E2D210320042AA2
:10862000291A0400341C06301030022625170316C0
:1086300001012646762F3718003F173C3F2F10FDCB
:10864000012F3CFD2F3CFD173C2E2E2E2E2E2E2EC4
:10865000002E2E2E2E2E2E2E2E3130014968B900DE
:1086600026003A496861B0405258381137B9003A8B
:10867000FFC03859010607062F0126272623220F9F
:10868000013637361F021637321321373635342379
:108690002207061511141F022137363511342733EE
:1086A00015363332171615140F0116170317492AFA
:1086B0004351406424181C1C1E814F204A58436CAF
:1086C00054250489FEF50352C82D3C34133909FEA4
:1086D000CB2F1543DF6E8F9A62194903014103FBCB
:1086E0004D19280D122F060404204D132C0E132EA5
:1086F0000E04FC1F4697A9DC252017FE861E1826AF
:10870000302D181F01E924413744A14357459F12DA
:10871000193D00030024FFEE032F04A0000D001DEF
:10872000002D00574021012E2E402F0E010009037D
:1087300001002604161E040E2A071222071A0B0A2D
:108740001A021201011646762F3718003F3F2F3CC0
:1087500010FD10FD012FFD2FFD2E2E2E2E002E2E92
:108760003130014968B90016002E496861B04052A5
:1087700058381137B9002EFFC03859012336353427
:108780002726272627373317160114070623222703
:108790002635343736333217160734272623220777
:1087A000061514171633323736026DB00A10372209
:1087B00026530DCF2E34010C706AACAA6B706E6814
:1087C000AFAA6B71AD323A6D6D3A31303A6E6C3B97
:1087D00032036514040E195421242F346B79FD9C47
:1087E000AA625E5F63A8AD615D6064A7734E5C5C66
:1087F0004D746D4F605C4E0000030024FFEE032FAC
:1088000004A0000D001D002D005A4023012E2E4013
:108810002F0E090806002604161E040E0908060C71
:108820002A071222071A0D0C1A02120101164676A7
:108830002F3718003F3F2F3C10FD10FD10FD3C016D
:108840002FFD2FFD2E2E2E2E003130014968B9004C
:1088500016002E496861B0405258381137B9002EC1
:10886000FFC0385901060706070615161723363FBD
:1088700001331314070623222726353437363332C3
:108880001716073427262322070615141716333226
:108890003736026D53262237100109B04A342ECFE5
:1088A000CF706AACAA6B706E68AFAA6B71AD323ACA
:1088B0006D6D3A31303A6E6C3B32046C2F2421548A
:1088C000190E041457796BFCB8AA625E5F63A8ADF9
:1088D000615D6064A7734E5C5C4D746D4F605C4E6F
:1088E00000030024FFEE032F04A900170027003720
:1088F000006140260138384039180E0D0B06010082
:108900000E0B0804010030042028041834071C2C26
:1089100007241424021C01012046762F3718003F3B
:108920003F2F10FD10FD012FFD2FFD2E2E2E2E2E80
:108930002E002E2E2E2E2E2E3130014968B9002009
:108940000038496861B0405258381137B90038FFD3
:10895000C038590123373637262706151F02262728
:1089600023363736373637161716131407062322E1
:108970002726353437363332171607342726232275
:108980000706151417163332373602CDCA1B080DE9
:108990001060560602021003DF3B6A2F142B2213CD
:1089A0007B5097706AACAA6B706E68AFAA6B71ADA2
:1089B000323A6D6D3A31303A6E6C3B32036F1505C9
:1089C0001616765825270A1404022B653913312D03
:1089D000168355FD9DAA625E5F63A8AD615D60640C
:1089E000A7734E5C5C4D746D4F605C4E00030024B9
:1089F000FFEE032F042D0015002500350057402100
:108A0000013636403716140C0904000C002E041EE3
:108A100026041632071A2A07221022021A01011E02
:108A200046762F3718003F3F2F10FD10FD012FFD18
:108A30002FFD2E2E002E2E2E2E2E3130014968B9FC
:108A4000001E0036496861B0405258381137B900ED
:108A500036FFC03859010607062F01262726232294
:108A60000F013637361F021637321314070623223A
:108A70002726353437363332171607342726232274
:108A8000070615141716333237360308492A43519F
:108A9000406424181C1C1E814F204A58436C5425E6
:108AA00004A8706AACAA6B706E68AFAA6B71AD3225
:108AB0003A6D6D3A31303A6E6C3B3203FB4D1928FA
:108AC0000D122F060404204D132C0E132E0E04FD40
:108AD00084AA625E5F63A8AD615D6064A7734E5C4B
:108AE0005C4D746D4F605C4E00040024FFEE032F5C
:108AF00004230007000F001F002F005C40250130F9
:108B00003040311004050008050C2804182004101A
:108B10000A0206062C071424071C0E061C02140168
:108B2000011846762F3718003F3F2F3C10FD10FDEF
:108B300010FD3C012FFD2FFD2FFD2FFD00313001D9
:108B40004968B900180030496861B040525838117E
:108B500037B90030FFC038590114070627343732BF
:108B60000514070627343732011407062322272667
:108B700035343736333217160734272623220706B3
:108B8000151417163332373602A0665D0B655EFE8C
:108B9000EA665D0B655E01BB706AACAA6B706E68BD
:108BA000AFAA6B71AD323A6D6D3A31303A6E6C3BB3
:108BB0003203D64D02024F450A4D4D02024F440B7F
:108BC000FD35AA625E5F63A8AD615D6064A7734E08
:108BD0005C5C4D746D4F605C4E00000300240131FD
:108BE000031B03D90007000B00130054401F01149E
:108BF000144015080A080C000510040206061206A7
:108C00000E0A090608060E0B0802010A46762F37DF
:108C100018003F3C2F2F10FD3C10FD10FD012F3C94
:108C2000FD3C2E2E003130014968B9000A0014497C
:108C30006861B0405258381137B90014FFC0385934
:108C40000114072227343732010721370114072284
:108C5000273437320206655E0A665B012188FD9182
:108C600088015A655E0A665B037B560B5F560AFEF7
:108C7000EB7F7FFECE570A5F570A00030024FF8177
:108C800003310369001D002800310086403701329E
:108C90003240330031200629211C1B18150B201CE3
:108CA0001B1A1B21082913143131142F04090D1E1E
:108CB00004002507042B07111B1A090813021102CF
:108CC0000401010946762F3718003F3F3F2F3C2F04
:108CD0003C10FD10FD012FFD2F3CFD872E0EC40E14
:108CE000C40EC40EFC08C40EC40EC4012E2E2E2EBB
:108CF0002E2E2E002E2E2E3130014968B90009008B
:108D000032496861B0405258381137B90032FFC05B
:108D10003859011407062322270615233F0126355B
:108D20003437363332173F012F02363B010716071F
:108D30003427011617163332373603262322070647
:108D40001514170331706BAB594B38AB5C29836E2C
:108D50006AAD3D4214080413182410C584A5AD382B
:108D6000FEEA131A25236E3B3088232E6F3A2F1FFD
:108D70000159A965621E5F277D3F69B3AC64621328
:108D800027180E1E2F17DA62D47C4FFE3A0E0D0BF9
:108D9000614F018311624F725B4500020024FFE9BD
:108DA00002EC04A0000B0037006C402B0138384067
:108DB000390C2A291D1C01003431302A291D1C19A7
:108DC000070301002D040C200416240710090831A4
:108DD00030021001011C46762F3718003F3F3C2F10
:108DE0003C10FD012FFD2FFD2E2E2E2E2E2E2E2E71
:108DF0002E2E2E2E002E2E2E2E2E2E313001496894
:108E0000B9001C0038496861B0405258381137B970
:108E10000038FFC038590123363534272627373329
:108E200017161314070607062726272635343F0191
:108E3000262F012107061514171617373637363730
:108E400015373635342F01210706071F0116024C4E
:108E5000B0090F557D0DCF2E35E95750A9A96031C6
:108E60001C194903043E13010B0352282985043FB2
:108E700019050C012B650E010D114101033D1C0369
:108E800065140410178345346B7BFD77A54E4707A7
:108E90000744234E4545459F12193D384697A98CF6
:108EA00023330401182108100602564DA6964838AF
:108EB0003D1910643E0000020024FFE902EC04A00A
:108EC000000D0039006F402D013A3A403B0E2C2B2B
:108ED0001F1E3633322C2B1F1E1B090806002F04C1
:108EE0000E2204180908060C2607120D0C33320254
:108EF0001201011E46762F3718003F3F3C2F3C10D1
:108F0000FD10FD3C012FFD2FFD2E2E2E2E2E2E2E80
:108F10002E2E2E2E2E002E2E2E2E3130014968B9E7
:108F2000001E003A496861B0405258381137B90004
:108F30003AFFC038590106070607061516172336EB
:108F40003F01331314070607062726272635343F2B
:108F500001262F0121070615141716173736373645
:108F60003715373635342F01210706071F01160242
:108F70004C51282435100109B04A342ECFAD57503A
:108F8000A9A960311C194903043E13010B0352289F
:108F90002985043F19050C012B650E010D114101B6
:108FA000033D1C046C2C272352190E041457796BB3
:108FB000FC91A54E47070744234E4545459F12198E
:108FC0003D384697A98C2333040118210810060266
:108FD000564DA69648383D1910643E000002002404
:108FE000FFE902EC04A90018004400764030014576
:108FF0004540461937362A290F0E0C060100413E1E
:109000003D37362A29260F0C080401003A04192D91
:10901000042331071D153E3D021D01012946762F0F
:109020003718003F3F3C2F10FD012FFD2FFD2E2E46
:109030002E2E2E2E2E2E2E2E2E2E2E2E002E2E2E7E
:109040002E2E2E2E2E2E2E3130014968B9002900E9
:1090500045496861B0405258381137B90045FFC0E2
:109060003859012337363726270615141F022627BD
:109070002336373637363716171613140706070602
:109080002726272635343F01262F012107061514F0
:10909000171617373637363715373635342F01213F
:1090A0000706071F011602ABC91B080D1061550307
:1090B00003030F03DF3B692F142B231875537357DA
:1090C00050A9A960311C194903043E13010B035236
:1090D000282985043F19050C012B650E010D11414E
:1090E00001033D1C036F150615167658250D0D0D51
:1090F0001E04022B653913312D1E7B58FD79A54EB8
:1091000047070744234E4545459F12193D3846976A
:10911000A98C23330401182108100602564DA69687
:1091200048383D1910643E0000030024FFE902ECBA
:1091300004230007000F003B0071402F013C3C401E
:109140003D102E2D21203835342E2D21201D3104A7
:109150001004050008050C24041A0A020606280754
:10916000140E063534021401012046762F371800FC
:109170003F3F3C2F3C10FD10FD3C012FFD2FFD2FEC
:10918000FD2FFD2E2E2E2E2E2E2E2E002E2E2E2E8E
:109190003130014968B90020003C496861B0405253
:1091A00058381137B9003CFFC03859011407062759
:1091B00034373205140706273437320114070607FF
:1091C000062726272635343F01262F0121070615BD
:1091D00014171617373637363715373635342F010B
:1091E000210706071F0116027F665D0B655EFEEA1A
:1091F000665D0B655E01995750A9A960311C19493C
:1092000003043E13010B0352282985043F19050C62
:10921000012B650E010D114101033D1C03D64D02CA
:10922000024F450A4D4D02024F440BFD0EA54E471D
:10923000070744234E4545459F12193D384697A9D7
:109240008C23330401182108100602564DA69648B7
:10925000383D1910643E00020024FE6E034704A04E
:10926000000D00470078403301484840490E291C52
:109270000908474342373633291B0E0908060027E1
:109280000412113A042F2107173E062B0D0C2B0157
:109290001700473736030E02012F46762F37180086
:1092A0003F173C3F3F2F3C10FD10FD012FFD2F3C91
:1092B000FD2E2E2E2E2E2E2E2E2E2E2E2E2E002E2D
:1092C0002E2E2E3130014968B9002F0048496861BF
:1092D000B0405258381137B90048FFC0385901061C
:1092E0000706070615161723363F01331307061521
:1092F00011140F01062322272627371714171633B8
:109300003237363736373437062322272635343777
:109310003637262F01210706151417163332373634
:109320003511342F02028651282435100109B04A24
:10933000342ECFCE3216351B77E73028973A7C0A89
:109340003936513C403B201A02027B6E9C5B5F1C0D
:109350000D33063F0C010B0E5B3235634B433A1362
:109360003909046C2C272352190E041457796BFE0B
:10937000102D1920FE0FC44F28B009226B912450E4
:1093800032312B27382D3C1A5D4852559B43421EE3
:109390005B2337364A8ABA653C41211D2001831F71
:1093A0001827310000020024FE60037F04360023EA
:1093B0000034006040280135354036001E051A167D
:1093C0000A2D2C1E1D06050504111024040031076A
:1093D000032807201A20020E000301011646762FEB
:1093E0003718003F3F3F2F10FD10FD012FFD2F3C90
:1093F000FD173C2E2E2E002E2E3130014968B9006B
:10940000160035496861B0405258381137B90035F7
:10941000FFC03859011406232227151417163306E6
:109420000706072635113427262327363736370710
:10943000061D013633321716073427262322070666
:10944000151114171633323736037FD9B27A5516F1
:1094500013C2DC343D1F1B23330B0439662E5A051F
:1094600021606FB26772AD373D6A40503F50493658
:1094700061433A016FB1D535B038201C3928300925
:109480001F13046E221F2D300A3B1B384F6A3AAC63
:1094900032525AAE6E49522E2426FECF3234306EEE
:1094A000600000030024FE6E034704230007000F42
:1094B0000049007D4037014A4A404B102B1E494568
:1094C000443938352B1D10290414130405000805F0
:1094D0000C3C04310A02060623071940062D0E062D
:1094E0002D011900493938031002013146762F3712
:1094F00018003F173C3F3F2F3C10FD10FD10FD3C76
:10950000012FFD2FFD2FFD2F3CFD2E2E2E2E2E2E5A
:109510002E2E2E002E2E3130014968B90031004A1E
:10952000496861B0405258381137B9004AFFC03815
:109530005901140706273437320514070627343734
:10954000320107061511140F01062322272627379B
:109550001714171633323736373637343706232287
:1095600027263534373637262F01210706151417DD
:1095700016333237363511342F0202B9665D0B656A
:109580005EFEEA665D0B655E01BA3216351B77E753
:109590003028973A7C0A3936513C403B201A020267
:1095A0007B6E9C5B5F1C0D33063F0C010B0E5B3228
:1095B00035634B433A13390903D64D02024F450A2E
:1095C0004D4D02024F440BFE8D2D1920FE0FC44F4E
:1095D00028B009226B91245032312B27382D3C1AA8
:1095E0005D4852559B43421E5B2337364A8ABA6513
:1095F0003C41211D2001831F182731000002002457
:10960000FFF806D204E3003F004F009C40470150A2
:10961000504051003D2D22170B3E3D2B22211F1B98
:1096200018170B0A0400070436372A2903360440AA
:10963000480411400432344C3938060228272606E3
:109640001C302F062B2A4406151D1C0315030D0381
:109650000201011146762F3718003F3C3C3F3F3C4A
:1096600010FD2F3CFD3C10FD3C3C10FD3C3C012F0F
:109670003CFD2FFD10FD173C10FD2E2E2E2E2E2E04
:109680002E2E2E2E2E2E2E002E2E2E2E2E31300150
:109690004968B900110050496861B040525838110A
:1096A00037B90050FFC038592506232127373637F0
:1096B000343F01350623222726111037363332175F
:1096C00035342F013721321706151727262F020FA1
:1096D0000111210F01262F0122071615140711175A
:1096E0003337363F01071401342726232207061596
:1096F0001417163332373606D20D18FD031E4317E2
:10970000050201C0DAE69FB1B1A0E5F7A320431E30
:1097100002FE170E2507314A732829CD2102283C65
:10972000514E929D1104010920F629734A3108FD1A
:10973000375C6CC2C96958596BC6C86A581C222567
:10974000301D110E1C021CCD9CAE01230125AB9BCC
:10975000AF182C293025234D1C4714491A04020246
:1097600004FE6A8264870101011717443DFE7204FA
:10977000041A4914471C01FBCE94AEAB8FD6D4908B
:10978000ADAC8F0000030024FFEE056802C3001F8C
:109790000027003700754030013838403900270075
:1097A000272016001617082027272030040A28042F
:1097B00018170406103407022C23070E1C06021289
:1097C0000E02060201010A46762F3718003F3C3F81
:1097D0003C10FD10FD3C10FD2FFD012F3CFD2FFD29
:1097E000872E0EC40EFC0EC4012E2E2E2E002E2E01
:1097F0003130014968B9000A0038496861B0405207
:1098000058381137B90038FFC038590102212227D2
:1098100006232227263534373633321736333217AC
:109820001617051514171633323736032E0107069F
:1098300007060F01342726232207061514171633AF
:10984000323736056867FEF9A47570C8AA6B706E6A
:1098500068AFC07067B27F4C432EFE064548735E0A
:109860005652BA0C6337542A1616AE323A6D6D3A18
:1098700031303A6E6C3B320110FEDE83835F63A8A9
:10988000AD615D7A7A413A7E5A0675525839360191
:109890004B3641070B4333326A734E5C5C4D746D3B
:1098A0004F605C4E00020024FFFE03C806590017FB
:1098B0000047008040360148484049183D221204C4
:1098C0003937331E1714100C0A0045460929282879
:1098D0002926041843042B170B0A0300063F24060D
:1098E0001C3F06310C31031C01011E46762F371830
:1098F000003F3F2F10FD10FD10FD173C012FFD2FE5
:10990000FD872E0EC40EFC0EC4012E2E2E2E2E2EE2
:109910002E2E2E2E002E2E2E2E3130014968B9000B
:109920001E0048496861B0405258381137B90048A4
:10993000FFC03859010607060726272627262733A2
:10994000370F01061514173637262F0101140706A5
:10995000232227363736371233203534272526354C
:10996000343736373633321707060F01161514070A
:109970000607262322070615141705160326325359
:109980007518232B172C277DDF12030303556C0555
:109990000F061B016BAA8DCBC4DE3904070195F1BC
:1099A0000122AEFE9AD18E6152387BB6AE17140CEE
:1099B00002020106293CFE754347AC0167D10653FC
:1099C00049587B1E2D3116363060061F0C140625B3
:1099D000588309170316FB17B962515A81101F8368
:1099E000FED3B092405C4DC09A7550160F4D331D9A
:1099F000251922120D051020F23A3D747A2F635476
:109A000000020024FFF2029E04A900170043007028
:109A1000402F0144444045183C2412043A26242097
:109A20001714100C0A002E0418400434170B0A03F4
:109A300000063E2A071C3E07380C38021C01012094
:109A400046762F3718003F3F2F10FD10FD10FD17F1
:109A50003C012FFD2FFD2E2E2E2E2E2E2E2E2E2EA5
:109A6000002E2E2E2E3130014968B90020004449C5
:109A70006861B0405258381137B90044FFC03859B6
:109A8000010607060726272627262733370F010654
:109A90001514173637262F011314070623222726FD
:109AA0003536373637061514171633323736353410
:109AB0002726272635343736333217060726232242
:109AC00015141716028432537518232B142F267E73
:109AD000DF12030303556C050F061BE36C5C728AEF
:109AE0005363290D2839084D273D3F2B348108B099
:109AF0006D604E6EF11F5234098978C0E604A349A7
:109B0000587B1E2D31123A2F61061F0D0D0C255862
:109B10008309170316FC26663D3436408308060D7C
:109B20001516164B42221B203B43280333356C6528
:109B3000382EBF1225A885432A3300030024FEDFF8
:109B400004F905F80007000F0030007840320131B9
:109B5000314032102A2F2D2826231F1E1D15101EBE
:109B60001D1E1F081F201312121304050008050CE8
:109B70000A0206060E061E242303301003012346A4
:109B8000762F3718003F3C3F3C2F2F3C10FD3C0107
:109B90002FFD2FFD872E0EC408FC08C4012E2E2E8B
:109BA0002E2E2E2E2E2E2E002E3130014968B90079
:109BB000230031496861B0405258381137B900313B
:109BC000FFC0385901140722273437320514072201
:109BD0002734373201020901061514171617161714
:109BE000161705010B01262721321706151401133C
:109BF00036372627370398655E0A665BFEEC665E9D
:109C00000A66590290FBFEFDFE9B25071409102AE7
:109C10002706FEB9017E96D502A2018808244401D8
:109C200014C791060575440595580D625B0B635A80
:109C30000B625B0BFED3FE96FE5EFDC03C0A080580
:109C40000808060D0C180602610116019503E420B0
:109C5000352D73FE1C0121D3443F4D0E000100241D
:109C6000FEAC03A00481002A00624026012B2B4099
:109C70002C001D17041817140D0504001004160CF1
:109C80000421070627180F0E060C0D2714210201C8
:109C90001446762F3718003F2F2F2F3CFD3C3C10E9
:109CA000FD012FFD2FFD2E2E2E2E2E2E2E002E2EC0
:109CB0002E3130014968B90014002B496861B04069
:109CC0005258381137B9002BFFC038590107220FFD
:109CD000013726232207060F01050727030607067B
:109CE00007361B010737363736371617161737363C
:109CF0003F01363332171603A016113C43340C775C
:109D0000282535080E01293BF630117579B8FD1E5E
:109D10002FA2241805060B182A06110E13284359E2
:109D20008346413703E70623274B402A3B5A9D02CF
:109D30005D02FDFABA787C096701500207034710FB
:109D4000232A14351305099661333D51342C000143
:109D5000002402ED023603E4000C0039400F010D2F
:109D60000D400E00030600090501010646762F3757
:109D700018002F3C2F012E2E002E3130014968B9DA
:109D80000006000D496861B0405258381137B900DB
:109D90000DFFC03859010726270607273736371623
:109DA000171602367F40791D7F3E893C345E1E2D9A
:109DB00003445716541D4C285E294750121B0001BE
:109DC000002402F203B5033300030039400F0104FD
:109DD00004400500020003000201010246762F370D
:109DE00018002F3C2F3C012E2E003130014968B95C
:109DF00000020004496861B0405258381137B90078
:109E000004FFC038590105212503B5FEC1FDAE018F
:109E100044033341410000010024043C02E204FCFD
:109E20000015003E4012011616401700140C0900E0
:109E30000C00041003010C46762F3718003F2F0149
:109E40002E2E002E2E2E2E3130014968B9000C0026
:109E500016496861B0405258381137B90016FFC032
:109E60003859010607062F0126272623220F01361F
:109E700037361F0216373202E2492A435140642521
:109E8000181B1C1E814F204A58426D54250404CAD9
:109E90004D19280D122F060404204D132C0E132EDD
:109EA0000E040001002401CB02C10221000300398D
:109EB000400F0104044005000200030002010102FA
:109EC00046762F3718002F3C2F3C012E2E003130C4
:109ED000014968B900020004496861B0405258382D
:109EE0001137B90004FFC038590107213702C18872
:109EF000FDEB8802215656000001002401CB042905
:109F0000022100030039400F010404400500020053
:109F100003000201010246762F3718002F3C2F3C28
:109F2000012E2E003130014968B900020004496851
:109F300061B0405258381137B90004FFC038590198
:109F400007213704298AFC85880221565600000122
:109F5000002403A100F304DF0010003F40130111AF
:109F6000114012000D0C0C09050500030903010541
:109F700046762F3718003F2F012FFD2E2E002E2E54
:109F80003130014968B900050011496861B040529B
:109F900058381137B90011FFC0385913160623225B
:109FA000353437363707061533321730F201412979
:109FB000655C2A42054235140303FB2832604C5F7E
:109FC0002C070D5348170001002403A100F204DF01
:109FD000000E00414014010F0F4010000807070455
:109FE00000050B0A040D03010A46762F3718003FBF
:109FF0002F012F3CFD2E2E002E2E3130014968B945
:10A00000000A000F496861B0405258381137B90052
:10A010000FFFC03859131407060737363723222796
:10A0200035343332F25C2B41054101351503696546
:10A03000047F4C5F2C070D534817255A000100245C
:10A04000FF5200F20090000E00414014010F0F403B
:10A050001000070400050B0A0D04080701010A4659
:10A06000762F3718003F3C2F2F012F3CFD2E2E005E
:10A070003130014968B9000A000F496861B04052A7
:10A0800058381137B9000FFFC03859371407060781
:10A0900037363723222735343332F25C2B410541E2
:10A0A000013515036965304C5F2C070D53481725A2
:10A0B0005A000002002403A1020B04DF001000215B
:10A0C0000050401C0122224023001E1D0D0C1D1AB1
:10A0D0000C0905050011051614031A09030116469B
:10A0E000762F3718003F3C2F3C012FFD2FFD2E2EE1
:10A0F0002E2E002E2E2E2E3130014968B90016006A
:10A1000022496861B0405258381137B90022FFC067
:10A1100038590116062322353437363707061533EA
:10A12000321714051606232235343736370706153D
:10A1300033321714020A014129655C2A420542356F
:10A140001403FEE9014129655C2A420542351403E6
:10A1500003FB2832604C5F2C070D534818071D285D
:10A1600032604C5F2C070D53481807000002002492
:10A1700003A1020A04DF000E001D0054401E011E50
:10A180001E401F0017160807161307040B0A0500C8
:10A190000F051A1913041C0D03011946762F3718E1
:10A1A000003F3C2F3C012F3CFD2FFD3C2E2E2E2E40
:10A1B000002E2E2E2E3130014968B90019001E499B
:10A1C0006861B0405258381137B9001EFFC0385985
:10A1D0000114070607373637232227353433320573
:10A1E0001407060737363723222735343332020A5D
:10A1F0005C2B410541013515036965FEE85C2B4187
:10A200000541013515036965047F4C5F2C070D532B
:10A210004817255A604C5F2C070D534817255A00E4
:10A2200000020024FF5202140090000E001D005492
:10A23000401F011E1E401F00161307040B0A0500D5
:10A240000F051A191C0D130417160803070101192D
:10A2500046762F3718003F173C2F3C2F3C012F3CF0
:10A26000FD2FFD3C2E2E2E2E003130014968B90005
:10A2700019001E496861B0405258381137B9001EA4
:10A28000FFC03859251407060737363723222735EC
:10A29000343332051407060737363723222735347F
:10A2A000333202145C2B410541013515036965FE0B
:10A2B000DE5C2B410541013515036965304C5F2C8F
:10A2C000070D534817255A604C5F2C070D5348174C
:10A2D000255A00010024FF0B02DF04C0001B0067A9
:10A2E000402A011C1C401D00161512110E0D0C09F0
:10A2F0000800130B041B1A0403030E0D03030206CC
:10A300001B1110030016150908010E46762F371889
:10A31000002F3C2F3C2F173CFD173C012F173CFD15
:10A320003C2E2E2E2E2E2E2E2E2E2E00313001497A
:10A3300068B9000E001C496861B0405258381137A6
:10A34000B9001CFFC038590106072311141716174E
:10A3500023363F01112136373335272627330607A9
:10A36000061D0102DF4A02CC05061ED31E0704FEAD
:10A37000DE3D0FD604071ED31E060503B92F32FC9F
:10A380005F4915193536245203A1233E5B5323360A
:10A39000351915495B0000010024FF0B02DF04C0E2
:10A3A00000250082403B012626402700211B1A176A
:10A3B000161312110E0D0C090800180B0425242089
:10A3C0001F0405032511100300060E0D03030224CC
:10A3D000231303120621201603151B1A0908010E68
:10A3E00046762F3718002F3C2F3C2F173CFD173C8B
:10A3F0002F173CFD173C012F173CFD3C2E2E2E2E17
:10A400002E2E2E2E2E2E2E2E2E2E0031300149686D
:10A41000B9000E0026496861B0405258381137B96A
:10A420000026FFC0385925060723151417161723D1
:10A43000363F01352136373311213637333527265C
:10A4400027330607061D01210607231102DF4A02F2
:10A45000CC05061ED31E0704FEDE3D0FD6FEDE3DF4
:10A460000FD604071ED31E060501184A02CC672F1B
:10A47000324F491519353624524F233E02F1233EFF
:10A480005B532336351915495B2F32FD0F00000150
:10A49000002401D102A60421000E0036400E010F57
:10A4A0000F4010000005070B03010746762F3718F1
:10A4B000002F2F012FFD003130014968B90007003E
:10A4C0000F496861B0405258381137B9000FFFC0CA
:10A4D00038590114062322272635343736333217EC
:10A4E0001602A6BB87875B5E615B86875B5E02FAAE
:10A4F00086A35053868453504F5200030024FFF12B
:10A5000003DF009E000D00190027004940190128B3
:10A51000284029000605000E05141A052024160AF5
:10A520001E120401012046762F3718003F3C3C2FB5
:10A530003C3C012FFD2FFD2FFD003130014968B952
:10A5400000200028496861B0405258381137B900DE
:10A5500028FFC038592514070623223534373633EF
:10A560003217160514070623223534333217160521
:10A570001407062322353437363332171603DF2506
:10A58000202A6F24202B2B2024FE9025212A6E6E5A
:10A590002B2025FE9325202A6F24202B2B202448B6
:10A5A0002819165729181515182928191657561538
:10A5B00018292819165729181515180000070024FE
:10A5C000FFF106E004D1000B00170029003500451B
:10A5D0000053006300AA404E0164644065002725D3
:10A5E000241E18191829181B0821202021191829A0
:10A5F000181B082221212206043E4E04125C04305E
:10A600003604000C044654042A604207030F075026
:10A61000330907583A4A07151E1D01291803150367
:10A620002D0301011E46762F3718003F3C3F3F3C6B
:10A630003F3C10FD2F3CFD3C2FFD10FD3C012FFD4C
:10A640002FFD2FFD2FFD2FFD2FFD872E0EC40EFC9D
:10A6500008C40EC4872E0EC40EFC08C40EC4012EFE
:10A660002E2E2E2E003130014968B9001E0064499B
:10A670006861B0405258381137B90064FFC038598A
:10A6800001140623222635343633321601140623EC
:10A6900022263534363332162501060706072336BF
:10A6A0003F0101363D012F013433011406232226D8
:10A6B000353436333216053427262322070615147F
:10A6C000171633323736013427262322070615148E
:10A6D000333237360134272623220706151417167E
:10A6E0003332373606E09E7E7E9C9F7B7F9DFBA2A9
:10A6F0009D7E7F9C9E7D7F9C01C5FD042E10210EBA
:10A70000BA4A373D02195D100D3201119E7E7E9CC2
:10A710009F7B7F9D01DA21274C4B272120274C4A24
:10A720002822FBA221274B4B2721934B272101FCF9
:10A7300021274C4B272120274C4A282201007C93BB
:10A74000927D7B959202437C92907E7C94928EFBCC
:10A75000EA3F19342C3C485002E07F36051A1E2887
:10A76000FC337C93927D7B95927E513641423650EC
:10A7700051364242380310503642423650C84236B3
:10A78000FD8F513641423650513642423800000169
:10A790000024FFEC026B02BE000A003B4011010BDB
:10A7A0000B400C0009070400070201010104467672
:10A7B0002F3718003F3F012E2E2E2E003130014939
:10A7C00068B90004000B496861B04052583811372D
:10A7D000B9000BFFC038592507262F01243F01027D
:10A7E0000716026BAE2EA0CB012B3FC457BCF3164D
:10A7F0002A776D8A5FEA1BFEFB5EB200000100242F
:10A80000FFF3026B02C3000A003B4011010B0B4037
:10A810000C000705030008020301010746762F37E5
:10A8200018003F3F012E2E2E2E003130014968B90D
:10A830000007000B496861B0405258381137B90021
:10A840000BFFC0385901040F01123726273716179E
:10A85000026BFED53FC357BCF439AE2DA101565E45
:10A86000EA1B01075CB29328756E00020024028C7B
:10A87000045504860024004300BC40580144444071
:10A8800045003E3B3A2D292213120D3E363532311A
:10A89000251F17161210070600222122230B0E0D6A
:10A8A0000D0E12130B13142222232121220B0A094D
:10A8B000040302041A190414132F2E04340006068C
:10A8C0002E030743252421042041321716070605CD
:10A8D00031013E46762F3718002F173C2F2F173C9B
:10A8E000FD3C10FD012FFD3C2F3CFD3C2F3C3CFD71
:10A8F0003C3C872E08C408FC0EC4872E0EC40EFCF8
:10A9000008C4012E2E2E2E2E2E2E2E2E2E2E2E2E24
:10A910002E002E2E2E2E2E2E2E2E2E313001496858
:10A92000B9003E0044496861B0405258381137B907
:10A930000044FFC0385901061D0113141723363F88
:10A940000111342707061514172715141723363558
:10A950001127262726273733173F010507060F0142
:10A960002627262B0111141723363F0111342726E1
:10A970002723220F01373635163304552701186077
:10A9800014020104961801BE3C74171C0E0E060F2B
:10A990001D5CB59621FE0E1E1009071C0E14232304
:10A9A00014660F0302130306532A193E2A12214983
:10A9B000044F101605FEA72D11101E100127140EAE
:10A9C000BE1E170503DBF8353A29210143120307A0
:10A9D000030E04DBBE1F02160C1B2121090DFEA66F
:10A9E000241A130D1E0125220E02030C28421C38C6
:10A9F0003B000001002401CA02DF022B00050039E0
:10AA0000400F010606400700030005000302010392
:10AA100046762F3718002F3C2F3C012E2E00313068
:10AA2000014968B900030006496861B040525838CE
:10AA30001137B90006FFC038590106072136370221
:10AA4000DF4A02FD913D0F022B2F32233E00000111
:10AA5000002401B200F2024E000B0036400E010C41
:10AA60000C400D000605000802010646762F371837
:10AA7000002F2F012FFD003130014968B900060079
:10AA80000C496861B0405258381137B9000CFFC00A
:10AA90003859131423222726353433321716F26718
:10AAA00029211D67281D2202004E1517224E13165C
:10AAB0000001007801CF017704A70015005840205D
:10AAC000011616401700111009080706050E0905A2
:10AAD000040100030414111003130E0100010946C0
:10AAE000762F3718002F3C2F012F173CFD2E2E2ECE
:10AAF0002E2E2E002E2E2E2E2E2E2E313001496877
:10AB0000B900090016496861B0405258381137B988
:10AB10000016FFC038590123363F011123272307B0
:10AB20003736373637060735161511140177B81C36
:10AB3000050304190D411A0C4B4F1C03020201CFEF
:10AB400020153101EC03071407282A1D0D03010C01
:10AB50003CFDCA24000100E001C50316048A002759
:10AB6000005B4022012828402900171514002314F7
:10AB7000120302001705210904210C071D242307D5
:10AB8000011D02010246762F3718002F2F2FFD3CA2
:10AB900010FD012FFD10FD2E2E2E2E2E2E002E2EFE
:10ABA0002E2E3130014968B900020028496861B091
:10ABB000405258381137B90028FFC03859010705ED
:10ABC0003532373637363534262322070617061531
:10ABD0001417270F0134373637363332171615144A
:10ABE0000533323736031641FE0B075C4823B85550
:10ABF00049131B22061011333822131722557255A0
:10AC00003842FEB1D637290B02619A021D503F210E
:10AC1000AF6F495B0A0D10202A2C2D0603082B3A32
:10AC2000461A40252B51D1FD1505000100D001BA6F
:10AC300002D40488002E005D4023012F2F403000F5
:10AC400021201F092D231F1D120A090710040016B9
:10AC500004290C07041A07252504010746762F3717
:10AC600018002F2F10FD10FD012FFD2FFD2E2E2E71
:10AC70002E2E2E2E2E002E2E2E2E3130014968B96A
:10AC80000007002F496861B0405258381137B900A9
:10AC90002FFFC038590114070623222F013637151C
:10ACA00014333237363534273637363534272623B2
:10ACB00022061514172723222736333217161514A8
:10ACC0000706071602D44F47636057545C534E2C57
:10ACD0002635F27F1B4B2F29391F3A03400E0828D7
:10ACE00053B5493E4C411237A10289603A35273F9E
:10ACF0000A33244F212E50AB1C210E273F37201C36
:10AD0000381F0A090A058B1E2540512E0D165000CA
:10AD1000000100EF01C70353048A002C0077403282
:10AD2000012D2D402E00281716282521201F17162B
:10AD3000140D0C0B0807000A042C2B0303021B0440
:10AD4000112C201F0300070C02011908070D020136
:10AD50000D46762F3718003F2F3C2F2F3C3CFD1718
:10AD60003C012FFD2F173CFD2E2E2E2E2E2E2E2E8B
:10AD70002E2E2E2E2E2E002E2E2E3130014968B969
:10AD8000000D002D496861B0405258381137B900A4
:10AD90002DFFC03859010723151417141723363F08
:10ADA00001352136373635342F013637073633161D
:10ADB0001514070607333534272627363F010706C3
:10ADC0001D01035336560323BB200404FE953A139A
:10ADD000391B58110803363F3E04192CD81E0C2489
:10ADE000472665031402F643A10C0C0F24201631EC
:10ADF000854623655D371B280F0401202486181320
:10AE0000744B871B190A1C0A1443314022AF0000FF
:10AE1000000000000000007E0000007E0000007EB8
:10AE20000000007E00000146000001CC0000038EFF
:10AE3000000005A20000071400000856000008BA30
:10AE400000000934000009AE00000ACE00000B5AD1
:10AE500000000BD000000C2C00000C8600000D0E32
:10AE600000000E7C00000F2C0000100E00001100EE
:10AE700000001208000012F4000013EA0000149011
:10AE80000000158E0000167E000016FE00001798C8
:10AE90000000180400001886000018F200001A02D2
:10AEA00000001B5C00001C5E00001DA400001E5A78
:10AEB00000001F2400002044000021160000224A48
:10AEC0000000233A000023C80000244C000025683D
:10AED0000000260A0000272000002812000028C6D3
:10AEE0000000299E00002AAA00002BBC00002CB202
:10AEF00000002D8200002E8E00002F5C000030B07C
:10AF00000000318A000032680000336E000033EE2A
:10AF10000000348C0000350E000035AC0000360413
:10AF2000000036720000375A0000384C0000390229
:10AF3000000039F800003ACC00003BB400003CC0EF
:10AF400000003D9800003E4200003EE000003FCA85
:10AF50000000405A0000418400004252000042FEBE
:10AF6000000043F6000044E6000045C0000046949F
:10AF700000004778000048600000490800004A408F
:10AF800000004B3A00004C4E00004D2C00004DDA02
:10AF900000004E3000004EDE00004F6A00005038C6
:10AFA0000000516600005292000053D0000055325C
:10AFB000000055AC000056DE0000575A0000587AD9
:10AFC0000000596000005A0000005A6A00005BCC83
:10AFD00000005C6A00005D1A00005DF000005EDCAD
:10AFE00000005F500000605E000061780000622099
:10AFF000000062C40000635C000063FC000065BAEE
:10B000000000674C0000694C00006A6000006B9A09
:10B0100000006CD200006E3400006F84000070C825
:10B0200000007220000073CE000074DE000076384D
:10B03000000077940000791800007A7E00007B46BB
:10B0400000007C1200007D0200007DD600007EF82A
:10B050000000803E00008126000082160000832E42
:10B060000000843600008530000086120000874210
:10B0700000008882000089CA00008B3A00008C8C96
:10B0800000008D9C00008E8400008F96000090BC14
:10B09000000091DE0000932800009462000095906B
:10B0A00000009678000097F60000991400009A209E
:10B0B00000009B2E00009C6200009D7C00009E38DA
:10B0C00000009EF800009FE00000A0AC0000A1EE90
:10B0D0000000A30E0000A3F40000A4DC0000A5E81B
:10B0E0000000A6E40000A7D60000A8760000A996FC
:10B0F0000000AAB20000ABD80000AD240000AE52A0
:10B100000000AFA00000B09E0000B1F80000B380C6
:10B110000000B4A00000B5FC0000B7360000B8582D
:10B120000000B94A0000B9BA0000BA120000BA9E85
:10B130000000BAF40000BB4A0000BBC20000BC38EB
:10B140000000BCAE0000BD680000BE1C0000BECE0A
:10B150000000BF920000C08A0000C0F60000C1B825
:10B160000000C38A0000C3F80000C4660000C5EEFA
:10B170000000C64A0000C6AC0000C6AC0000C6AC69
:10B180000000C6AC0000C6AC0000C6AC0000C6ACF7
:10B190000000C6AC0000C6AC0000C6AC0000C75042
:10B1A0000000C8260000C90C0000CA0A0000CA0A34
:10B1B0000000CA0A0000CA0A0000CA0A0000CA0A3F
:10B1C0000400008000000000025000000250000057
:10B1D000018B0024016700240328002403EB0024D2
:10B1E00004A100240430002400CB002401AE00247C
:10B1F00001AE0024025C002402F4002201150024A8
:10B200000302002401150024044F002404690024D3
:10B2100001EF002403F6002403A4002404420024C8
:10B2200003BD0024038B00240444002403AC002449
:10B23000038B00240115002401150024028E002434
:10B2400003020024028E0024031F002405B30024FF
:10B2500005CE002404120024057D002404D9002416
:10B2600003A5002403740024057D0024053900246F
:10B270000223002401F2FFE705BF0024040B002491
:10B2800006B90024052C002405C5002403B40024BD
:10B2900006A000240488002403EB002405C1002438
:10B2A00004E7002405A9002407C30024055E002448
:10B2B000051C002405990024025E002403CC002410
:10B2C00002600024028E00240573002401CF0024B4
:10B2D00002F5002403D7002402F1002403B0002467
:10B2E00003280024029A002403C1002403660024DA
:10B2F00001B10024019FFFBF034A002401CB0024B9
:10B3000004DF002403420024032F001003B00024B4
:10B310000373002402C7002402C10024028D00240C
:10B32000031D002E0364002404CA002403AEFFBFE3
:10B33000036A0024039D00240206002400E3002485
:10B340000207002403060024018B002402F10024DC
:10B350000377002403820024051C002400E300245A
:10B3600002E600240236002404300024026F002488
:10B37000040B00240527002404300024019000243D
:10B38000030F002402CB004B027D003C01CF0024C0
:10B39000034200240469002401D8001D018C0050E0
:10B3A00001E50024040B002405DA002E05CD003051
:10B3B00006B10031031F002405CE002405CE002471
:10B3C00005CE002405CE002405CE002405CE0024A1
:10B3D000075D0024057D002403A5002403A50024A7
:10B3E00003A5002403A50024022C0024022C002421
:10B3F000028E0024025F002405B90024052C0024DD
:10B4000005C5002405C5002405C5002405C5002484
:10B4100005C50024021B002405C5002404E7002400
:10B4200004E7002404E7002404E70024051C0024AA
:10B430000410002404150022031E0024031E00240F
:10B44000031E002403260024031E0024031E0024E0
:10B45000050A002402F10024032800240328002404
:10B46000032800240328002401CF002401CF002456
:10B47000028E00240236002403D700240342002455
:10B4800003520024035200240352002403520024D8
:10B4900003520024033E002403540024030F00241D
:10B4A000030F0024030F0024030F0024036A002469
:10B4B00003A20024036A002406F60024058B00245E
:10B4C00003EB002402C10024051C002403C4002453
:10B4D0000259002403D800240306002402E40024B7
:10B4E000044C00240115002401150024011500243A
:10B4F000022D0024022D0024023700240302002420
:10B500000302002402C900240402002407030024CB
:10B51000028E0024028E00240479002403020024F9
:10B5200001150024025000000250000002500000EB
:10B5300002500000025000000250000005D400003C
:10B5400005D4000005D40000018C0078032B00E036
:10B5500002EA00D0036800EF05D4000005D4000023
:10B5600005D4000005D4000005D40000000200004E
:10B5700000000000FF7B001400000000000000003D
:10B5800000000000000000000000000000EB0000D0
:10B590000001000200030004000500060007000887
:10B5A0000009000A000B000C000D000E000F001037
:10B5B00000110012001300140015001600170018E7
:10B5C0000019001A001B001C001D001E001F002097
:10B5D0000021002200230024002500260027002847
:10B5E0000029002A002B002C002D002E002F0030F7
:10B5F00000310032003300340035003600370038A7
:10B600000039003A003B003C003D003E003F004056
:10B610000041004200430044004500460047004806
:10B620000049004A004B004C004D004E004F0050B6
:10B630000051005200530054005500560057005866
:10B640000059005A005B005C005D005E005F006016
:10B65000006100A30084008500BD009600E800861C
:10B66000008E008B009D00A900A4008A0083009337
:10B6700000F200F3008D0102008800DE00F1009E60
:10B6800000AA00F500F400F600A200AD00C900C752
:10B6900000AE006200630090006400CB006500C84B
:10B6A00000CA00CF00CC00CD00CE00E9006600D378
:10B6B00000D000D100AF006700F0009100D600D4A8
:10B6C00000D5006800EB00ED0089006A0069006B9E
:10B6D000006D006C006E00A0006F007100700072C1
:10B6E0000073007500740076007700EA0078007A35
:10B6F0000079007B007D007C00B800A1007F007E07
:10B700000080008100EC00EE00BA00B000B100E45F
:10B7100000E500BB00A600D800DA00D900B200B3F3
:10B7200000B600B700C400B400B500C5008200C276
:10B73000008700AB00C600BE00BF008C00EF00C356
:10B7400000000000010301040105010601070108D2
:10B750000109010A010B010C010D010E010F00ACE2
:10B7600001100111036D753108676C797068323111
:10B770003708676C79706832313805636833333164
:10B7800005636833333207676C7970683938076747
:10B790006C797068393908676C79706831303008B5
:10B7A000676C79706831313208676C797068313153
:10B7B0003308676C79706831313408676C79706868
:10B7C00031313508676C79706831323808676C79C7
:10B7D000706831323908676C7970683232370867BF
:10B7E0006C797068323238000000000300000000FD
:10B7F000000002DC000100000000001C000300014A
:10B80000000002DC000602C000000000015B000135
:10B810000000000000000000000000000000000127
:10B820000003000000000000000200000000000013
:10B830000000000000000000000000000000000008
:10B8400000000000000000000001000000000003F4
:10B8500000040005000600070008000900CA000BEC
:10B86000000C000D000E000F00100011001200135C
:10B87000001400150016001700180019001A001B0C
:10B88000001C001D001E001F0020002100220023BC
:10B89000002400250026002700280029002A002B6C
:10B8A000002C002D002E002F00300031003200331C
:10B8B000003400350036003700380039003A003BCC
:10B8C000003C003D003E003F00400041004200C9F6
:10B8D000004400450046004700480049004A004B2C
:10B8E000004C004D004E004F0050005100520053DC
:10B8F000005400550056005700580059005A005B8C
:10B90000005C005D005E005F006000610000000000
:10B910000000000000000000000000000000000027
:10B920000000000000000000000000000000000017
:10B930000000000000000000000000000000000007
:10B9400000000000000000000000000000000000F7
:10B950000062006300640000006600C300680065C8
:10B96000000A00CC006C00D400D5000000000000EC
:10B9700000C700CF00D000D80000007500D100CB78
:10B9800000CE00CD007900D200D30000007D000081
:10B990000043007300C400C600C500000000006939
:10B9A000000000000076000000000000000000C859
:10B9B0000000000000000000000000000000000087
:10B9C0000000000000000000000000000000000077
:10B9D00000840000006B0000000000000000000078
:10B9E000009600BE0078000000000000000000008B
:10B9F00000A40000000000000000000000000000A3
:10BA000000B600BF009D0067006A006D006E006F09
:10BA100000700071007200740077007A007B007C77
:10BA2000007E007F00800081008200830085008608
:10BA3000008700880089008A008B008C008D008EB2
:10BA4000008F009000910092009300940095009761
:10BA500000980099009A009B009C009E009F00A007
:10BA600000A100A200A300A500A600A700A800A9AD
:10BA700000AA00AB00AC00AD00AE00AF00B000B15A
:10BA800000B200B300B400B500B700B800B900BA06
:10BA900000BB00BC00BD00C000C100C200D600D782
:10BAA00000D900DA00DB00DC00DD00DE00DF00E0B2
:10BAB00000E100E200E300E400E500E600E700E862
:10BAC00000E900EA0004027A0000002C00200004D3
:10BAD000000C007E00FF015301610178019202C653
:10BAE00002C902DC03BC20102014201A201E2022D0
:10BAF00020262030203A212222122219FFFF0000A6
:10BB0000002000A0015201600178019202C602C922
:10BB100002DC03BC201020132018201C202020262B
:10BB200020302039212222122219FFFF00000000BC
:10BB30000000000000000000000000000000000005
:10BB400000000000000000000000000000000000F5
:10BB50000000000000000001002C00E801A601A880
:10BB600001AA01AA01AA01AA01AA01AA01AA01AA7D
:10BB700001AC01B001B401B801B801B801BA01BA11
:10BB800001BAFFFF000300040005000600070008DB
:10BB90000009000A000B000C000D000E000F001041
:10BBA00000110012001300140015001600170018F1
:10BBB0000019001A001B001C001D001E001F0020A1
:10BBC0000021002200230024002500260027002851
:10BBD0000029002A002B002C002D002E002F003001
:10BBE00000310032003300340035003600370038B1
:10BBF0000039003A003B003C003D003E003F004061
:10BC00000041004200430044004500460047004810
:10BC10000049004A004B004C004D004E004F0050C0
:10BC20000051005200530054005500560057005870
:10BC30000059005A005B005C005D005E005F006020
:10BC4000006100E800620063006400650066006750
:10BC500000680069006A006B006C006D00D7006E20
:10BC600000C5006F007000710072007300740075F1
:10BC700000D80076007700780079007A007B007C9D
:10BC8000007D007E007F00800081008200830084B0
:10BC900000850086008700880089008A008B008C60
:10BCA000008D008E008F0090009100920093009410
:10BCB00000950096009700980099009A009B009CC0
:10BCC000009D009E009F00A000A100A200A300A470
:10BCD00000A500A600A700A800A900AA00AB00AC20
:10BCE00000AD00AE00AF00B000B100B200B300B4D0
:10BCF00000B500B600B700B800B900BA00BB00BC80
:10BD000000BD00BE00BF00C000C100C200C300C42F
:10BD100000C500C60074001000C700C800C900CAF2
:10BD200000CB00CC00CD00CE00CF00D000D100D29F
:10BD300000D300D400D500D600D700D80000000002
:10BD400000000010000000F00909050003030202D2
:10BD500004040505010202030301030105050204B1
:10BD60000405040405040401010303030406070594
:10BD70000605040406060202060508060604070571
:10BD80000406060609060606030403030602030466
:10BD9000030404030404020204020504040404036B
:10BDA000030304040504040402010203020304045F
:10BDB0000601030205030506050203030302040549
:10BDC0000202020507070804070707070707080616
:10BDD000040404040202030306060606060606021D
:10BDE0000606060606060505040404040404060304
:10BDF000040404040202030204040404040404040A
:10BE000004030303030404040806040306040304F0
:10BE100003030501010102020203030305080303F2
:10BE200005030103030303030307070702040304D5
:10BE300007070707070000000A0A050003030202BC
:10BE400004050605010202030401040105060205BA
:10BE5000050505040505040101030403040707059E
:10BE60000706050407070302070508060705080675
:10BE7000050706070A07060703050303070204056B
:10BE80000405040305040202040206040405040375
:10BE90000303040406050405030103040204040467
:10BEA0000601040305030506050204030302040654
:10BEB0000202020507070804070707070707090723
:10BEC000050505050303030307060707070707031F
:10BED0000706060606060505040404040404060411
:10BEE0000404040402020303050404040404040417
:10BEF00004040404040405040907050306050305F6
:10BF000004040501010103030304040305090303F9
:10BF100006040103030303030307070702040404E1
:10BF200007070707070000000B0B060003030202C8
:10BF300004050606010202030401040106060305C6
:10BF400005060505060505010104040404080806A4
:10BF50000807050508070303080609070805090679
:10BF6000050807080B070708030503040702040573
:10BF7000040504040505020205020704040505047E
:10BF8000040404050705050503010304020405056F
:10BF9000070104030603060706020404030204065D
:10BFA00003020306080809040808080808080A0824
:10BFB0000505050503030403080708080808080326
:10BFC0000807070707070606040404040404070417
:10BFD0000404040402020403050405050505050420
:10BFE00005040404040505050A08050407050305FE
:10BFF000040406010101030303040404060A040403
:10C0000006040103030303030308080802040405EC
:10C0100008080808080000000C0C060003030202D0
:10C0200005060706010303040402050206070306CA
:10C0300005060605060605020204050405090906AB
:10C04000080705050808030309060A0809060A0780
:10C05000060907080C080808040604040803040677
:10C060000406050406050302050307050506050485
:10C07000040405050706050503010305020405057B
:10C080000801040306040608060205040403050764
:10C090000302030609090A050909090909090B0828
:10C0A000050505050303040409080909090909032D
:10C0B000090707070708060605050505050508041D
:10C0C0000505050503030403060505050505050526
:10C0D00005050505050505050A0806040806040604
:10C0E000050406020202030303050504060B04040B
:10C0F00007050203030303030309090902050405F5
:10C1000009090909090000000D0D070004040302D4
:10C1100005060807010303040502050207070306D5
:10C1200006070606070606020204050405090907B4
:10C13000090806060908030309070B0809060B0787
:10C14000060908090D09080904060404090305067F
:10C15000050605040606030305030805050606058E
:10C160000404050608060606030103050305060682
:10C17000080105040704070807030505040305076C
:10C18000030303070A090B050909090909090C0931
:10C190000606060604040404090809090909090336
:10C1A0000908080808080707050505050505080525
:10C1B0000505050503030404060505050505050534
:10C1C00005050505050606060B090604080604060E
:10C1D000050507020202040404050505070B040413
:10C1E00007050204040404040409090903050506FB
:10C1F00009090909090000000E0E070004040302E2
:10C2000006070807010303040502050208080307DF
:10C21000060707060706060202040504050A0A07C0
:10C220000A0806060A0904030A070C090A060C088C
:10C23000070A090A0E09090A040704040A03050784
:10C240000506060507060303060309060606060596
:10C25000050405060806060604020405030506068D
:10C260000902050407040709070305050403060876
:10C27000030303070A0A0C050A0A0A0A0A0A0D0A36
:10C2800006060606040404040A090A0A0A0A0A043D
:10C290000A0909090909070705050506050509052C
:10C2A0000606060603030404070606060606060637
:10C2B00006050505050606060C0A07050907040715
:10C2C000050508020202040404050505070C040420
:10C2D0000805020404040404040A0A0A0306050605
:10C2E0000A0A0A0A0A0000000F0F080004040303E8
:10C2F00006070908010303040602060208080407EA
:10C30000070807070807070202050605060B0B08C2
:10C310000A0907060A0A04040B080D0A0B070C0891
:10C32000070B090B0F0A0A0A040704050A0306078C
:10C3300006070605070603030603090606070605A2
:10C340000505060609070607040204060306060794
:10C350000A0205040805080A08030605050306087D
:10C36000030304080B0B0D060B0B0B0B0B0B0E0A38
:10C3700007070707040405040B0A0B0B0B0B0B0440
:10C380000B090909090A0808060606060606090631
:10C390000606060603030504070606060606060645
:10C3A00006060606060607060D0A07050A0704071D
:10C3B000060508020202040404060605080D050528
:10C3C0000806020404040404040B0B0B0306050610
:10C3D0000B0B0B0B0B0000001010080005050303EE
:10C3E00006080908020303050602060209090408F3
:10C3F000070907070907070202050605060B0C08CF
:10C400000B0A07070B0A04040B080D0A0C070D0999
:10C41000080C0A0B100B0A0B050805050B0406088F
:10C42000060706050807030307040A0706070706A9
:10C43000060506070A07070704020406030607079E
:10C440000A0206040805080A080306060504070987
:10C45000040304080C0C0D060C0C0C0C0C0C0F0B3C
:10C4600007070707040405050B0A0C0C0C0C0C0449
:10C470000C0A0A0A0A0A08080606060606060A063A
:10C48000060606060404050408070707070707064B
:10C4900007060606060707070E0B08060A08050822
:10C4A000060609020202040404060606080E050533
:10C4B0000906020505050505050C0C0C0306060713
:10C4C0000C0C0C0C0C0000001110090005050303F6
:10C4D00007080A09020404050602060209090408FD
:10C4E000080908080908080202050605070C0C09D6
:10C4F0000C0A08070C0B05040C090E0B0C080E0A9D
:10C50000080C0A0C100B0B0C050805050C0406089A
:10C51000060807060807040307040A0707080706B2
:10C52000060507070A0807080402040603060707AA
:10C530000B0206050905090B090306060504070990
:10C54000040304090C0C0E070C0C0C0C0C0C100C46
:10C5500008080808050505050C0B0C0C0C0C0C0450
:10C560000C0A0A0A0A0B09090707070707070B063F
:10C570000707070704040505080707070707070754
:10C5800007060606060708070F0C08060B0805082D
:10C59000060609020202050505060606090F05053D
:10C5A0000A06020505050505050C0C0C0307060720
:10C5B0000C0C0C0C0C000000121109000505030303
:10C5C00007090A0902040405070207020A0A040906
:10C5D000080A08080A08080202060706070D0D09DE
:10C5E0000C0B08080C0C05040D090F0C0D080F0AA4
:10C5F000090D0B0D110C0B0D050905060C0407099F
:10C60000070807060808040407040B0707080806BC
:10C61000060607080B0808080502050703070808AF
:10C620000B0207050905090C090407060604070A99
:10C63000040304090D0D0F070D0D0D0D0D0D110C4B
:10C6400008080808050506050D0C0D0D0D0D0D0556
:10C650000D0B0B0B0B0B09090707070707070B0748
:10C660000707070704040605090707070707070761
:10C670000707070707080808100C09060B08050933
:10C6800007070A0202020505050707060910060644
:10C690000A07020505050505050D0D0D0307070829
:10C6A0000D0D0D0D0D00000013120A000505040309
:10C6B00007090B0A02040406070307030A0A05090F
:10C6C000090A09080A09080303060706070E0E0AE5
:10C6D0000D0C09080D0C05050E0A100C0E09100BA7
:10C6E000090E0C0D120D0C0D060906060D040709A6
:10C6F000070907060908040408040C0808090807C4
:10C70000070607080B0908090502050704070808BA
:10C710000C0207050A060A0C0A0407070604080AA1
:10C720000404040A0E0E10070E0E0E0E0E0E110D4E
:10C7300009090909050506060E0C0E0E0E0E0E055A
:10C740000E0C0C0C0C0C0A0A0707070707070C074E
:10C750000707070704040605090808080808080869
:10C760000807070707080908110D09070C0906093A
:10C7700007070A0303030505050707070A1106064D
:10C780000B07030505050505050E0E0E0408070831
:10C790000E0E0E0E0E00000014130A00060604040E
:10C7A000080A0C0A02040406070308030B0B050A17
:10C7B000090B09090B09090303060806080E0F0AED
:10C7C0000E0C09090E0D05050E0A110D0E09110BAF
:10C7D0000A0E0C0E130D0D0E060906060E05070AAD
:10C7E000070908070908040408040C0808090907D0
:10C7F000070608080C0909090502050804070909C4
:10C800000D0207060A060A0D0A0408070605080BAA
:10C810000504050A0F0F11080F0F0F0F0F0F120E4F
:10C8200009090909050506060E0D0E0E0E0E0E0568
:10C830000E0C0C0C0C0D0A0A0808080808080D0755
:10C8400008080808050506060A0808080808080870
:10C850000808080808090909110E0A070D09060A3F
:10C8600008070B0303030505060808070A12060656
:10C870000B08030606060606060F0F0F0408070935
:10C880000F0F0F0F0F00000015140B000606040415
:10C89000080A0C0B02040406080308030B0C050A23
:10C8A0000A0B0A090B0A090303070807080F0F0BF5
:10C8B0000E0D0A090E0E06050F0B120E0F0A110CB3
:10C8C0000A0F0D0F140E0D0F060A06070E05080AB3
:10C8D000080A08070A09040409050D09080A0907D6
:10C8E000070708090D0A09090502050804080909CE
:10C8F0000D0208060B060B0E0B0408070705090CB2
:10C900000504050B0F0F12080F0F0F0F0F0F130E5B
:10C910000A0A0A0A060607060F0E0F0F0F0F0F0668
:10C920000F0D0D0D0D0D0B0B0808080808080D085C
:10C9300008080808050507060A0909090909090977
:10C940000908080808090A09120F0A070D0A060A49
:10C9500008080B0303030606060808070B1207075F
:10C960000C08030606060606060F0F0F0408080942
:10C970000F0F0F0F0F00000016150B000606040422
:10C98000090B0D0C02050506080308030C0C050B2A
:10C990000A0C0A0A0C0A0A03030708070910100BFD
:10C9A0000F0D0A090F0E0605100B120E100A120CBD
:10C9B0000B100D10150F0E0F070A07070F05080BB8
:10C9C000080A09070A09050409050D09090A0908E1
:10C9D000080709090D0A090A0602060804080A0AD6
:10C9E0000E0208060C070B0E0C0408080705090CBC
:10C9F0000504050B10101209101010101010140F60
:10CA00000A0A0A0A06060707100E10101010100670
:10CA1000100D0D0D0D0E0B0B0909090909090E0862
:10CA200009090909050507060B0909090909090981
:10CA30000908080808090A09130F0B080E0A060B53
:10CA400008080C0303030606060808080B1307076B
:10CA50000C0803060606060606101010040908094D
:10CA6000101010101000000017160C000707040427
:10CA7000090B0D0C02050507080309030C0D060B35
:10CA80000A0C0B0A0C0B0A03030709070910110C07
:10CA9000100E0A0A100F0606110C130F110B130DBE
:10CAA0000B110E10160F0F10070B07071005090BBF
:10CAB000080B09070B0A050509050E09090B0A08E9
:10CAC0000807090A0E0B0A0A0603060904080A0ADF
:10CAD0000F0308060C070C0F0C0409080705090DC5
:10CAE0000504050C11111309111111111111151063
:10CAF0000A0A0A0A06060707100F1111111111067A
:10CB0000110E0E0E0E0F0C0C0909090909090E0869
:10CB100009090909050507060B090A0A0A0A0A098B
:10CB20000A090909090A0A0A14100B080F0B070B56
:10CB300009080C0303030606060909080C14070775
:10CB40000D09030707070707071111110409080A50
:10CB5000111111111100000018170C00070705042E
:10CB6000090C0E0D02050507090309030D0D060C3E
:10CB70000B0D0B0B0D0B0B03030809080911110C0E
:10CB8000100F0B0A10100606110C1410110B140EC6
:10CB90000C110F1117100F11070B07081005090CC6
:10CBA000090B09080B0A05050A050F0A0A0B0A08F2
:10CBB0000808090A0E0B0A0B0603060905090A0BE9
:10CBC0000F0309070D070C0F0D05090807050A0DCE
:10CBD0000605060C1211140911111111111116106C
:10CBE0000B0B0B0B07070807111011111111110680
:10CBF000110F0F0F0F0F0C0C0909090909090F0973
:10CC000009090909050508070C0A0A0A0A0A0A0A95
:10CC10000A090909090A0B0A15110C080F0B070C60
:10CC200009090D0303030707070909080C1508087C
:10CC30000D0903070707070707111111050A090A5C
:10CC40001111111111000000000102BE0190000538
:10CC50000002059A053300000125059A05330000FE
:10CC600003A00066021200000000040000000000A3
:10CC700000000000000300000000000000000000B1
:10CC8000000046494C4200400020221905E3FE42C4
:10CC9000000005E301BE00000001000000000000EC
:10CCA000000100008000000001E802B00000600008
:10CCB00004CF027544756D626C65646F722031201B
:10CCC00020202020FFFFFFFF37FFFFFE44554D527D
:10CCD00030300000000000000001000000010000F2
:10CCE000CCC2C4945F0F3CF50000080000000000B7
:10CCF000B6ED2BAF00000000B6ED2BAFFFBFFE423C
:10CD000007A006650001000300020001000000000A
:10CD1000000100000665FE39000007C3FFBFFFC425
:10CD200007A000010000000000000000000000005B
:10CD3000000000EB0001000000EB006B00070000AA
:10CD40000000000200080040000A0000009E013FB1
:10CD500000010001000041086210C31804214529A8
:10CD60006631C7390842494AAA52AB5A0C634D6B27
:10CD70008E73CF7B1084518CB294F39C14A555AD67
:10CD800096B5D7BD38C679CEBAD6DBDE3CE75DEFC7
:10CD9000BEF7FFFF73746274745F5F6275665F73E2
:10CDA00065656B0073746274745F5F6275665F675C
:10CDB0006574000073746274745F5F6E65775F62A0
:10CDC0007566000073746274745F5F6366665F67A4
:10CDD00065745F696E646578000000007374627446
:10CDE000745F5F6366665F696E740000737462747B
:10CDF000745F5F6366665F736B69705F6F706572A7
:10CE0000616E640073746274745F5F6366665F6909
:10CE10006E6465785F676574000000007374627407
:10CE2000745F46696E64476C797068496E646578B2
:10CE30000000000073746274745F5F476574476C30
:10CE400079664F66667365740000000073746274DF
:10CE5000745F5F476574476C79706853686170658B
:10CE60005454000073746274745F5F476574476C58
:10CE7000797068536861706554320000737462742D
:10CE8000745F5F6E65775F6163746976650000004B
:10CE900073746274745F5F68616E646C655F636C09
:10CEA00069707065645F65646765000073746274BF
:10CEB000745F5F73697A65645F74726170657A6FBD
:10CEC00069645F617265610073746274745F5F6648
:10CED000696C6C5F6163746976655F6564676573CF
:10CEE0005F6E65770000000073746274745F5F7238
:10CEF0006173746572697A655F736F727465645F7C
:10CF000065646765730000001F1C1F1E1F1E1F1F26
:10CF10001E1F1E1FCF0300C130ED0464031281E801
:10CF20000385107ACB05392C003402F70120EA0280
:10CF30000000C0011BC10101C5023030C701B73676
:10CF400001483A0155B6020AA2F20100260101E0A9
:10CF50000F0F2A28080E0854A9430A0F00000000EA
:10CF6000E10F0015170711062B563C05100F3F3F28
:10CF70000F2B040000013F2A04000000EF11782964
:10CF800000B102011200000068E8A828084888C81B
:10CF9000C700000056020000E50300007305000012
:10CFA000000700008C080000160A00009F0B00001C
:10CFB000270D0000AC0E00002F100000B011000083
:10CFC0002D130000A8140000201600009417000084
:10CFD00005190000711A0000DA1B00003F1D000057
:10CFE0009E1E0000FA1F000050210000A122000038
:10CFF000ED2300003325000073260000AE2700005B
:10D00000E2280000102A0000382B0000592C0000F4
:10D01000732D0000862E0000922F00009730000034
:10D020009431000089320000773300005D34000045
:10D030003A35000010360000DD360000A137000050
:10D040005D38000011390000BB3900005D3A000076
:10D05000F63A0000853B00000C3C0000893C0000D3
:10D06000FD3C0000673D0000C83D0000203E000080
:10D070006D3E0000B23E0000EC3E00001D3F00008F
:10D08000443F0000613F0000753F00007F3F00000B
:10D090007F3F0000753F0000613F0000443F0000FB
:10D0A0001D3F0000EC3E0000B23E00006D3E00005F
:10D0B000203E0000C83D0000673D0000FD3C000030
:10D0C000893C00000C3C0000853B0000F63A000063
:10D0D0005D3A0000BB390000113900005D380000E6
:10D0E000A1370000DD360000103600003A350000A0
:10D0F0005D34000077330000893200009431000075
:10D1000097300000922F0000862E0000732D000043
:10D11000592C0000382B0000102A0000E2280000E3
:10D12000AE2700007326000033250000ED23000029
:10D13000A122000050210000FA1F00009E1E0000E6
:10D140003F1D0000DA1B0000711A000005190000E5
:10D150009417000020160000A81400002D130000F2
:10D16000B01100002F100000AC0E0000270D0000D1
:10D170009F0B0000160A00008C080000000700004A
:10D1800073050000E503000056020000C700000020
:10D1900039FFFFFFAAFDFFFF1BFCFFFF8DFAFFFF1A
:10D1A00000F9FFFF74F7FFFFEAF5FFFF61F4FFFFEF
:10D1B000D9F2FFFF54F1FFFFD1EFFFFF50EEFFFF69
:10D1C000D3ECFFFF58EBFFFFE0E9FFFF6CE8FFFF48
:10D1D000FBE6FFFF8FE5FFFF26E4FFFFC1E2FFFF55
:10D1E00062E1FFFF06E0FFFFB0DEFFFF5FDDFFFF54
:10D1F00013DCFFFFCDDAFFFF8DD9FFFF52D8FFFF11
:10D200001ED7FFFFF0D5FFFFC8D4FFFFA7D3FFFF56
:10D210008DD2FFFF7AD1FFFF6ED0FFFF69CFFFFFF6
:10D220006CCEFFFF77CDFFFF89CCFFFFA3CBFFFFC5
:10D23000C6CAFFFFF0C9FFFF23C9FFFF5FC8FFFF9A
:10D24000A3C7FFFFEFC6FFFF45C6FFFFA3C5FFFF54
:10D250000AC5FFFF7BC4FFFFF4C3FFFF77C3FFFFD7
:10D2600003C3FFFF99C2FFFF38C2FFFFE0C1FFFF0A
:10D2700093C1FFFF4EC1FFFF14C1FFFFE3C0FFFFDB
:10D28000BCC0FFFF9FC0FFFF8BC0FFFF81C0FFFF3F
:10D2900081C0FFFF8BC0FFFF9FC0FFFFBCC0FFFF2F
:10D2A000E3C0FFFF14C1FFFF4EC1FFFF93C1FFFFAB
:10D2B000E0C1FFFF38C2FFFF99C2FFFF03C3FFFFBA
:10D2C00077C3FFFFF4C3FFFF7BC4FFFF0AC5FFFF67
:10D2D000A3C5FFFF45C6FFFFEFC6FFFFA3C7FFFFC4
:10D2E0005FC8FFFF23C9FFFFF0C9FFFFC6CAFFFFEA
:10D2F000A3CBFFFF89CCFFFF77CDFFFF6CCEFFFFF5
:10D3000069CFFFFF6ED0FFFF7AD1FFFF8DD2FFFF05
:10D31000A7D3FFFFC8D4FFFFF0D5FFFF1ED7FFFF45
:10D3200052D8FFFF8DD9FFFFCDDAFFFF13DCFFFFDF
:10D330005FDDFFFFB0DEFFFF06E0FFFF62E1FFFF02
:10D34000C1E2FFFF26E4FFFF8FE5FFFFFBE6FFFFE3
:10D350006CE8FFFFE0E9FFFF58EBFFFFD3ECFFFFB6
:10D3600050EEFFFFD1EFFFFF54F1FFFFD9F2FFFFB7
:10D3700061F4FFFFEAF5FFFF74F7FFFF00F9FFFF1D
:10D380008DFAFFFF1BFCFFFFAAFDFFFF39FFFFFF28
:10D39000C700000056020000E5030000730500000E
:10D3A000000700008C080000160A00009F0B000018
:10D3B000270D0000AC0E00002F100000B01100007F
:10D3C0002D130000A8140000201600009417000080
:10D3D00005190000711A0000DA1B00003F1D000053
:10D3E0009E1E0000FA1F000050210000A122000034
:10D3F000ED2300003325000073260000AE27000057
:10D40000E2280000102A0000382B0000592C0000F0
:10D41000732D0000862E0000922F00009730000030
:10D420009431000089320000773300005D34000041
:10D430003A35000010360000DD360000A13700004C
:10D440005D38000011390000BB3900005D3A000072
:10D45000F63A0000853B00000C3C0000893C0000CF
:10D46000FD3C0000673D0000C83D0000203E00007C
:10D470006D3E0000B23E0000EC3E00001D3F00008B
:10D48000443F0000613F0000753F00007F3F000007
:10D490007F3F0000753F0000613F0000443F0000F7
:10D4A0001D3F0000EC3E0000B23E00006D3E00005B
:10D4B000203E0000C83D0000673D0000FD3C00002C
:10D4C000893C00000C3C0000853B0000F63A00005F
:10D4D0005D3A0000BB390000113900005D380000E2
:10D4E000A1370000DD360000103600003A3500009C
:10D4F0005D34000077330000893200009431000071
:10D5000097300000922F0000862E0000732D00003F
:10D51000592C0000382B0000102A0000E2280000DF
:10D52000AE2700007326000033250000ED23000025
:10D53000A122000050210000FA1F00009E1E0000E2
:10D540003F1D0000DA1B0000711A000005190000E1
:10D550009417000020160000A81400002D130000EE
:10D56000B01100002F100000AC0E0000270D0000CD
:10D570009F0B0000160A00008C0800000007000046
:10D5800073050000E503000056020000C70000001C
:10D5900039FFFFFFAAFDFFFF1BFCFFFF8DFAFFFF16
:10D5A00000F9FFFF74F7FFFFEAF5FFFF61F4FFFFEB
:10D5B000D9F2FFFF54F1FFFFD1EFFFFF50EEFFFF65
:10D5C000D3ECFFFF58EBFFFFE0E9FFFF6CE8FFFF44
:10D5D000FBE6FFFF8FE5FFFF26E4FFFFC1E2FFFF51
:10D5E00062E1FFFF06E0FFFFB0DEFFFF5FDDFFFF50
:10D5F00013DCFFFFCDDAFFFF8DD9FFFF52D8FFFF0D
:10D600001ED7FFFFF0D5FFFFC8D4FFFFA7D3FFFF52
:10D610008DD2FFFF7AD1FFFF6ED0FFFF69CFFFFFF2
:10D620006CCEFFFF77CDFFFF89CCFFFFA3CBFFFFC1
:10D63000C6CAFFFFF0C9FFFF23C9FFFF5FC8FFFF96
:10D64000A3C7FFFFEFC6FFFF45C6FFFFA3C5FFFF50
:10D650000AC5FFFF7BC4FFFFF4C3FFFF77C3FFFFD3
:10D6600003C3FFFF99C2FFFF38C2FFFFE0C1FFFF06
:10D6700093C1FFFF4EC1FFFF14C1FFFFE3C0FFFFD7
:10D68000BCC0FFFF9FC0FFFF8BC0FFFF81C0FFFF3B
:10D6900081C0FFFF8BC0FFFF9FC0FFFFBCC0FFFF2B
:10D6A000E3C0FFFF14C1FFFF4EC1FFFF93C1FFFFA7
:10D6B000E0C1FFFF38C2FFFF99C2FFFF03C3FFFFB6
:10D6C00077C3FFFFF4C3FFFF7BC4FFFF0AC5FFFF63
:10D6D000A3C5FFFF45C6FFFFEFC6FFFFA3C7FFFFC0
:10D6E0005FC8FFFF23C9FFFFF0C9FFFFC6CAFFFFE6
:10D6F000A3CBFFFF89CCFFFF77CDFFFF6CCEFFFFF1
:10D7000069CFFFFF6ED0FFFF7AD1FFFF8DD2FFFF01
:10D71000A7D3FFFFC8D4FFFFF0D5FFFF1ED7FFFF41
:10D7200052D8FFFF8DD9FFFFCDDAFFFF13DCFFFFDB
:10D730005FDDFFFFB0DEFFFF06E0FFFF62E1FFFFFE
:10D74000C1E2FFFF26E4FFFF8FE5FFFFFBE6FFFFDF
:10D750006CE8FFFFE0E9FFFF58EBFFFFD3ECFFFFB2
:10D7600050EEFFFFD1EFFFFF54F1FFFFD9F2FFFFB3
:10D7700061F4FFFFEAF5FFFF74F7FFFF00F9FFFF19
:10D780008DFAFFFF1BFCFFFFAAFDFFFF39FFFFFF24
:10D790000000000000000000000000000000000089
:10D7A0000000000000000000000000000000000079
:10D7B0000000000000000000000000000000000069
:10D7C0000000000000000000000000000000000059
:10D7D0000000000000000000000000000000000049
:10D7E0000000000000000000000000000000000039
:10D7F0000000000000000000000000000000000029
:10D800000000000000000000000000000000000018
:10D810000000000000000000000000000000000008
:10D8200000000000000000000000000000000000F8
:10D8300000000000000000000000000000000000E8
:10D8400000000000000000000000000000000000D8
:10D8500000000000000000000000000000000000C8
:10D8600000000000000000000000000000000000B8
:10D8700000000000000000000000000000000000A8
:10D880000000000000000000000000000000000098
:10D890000000000000000000000000000000000088
:10D8A0000000000000000000000000000000000078
:10D8B0000000000000000000000000000000000068
:10D8C0000000000000000000000000000000000058
:10D8D0000000000000000000000000000000000048
:10D8E0000000000000000000000000000000000038
:10D8F0000000000000000000000000000000000028
:10D900000000000000000000000000000000000017
:10D910000000000000000000000000000000000007
:10D9200000000000000000000000000000000000F7
:10D9300000000000000000000000000000000000E7
:10D9400000000000000000000000000000000000D7
:10D9500000000000000000000000000000000000C7
:10D9600000000000000000000000000000000000B7
:10D9700000000000000000000000000000000000A7
:10D980000000000000000000000000000000000097
:10D990000000000000000000000000000000000087
:10D9A0000000000000000000000000000000000077
:10D9B0000000000000000000000000000000000067
:10D9C0000000000000000000000000000000000057
:10D9D0000101010101010101010101010101010137
:10D9E0000101010101010101010101010101010127
:10D9F0000101010101010101010101010101010117
:10DA00000101010101010101010101010101010106
:10DA1000FFFFFFFFFFFFFFFFFFFFFFFFFFFFFFFF16
:10DA2000FFFFFFFFFFFFFFFFFFFFFFFFFFFFFFFF06
:10DA3000FFFFFFFFFFFFFFFFFFFFFFFFFFFFFFFFF6
:10DA4000FFFFFFFFFFFFFFFFFFFFFFFFFFFFFFFFE6
:10DA500000000000000000000000000000000000C6
:10DA600000000000000000000000000000000000B6
:10DA700000000000000000000000000000000000A6
:10DA80000000000000000000000000000000000096
:10DA90000000000000000000000000000000000086
:10DAA0000000000000000000000000000000000076
:10DAB0000000000000000000000000010101010161
:10DAC0000101010101010101010101010101010146
:10DAD0000101010101010101010101010101010136
:10DAE000010101010101020202020202020202021C
:10DAF0000202020202020202020202020202020206
:10DB000002020202020202020202020202020202F5
:10DB1000FEFEFEFEFEFEFEFEFEFEFEFEFEFEFEFE25
:10DB2000FEFEFEFEFEFEFEFEFEFEFEFEFEFEFEFE15
:10DB3000FEFEFEFEFEFEFEFEFEFEFFFFFFFFFFFFFF
:10DB4000FFFFFFFFFFFFFFFFFFFFFFFFFFFFFFFFE5
:10DB5000FFFFFFFFFFFFFFFFFFFFFFFFFFFFFFFFD5
:10DB6000FFFFFFFFFF0000000000000000000000BA
:10DB700000000000000000000000000000000000A5
:10DB80000000000000000000000000000000000095
:10DB90000000000000000000000000000000000085
:10DBA0000000000000000000000000000000000075
:10DBB0000101010101010101010101010101010155
:10DBC0000101010101010101010101010101010145
:10DBD0000202020202020202020202020202020225
:10DBE0000202020202020202020202020202020215
:10DBF00003030303030303030303030303030303F5
:10DC000003030303030303030303030303030303E4
:10DC1000FDFDFDFDFDFDFDFDFDFDFDFDFDFDFDFD34
:10DC2000FDFDFDFDFDFDFDFDFDFDFDFDFDFDFDFD24
:10DC3000FEFEFEFEFEFEFEFEFEFEFEFEFEFEFEFE04
:10DC4000FEFEFEFEFEFEFEFEFEFEFEFEFEFEFEFEF4
:10DC5000FFFFFFFFFFFFFFFFFFFFFFFFFFFFFFFFD4
:10DC6000FFFFFFFFFFFFFFFFFFFFFFFFFFFFFFFFC4
:10DC700000000000000000000000000000000000A4
:10DC80000000000000000000000000000000000094
:10DC90000000000000000000000000000000000084
:10DCA000000000000000000000000101010101016E
:10DCB0000101010101010101010101010101010154
:10DCC0000101010102020202020202020202020238
:10DCD0000202020202020202020202020203030321
:10DCE0000303030303030303030303030303030304
:10DCF00003030303030303040404040404040404EB
:10DD000004040404040404040404040404040404D3
:10DD1000FCFCFCFCFCFCFCFCFCFCFCFCFCFCFCFC43
:10DD2000FCFCFCFCFCFCFCFCFCFDFDFDFDFDFDFD2C
:10DD3000FDFDFDFDFDFDFDFDFDFDFDFDFDFDFDFD13
:10DD4000FDFDFDFEFEFEFEFEFEFEFEFEFEFEFEFEF6
:10DD5000FEFEFEFEFEFEFEFEFEFEFEFEFFFFFFFFDF
:10DD6000FFFFFFFFFFFFFFFFFFFFFFFFFFFFFFFFC3
:10DD7000FFFFFFFFFFFF00000000000000000000A9
:10DD80000000000000000000000000000000000093
:10DD90000000000000000000000000000000000083
:10DDA0000000000000000101010101010101010169
:10DDB000010101010101010101010102020202024E
:10DDC0000202020202020202020202020202020233
:10DDD0000303030303030303030303030303030313
:10DDE00003030303030304040404040404040404F9
:10DDF00004040404040404040404040505050505DE
:10DE000005050505050505050505050505050505C2
:10DE1000FBFBFBFBFBFBFBFBFBFBFBFBFBFBFBFB52
:10DE2000FBFBFBFBFBFCFCFCFCFCFCFCFCFCFCFC37
:10DE3000FCFCFCFCFCFCFCFCFCFCFDFDFDFDFDFD1C
:10DE4000FDFDFDFDFDFDFDFDFDFDFDFDFDFDFDFD02
:10DE5000FEFEFEFEFEFEFEFEFEFEFEFEFEFEFEFEE2
:10DE6000FEFEFEFEFEFFFFFFFFFFFFFFFFFFFFFFC7
:10DE7000FFFFFFFFFFFFFFFFFFFF000000000000AC
:10DE80000000000000000000000000000000000092
:10DE90000000000000000000000000000000000082
:10DEA0000000000101010101010101010101010165
:10DEB0000101010101020202020202020202020247
:10DEC0000202020202020203030303030303030329
:10DED000030303030303030303030404040404040C
:10DEE00004040404040404040404040405050505EE
:10DEF00005050505050505050505050505050606D0
:10DF000006060606060606060606060606060606B1
:10DF1000FAFAFAFAFAFAFAFAFAFAFAFAFAFAFAFA61
:10DF2000FAFAFBFBFBFBFBFBFBFBFBFBFBFBFBFB43
:10DF3000FBFBFBFBFCFCFCFCFCFCFCFCFCFCFCFC25
:10DF4000FCFCFCFCFCFCFDFDFDFDFDFDFDFDFDFD07
:10DF5000FDFDFDFDFDFDFDFDFDFEFEFEFEFEFEFEEA
:10DF6000FEFEFEFEFEFEFEFEFEFEFEFFFFFFFFFFCC
:10DF7000FFFFFFFFFFFFFFFFFFFFFFFFFF000000AE
:10DF80000000000000000000000000000000000091
:10DF90000000000000000000000000000000000081
:10DFA0000101010101010101010101010101010161
:10DFB0000202020202020202020202020202020241
:10DFC0000303030303030303030303030303030321
:10DFD0000404040404040404040404040404040401
:10DFE00005050505050505050505050505050505E1
:10DFF00006060606060606060606060606060606C1
:10E0000007070707070707070707070707070707A0
:10E01000F9F9F9F9F9F9F9F9F9F9F9F9F9F9F9F970
:10E02000FAFAFAFAFAFAFAFAFAFAFAFAFAFAFAFA50
:10E03000FBFBFBFBFBFBFBFBFBFBFBFBFBFBFBFB30
:10E04000FCFCFCFCFCFCFCFCFCFCFCFCFCFCFCFC10
:10E05000FDFDFDFDFDFDFDFDFDFDFDFDFDFDFDFDF0
:10E06000FEFEFEFEFEFEFEFEFEFEFEFEFEFEFEFED0
:10E07000FFFFFFFFFFFFFFFFFFFFFFFFFFFFFFFFB0
:10E080000000000000000000000000000000000090
:10E09000000000000000000000000000000000017F
:10E0A000010101010101010101010101010202025D
:10E0B000020202020202020202020203030303033B
:10E0C0000303030303030303030404040404040419
:10E0D00004040404040404040505050505050505F8
:10E0E00005050505050506060606060606060606D6
:10E0F00006060606070707070707070707070707B4
:10E100000707080808080808080808080808080891
:10E11000F8F8F8F8F8F8F8F8F8F8F8F8F8F8F9F97D
:10E12000F9F9F9F9F9F9F9F9F9F9F9F9FAFAFAFA5B
:10E13000FAFAFAFAFAFAFAFAFAFAFBFBFBFBFBFB39
:10E14000FBFBFBFBFBFBFBFBFCFCFCFCFCFCFCFC17
:10E15000FCFCFCFCFCFCFCFDFDFDFDFDFDFDFDFDF6
:10E16000FDFDFDFDFDFEFEFEFEFEFEFEFEFEFEFED4
:10E17000FEFEFEFFFFFFFFFFFFFFFFFFFFFFFFFFB2
:10E18000FF00000000000000000000000000000090
:10E19000000000000000000000000000000101017C
:10E1A0000101010101010101010102020202020259
:10E1B0000202020202020203030303030303030336
:10E1C0000303030304040404040404040404040413
:10E1D00005050505050505050505050505060606EC
:10E1E00006060606060606060606070707070707C9
:10E1F00007070707070707080808080808080808A6
:10E200000808080809090909090909090909090982
:10E21000F7F7F7F7F7F7F7F7F7F7F7F7F8F8F8F88A
:10E22000F8F8F8F8F8F8F8F8F8F9F9F9F9F9F9F967
:10E23000F9F9F9F9F9F9FAFAFAFAFAFAFAFAFAFA44
:10E24000FAFAFAFBFBFBFBFBFBFBFBFBFBFBFBFB21
:10E25000FCFCFCFCFCFCFCFCFCFCFCFCFDFDFDFDFA
:10E26000FDFDFDFDFDFDFDFDFDFEFEFEFEFEFEFED7
:10E27000FEFEFEFEFEFEFFFFFFFFFFFFFFFFFFFFB4
:10E28000FFFFFF0000000000000000000000000091
:10E29000000000000000000000000000010101017A
:10E2A0000101010101010101020202020202020256
:10E2B0000202020303030303030303030303030430
:10E2C0000404040404040404040404050505050509
:10E2D00005050505050506060606060606060606E4
:10E2E00006060707070707070707070707070808BE
:10E2F0000808080808080808080909090909090997
:10E3000009090909090A0A0A0A0A0A0A0A0A0A0A72
:10E31000F6F6F6F6F6F6F6F6F6F6F6F7F7F7F7F798
:10E32000F7F7F7F7F7F7F7F8F8F8F8F8F8F8F8F874
:10E33000F8F8F9F9F9F9F9F9F9F9F9F9F9F9FAFA4D
:10E34000FAFAFAFAFAFAFAFAFAFAFBFBFBFBFBFB27
:10E35000FBFBFBFBFBFCFCFCFCFCFCFCFCFCFCFC02
:10E36000FCFDFDFDFDFDFDFDFDFDFDFDFDFEFEFEDB
:10E37000FEFEFEFEFEFEFEFEFFFFFFFFFFFFFFFFB5
:10E38000FFFFFFFF00000000000000000000000091
:10E390000000000000000000000000010101010178
:10E3A0000101010101010202020202020202020253
:10E3B0000303030303030303030303040404040428
:10E3C0000404040404040505050505050505050503
:10E3D00006060606060606060606060707070707D8
:10E3E00007070707070708080808080808080808B3
:10E3F00009090909090909090909090A0A0A0A0A88
:10E400000A0A0A0A0A0A0B0B0B0B0B0B0B0B0B0B62
:10E41000F5F5F5F5F5F5F5F5F5F5F6F6F6F6F6F6A6
:10E42000F6F6F6F6F6F7F7F7F7F7F7F7F7F7F7F781
:10E43000F8F8F8F8F8F8F8F8F8F8F9F9F9F9F9F956
:10E44000F9F9F9F9F9FAFAFAFAFAFAFAFAFAFAFA31
:10E45000FBFBFBFBFBFBFBFBFBFBFCFCFCFCFCFC06
:10E46000FCFCFCFCFCFDFDFDFDFDFDFDFDFDFDFDE1
:10E47000FEFEFEFEFEFEFEFEFEFEFFFFFFFFFFFFB6
:10E48000FFFFFFFFFF000000000000000000000091
:10E490000000000000000000000001010101010176
:10E4A000010101010202020202020202020203034E
:10E4B0000303030303030303040404040404040424
:10E4C00004040505050505050505050506060606FA
:10E4D00006060606060707070707070707070708D0
:10E4E00008080808080808080809090909090909A5
:10E4F0000909090A0A0A0A0A0A0A0A0A0A0B0B0B7C
:10E500000B0B0B0B0B0B0B0C0C0C0C0C0C0C0C0C52
:10E51000F4F4F4F4F4F4F4F4F4F5F5F5F5F5F5F5B4
:10E52000F5F5F5F6F6F6F6F6F6F6F6F6F6F7F7F78B
:10E53000F7F7F7F7F7F7F7F8F8F8F8F8F8F8F8F862
:10E54000F8F9F9F9F9F9F9F9F9F9F9FAFAFAFAFA37
:10E55000FAFAFAFAFBFBFBFBFBFBFBFBFBFBFCFC0D
:10E56000FCFCFCFCFCFCFCFCFDFDFDFDFDFDFDFDE3
:10E57000FDFDFEFEFEFEFEFEFEFEFEFEFFFFFFFFB9
:10E58000FFFFFFFFFFFF0000000000000000000091
:10E590000000000000000000000001010101010175
:10E5A000010101020202020202020202030303034A
:10E5B000030303030304040404040404040405051E
:10E5C00005050505050505060606060606060606F2
:10E5D00007070707070707070707080808080808C5
:10E5E0000808080909090909090909090A0A0A0A9A
:10E5F0000A0A0A0A0A0B0B0B0B0B0B0B0B0B0C0C6E
:10E600000C0C0C0C0C0C0C0D0D0D0D0D0D0D0D0D41
:10E61000F3F3F3F3F3F3F3F3F3F4F4F4F4F4F4F4C3
:10E62000F4F4F5F5F5F5F5F5F5F5F5F6F6F6F6F697
:10E63000F6F6F6F6F7F7F7F7F7F7F7F7F7F8F8F86B
:10E64000F8F8F8F8F8F8F9F9F9F9F9F9F9F9F9F940
:10E65000FAFAFAFAFAFAFAFAFAFBFBFBFBFBFBFB13
:10E66000FBFBFCFCFCFCFCFCFCFCFCFDFDFDFDFDE7
:10E67000FDFDFDFDFEFEFEFEFEFEFEFEFEFFFFFFBB
:10E68000FFFFFFFFFFFF0000000000000000000090
:10E690000000000000000000000101010101010173
:10E6A0000101020202020202020203030303030346
:10E6B0000303030404040404040404050505050518
:10E6C00005050505060606060606060607070707EA
:10E6D00007070707070808080808080808090909BC
:10E6E0000909090909090A0A0A0A0A0A0A0A0B0B8E
:10E6F0000B0B0B0B0B0B0B0C0C0C0C0C0C0C0C0D60
:10E700000D0D0D0D0D0D0D0D0E0E0E0E0E0E0E0E31
:10E71000F2F2F2F2F2F2F2F2F3F3F3F3F3F3F3F3D1
:10E72000F3F4F4F4F4F4F4F4F4F5F5F5F5F5F5F5A3
:10E73000F5F5F6F6F6F6F6F6F6F6F7F7F7F7F7F775
:10E74000F7F7F7F8F8F8F8F8F8F8F8F9F9F9F9F947
:10E75000F9F9F9F9FAFAFAFAFAFAFAFAFBFBFBFB19
:10E76000FBFBFBFBFBFCFCFCFCFCFCFCFCFDFDFDEB
:10E77000FDFDFDFDFDFDFEFEFEFEFEFEFEFEFFFFBD
:10E78000FFFFFFFFFFFFFF00000000000000000090
:10E790000000000000000000010101010101010171
:10E7A0000202020202020202030303030303030341
:10E7B0000404040404040404050505050505050511
:10E7C00006060606060606060707070707070707E1
:10E7D00008080808080808080909090909090909B1
:10E7E0000A0A0A0A0A0A0A0A0B0B0B0B0B0B0B0B81
:10E7F0000C0C0C0C0C0C0C0C0D0D0D0D0D0D0D0D51
:10E800000E0E0E0E0E0E0E0E0F0F0F0F0F0F0F0F20
:10E81000F1F1F1F1F1F1F1F1F2F2F2F2F2F2F2F2E0
:10E82000F3F3F3F3F3F3F3F3F4F4F4F4F4F4F4F4B0
:10E83000F5F5F5F5F5F5F5F5F6F6F6F6F6F6F6F680
:10E84000F7F7F7F7F7F7F7F7F8F8F8F8F8F8F8F850
:10E85000F9F9F9F9F9F9F9F9FAFAFAFAFAFAFAFA20
:10E86000FBFBFBFBFBFBFBFBFCFCFCFCFCFCFCFCF0
:10E87000FDFDFDFDFDFDFDFDFEFEFEFEFEFEFEFEC0
:10E88000FFFFFFFFFFFFFFFF000000000000000090
:10E890000000000000000000010101010101010170
:10E8A000020202020202020303030303030303043E
:10E8B000040404040404050505050505050506060C
:10E8C00006060606060707070707070707080808DA
:10E8D0000808080809090909090909090A0A0A0AA8
:10E8E0000A0A0A0B0B0B0B0B0B0B0B0C0C0C0C0C76
:10E8F0000C0C0D0D0D0D0D0D0D0D0E0E0E0E0E0E44
:10E900000E0F0F0F0F0F0F0F0F1010101010101011
:10E91000F0F0F0F0F0F0F0F1F1F1F1F1F1F1F1F2ED
:10E92000F2F2F2F2F2F2F3F3F3F3F3F3F3F3F4F4BB
:10E93000F4F4F4F4F4F5F5F5F5F5F5F5F5F6F6F689
:10E94000F6F6F6F6F7F7F7F7F7F7F7F7F8F8F8F857
:10E95000F8F8F8F9F9F9F9F9F9F9F9FAFAFAFAFA25
:10E96000FAFAFBFBFBFBFBFBFBFBFCFCFCFCFCFCF3
:10E97000FCFDFDFDFDFDFDFDFDFEFEFEFEFEFEFEC1
:10E98000FFFFFFFFFFFFFFFF00000000000000008F
:10E99000000000000000000001010101010101026E
:10E9A000020202020202030303030303030404043A
:10E9B0000404040405050505050505060606060606
:10E9C00006060707070707070708080808080808D2
:10E9D00009090909090909090A0A0A0A0A0A0A0B9E
:10E9E0000B0B0B0B0B0B0C0C0C0C0C0C0C0D0D0D6A
:10E9F0000D0D0D0D0E0E0E0E0E0E0E0F0F0F0F0F36
:10EA00000F0F101010101010101111111111111101
:10EA1000EFEFEFEFEFEFEFF0F0F0F0F0F0F0F1F1FB
:10EA2000F1F1F1F1F1F2F2F2F2F2F2F2F3F3F3F3C7
:10EA3000F3F3F3F4F4F4F4F4F4F4F5F5F5F5F5F593
:10EA4000F5F6F6F6F6F6F6F6F7F7F7F7F7F7F7F75F
:10EA5000F8F8F8F8F8F8F8F9F9F9F9F9F9F9FAFA2B
:10EA6000FAFAFAFAFAFBFBFBFBFBFBFBFCFCFCFCF7
:10EA7000FCFCFCFDFDFDFDFDFDFDFEFEFEFEFEFEC3
:10EA8000FEFFFFFFFFFFFFFF00000000000000008F
:10EA9000000000000000000101010101010102026B
:10EAA0000202020202030303030303040404040436
:10EAB0000404050505050505050606060606060601
:10EAC00007070707070708080808080808090909C9
:10EAD000090909090A0A0A0A0A0A0A0B0B0B0B0B95
:10EAE0000B0C0C0C0C0C0C0C0D0D0D0D0D0D0D0E5E
:10EAF0000E0E0E0E0E0E0F0F0F0F0F0F1010101028
:10EB000010101011111111111111121212121212F2
:10EB1000EEEEEEEEEEEEEFEFEFEFEFEFEFF0F0F008
:10EB2000F0F0F0F0F1F1F1F1F1F1F2F2F2F2F2F2D3
:10EB3000F2F3F3F3F3F3F3F3F4F4F4F4F4F4F4F59D
:10EB4000F5F5F5F5F5F6F6F6F6F6F6F6F7F7F7F766
:10EB5000F7F7F7F8F8F8F8F8F8F8F9F9F9F9F9F932
:10EB6000FAFAFAFAFAFAFAFBFBFBFBFBFBFBFCFCFA
:10EB7000FCFCFCFCFCFDFDFDFDFDFDFEFEFEFEFEC5
:10EB8000FEFEFFFFFFFFFFFFFF0000000000000090
:10EB90000000000000000001010101010102020269
:10EBA0000202020203030303030304040404040433
:10EBB00005050505050505060606060606070707F9
:10EBC00007070707080808080808090909090909C3
:10EBD0000A0A0A0A0A0A0A0B0B0B0B0B0B0C0C0C89
:10EBE0000C0C0C0C0D0D0D0D0D0D0E0E0E0E0E0E53
:10EBF0000F0F0F0F0F0F0F10101010101011111119
:10EC000011111111121212121212131313131313E2
:10EC1000EDEDEDEDEDEDEEEEEEEEEEEEEFEFEFEF16
:10EC2000EFEFEFF0F0F0F0F0F0F1F1F1F1F1F1F1E0
:10EC3000F2F2F2F2F2F2F3F3F3F3F3F3F4F4F4F4A6
:10EC4000F4F4F4F5F5F5F5F5F5F6F6F6F6F6F6F670
:10EC5000F7F7F7F7F7F7F8F8F8F8F8F8F9F9F9F936
:10EC6000F9F9F9FAFAFAFAFAFAFBFBFBFBFBFBFB00
:10EC7000FCFCFCFCFCFCFDFDFDFDFDFDFEFEFEFEC6
:10EC8000FEFEFEFFFFFFFFFFFF0000000000000090
:10EC90000000000000000001010101010102020268
:10ECA000020202030303030303040404040404052F
:10ECB00005050505050606060606060707070707F4
:10ECC000070808080808080909090909090A0A0AB9
:10ECD0000A0A0A0A0B0B0B0B0B0B0C0C0C0C0C0C82
:10ECE0000D0D0D0D0D0D0E0E0E0E0E0E0F0F0F0F46
:10ECF0000F0F10101010101011111111111112120C
:10ED000012121212131313131313141414141414D1
:10ED1000ECECECECECECEDEDEDEDEDEDEEEEEEEE25
:10ED2000EEEEEFEFEFEFEFEFF0F0F0F0F0F0F1F1EB
:10ED3000F1F1F1F1F2F2F2F2F2F2F3F3F3F3F3F3B1
:10ED4000F4F4F4F4F4F4F5F5F5F5F5F5F6F6F6F675
:10ED5000F6F6F6F7F7F7F7F7F7F8F8F8F8F8F8F93E
:10ED6000F9F9F9F9F9FAFAFAFAFAFAFBFBFBFBFB03
:10ED7000FBFCFCFCFCFCFCFDFDFDFDFDFDFEFEFEC8
:10ED8000FEFEFEFFFFFFFFFFFF000000000000008F
:10ED90000000000000000101010101010202020265
:10EDA000020203030303030304040404040405052B
:10EDB00005050506060606060607070707070708EE
:10EDC00008080808080909090909090A0A0A0A0AB3
:10EDD0000B0B0B0B0B0B0C0C0C0C0C0C0D0D0D0D75
:10EDE0000D0D0E0E0E0E0E0E0F0F0F0F0F0F10103B
:10EDF00010101011111111111112121212121213FE
:10EE000013131313131414141414141515151515C2
:10EE1000EBEBEBEBEBECECECECECECEDEDEDEDED32
:10EE2000EDEEEEEEEEEEEEEFEFEFEFEFEFF0F0F0F7
:10EE3000F0F0F1F1F1F1F1F1F2F2F2F2F2F2F3F3BA
:10EE4000F3F3F3F3F4F4F4F4F4F4F5F5F5F5F5F580
:10EE5000F6F6F6F6F6F7F7F7F7F7F7F8F8F8F8F842
:10EE6000F8F9F9F9F9F9F9FAFAFAFAFAFAFBFBFB07
:10EE7000FBFBFCFCFCFCFCFCFDFDFDFDFDFDFEFECA
:10EE8000FEFEFEFEFFFFFFFFFFFF00000000000090
:10EE90000000000000000101010101010202020264
:10EEA0000203030303030304040404040505050526
:10EEB00005050606060606070707070707080808E8
:10EEC00008080809090909090A0A0A0A0A0A0B0BAB
:10EED0000B0B0B0C0C0C0C0C0C0D0D0D0D0D0E0E6C
:10EEE0000E0E0E0E0F0F0F0F0F0F1010101010112F
:10EEF00011111111111212121212131313131313F1
:10EF000014141414141515151515151616161616B1
:10EF1000EAEAEAEAEAEBEBEBEBEBEBECECECECEC41
:10EF2000EDEDEDEDEDEDEEEEEEEEEEEFEFEFEFEF02
:10EF3000EFF0F0F0F0F0F1F1F1F1F1F1F2F2F2F2C4
:10EF4000F2F2F3F3F3F3F3F4F4F4F4F4F4F5F5F587
:10EF5000F5F5F6F6F6F6F6F6F7F7F7F7F7F8F8F848
:10EF6000F8F8F8F9F9F9F9F9F9FAFAFAFAFAFBFB0B
:10EF7000FBFBFBFBFCFCFCFCFCFDFDFDFDFDFDFECD
:10EF8000FEFEFEFEFFFFFFFFFFFF0000000000008F
:10EF90000000000000000101010101020202020262
:10EFA0000303030303030404040404050505050522
:10EFB00006060606060607070707070808080808E2
:10EFC0000909090909090A0A0A0A0A0B0B0B0B0BA2
:10EFD0000C0C0C0C0C0C0D0D0D0D0D0E0E0E0E0E62
:10EFE0000F0F0F0F0F0F1010101010111111111122
:10EFF00012121212121213131313131414141414E2
:10F0000015151515151516161616161717171717A1
:10F01000E9E9E9E9E9EAEAEAEAEAEBEBEBEBEBEB4F
:10F02000ECECECECECEDEDEDEDEDEEEEEEEEEEEE0F
:10F03000EFEFEFEFEFF0F0F0F0F0F1F1F1F1F1F1CF
:10F04000F2F2F2F2F2F3F3F3F3F3F4F4F4F4F4F48F
:10F05000F5F5F5F5F5F6F6F6F6F6F7F7F7F7F7F74F
:10F06000F8F8F8F8F8F9F9F9F9F9FAFAFAFAFAFA0F
:10F07000FBFBFBFBFBFCFCFCFCFCFDFDFDFDFDFDCF
:10F08000FEFEFEFEFEFFFFFFFFFF0000000000008F
:10F090000000000000000101010101020202020261
:10F0A000030303030304040404040505050505061E
:10F0B00006060606070707070708080808080809DC
:10F0C000090909090A0A0A0A0A0B0B0B0B0B0C0C9B
:10F0D0000C0C0C0D0D0D0D0D0E0E0E0E0E0F0F0F58
:10F0E0000F0F101010101010111111111112121217
:10F0F00012121313131313141414141415151515D5
:10F100001516161616161717171717181818181891
:10F11000E8E8E8E8E8E9E9E9E9E9EAEAEAEAEAEB5D
:10F12000EBEBEBEBECECECECECEDEDEDEDEDEEEE1A
:10F13000EEEEEEEFEFEFEFEFF0F0F0F0F0F0F1F1D8
:10F14000F1F1F1F2F2F2F2F2F3F3F3F3F3F4F4F497
:10F15000F4F4F5F5F5F5F5F6F6F6F6F6F7F7F7F754
:10F16000F7F8F8F8F8F8F8F9F9F9F9F9FAFAFAFA13
:10F17000FAFBFBFBFBFBFCFCFCFCFCFDFDFDFDFDD1
:10F18000FEFEFEFEFEFFFFFFFFFF0000000000008E
:10F19000000000000001010101010202020202035D
:10F1A000030303030404040404050505050506061A
:10F1B00006060607070707070808080808090909D7
:10F1C00009090A0A0A0A0A0B0B0B0B0B0C0C0C0C94
:10F1D0000D0D0D0D0D0E0E0E0E0E0F0F0F0F0F104D
:10F1E000101010101111111111121212121213130A
:10F1F00013131314141414141515151515161616C7
:10F200001616171717171718181818181919191983
:10F21000E7E7E7E7E8E8E8E8E8E9E9E9E9E9EAEA69
:10F22000EAEAEAEBEBEBEBEBECECECECECEDEDED26
:10F23000EDEDEEEEEEEEEEEFEFEFEFEFF0F0F0F0E3
:10F24000F0F1F1F1F1F1F2F2F2F2F2F3F3F3F3F3A0
:10F25000F4F4F4F4F5F5F5F5F5F6F6F6F6F6F7F759
:10F26000F7F7F7F8F8F8F8F8F9F9F9F9F9FAFAFA16
:10F27000FAFAFBFBFBFBFBFCFCFCFCFCFDFDFDFDD3
:10F28000FDFEFEFEFEFEFFFFFFFFFF000000000090
:10F29000000000000001010101010202020202035C
:10F2A0000303030404040404050505050506060616
:10F2B00006060707070708080808080909090909D1
:10F2C0000A0A0A0A0A0B0B0B0B0C0C0C0C0C0D0D8A
:10F2D0000D0D0D0E0E0E0E0E0F0F0F0F1010101045
:10F2E00010111111111112121212121313131314FF
:10F2F00014141414151515151516161616161717B9
:10F300001717181818181819191919191A1A1A1A72
:10F31000E6E6E6E6E7E7E7E7E7E8E8E8E8E8E9E978
:10F32000E9E9EAEAEAEAEAEBEBEBEBEBECECECEC32
:10F33000ECEDEDEDEDEEEEEEEEEEEFEFEFEFEFF0EC
:10F34000F0F0F0F0F1F1F1F1F2F2F2F2F2F3F3F3A6
:10F35000F3F3F4F4F4F4F4F5F5F5F5F6F6F6F6F661
:10F36000F7F7F7F7F7F8F8F8F8F8F9F9F9F9FAFA1A
:10F37000FAFAFAFBFBFBFBFBFCFCFCFCFCFDFDFDD5
:10F38000FDFEFEFEFEFEFFFFFFFFFF00000000008F
:10F39000000000000001010101010202020203035A
:10F3A0000303030404040405050505050606060613
:10F3B00007070707070808080808090909090A0ACA
:10F3C0000A0A0A0B0B0B0B0C0C0C0C0C0D0D0D0D83
:10F3D0000E0E0E0E0E0F0F0F0F0F1010101011113A
:10F3E00011111112121212131313131314141414F3
:10F3F00015151515151616161616171717171818AA
:10F40000181818191919191A1A1A1A1A1B1B1B1B62
:10F41000E5E5E5E5E6E6E6E6E6E7E7E7E7E8E8E886
:10F42000E8E8E9E9E9E9EAEAEAEAEAEBEBEBEBEB3F
:10F43000ECECECECEDEDEDEDEDEEEEEEEEEFEFEFF6
:10F44000EFEFF0F0F0F0F1F1F1F1F1F2F2F2F2F2AF
:10F45000F3F3F3F3F4F4F4F4F4F5F5F5F5F6F6F666
:10F46000F6F6F7F7F7F7F8F8F8F8F8F9F9F9F9F91F
:10F47000FAFAFAFAFBFBFBFBFBFCFCFCFCFDFDFDD6
:10F48000FDFDFEFEFEFEFFFFFFFFFF00000000008F
:10F490000000000000010101010202020202030358
:10F4A000030304040404040505050506060606070F
:10F4B000070707070808080809090909090A0A0AC5
:10F4C0000A0B0B0B0B0C0C0C0C0C0D0D0D0D0E0E7A
:10F4D0000E0E0E0F0F0F0F10101010101111111132
:10F4E00012121212131313131314141414151515E6
:10F4F000151516161616171717171818181818199D
:10F500001919191A1A1A1A1A1B1B1B1B1C1C1C1C52
:10F51000E4E4E4E4E5E5E5E5E6E6E6E6E6E7E7E794
:10F52000E7E8E8E8E8E8E9E9E9E9EAEAEAEAEBEB4A
:10F53000EBEBEBECECECECEDEDEDEDEDEEEEEEEE01
:10F54000EFEFEFEFF0F0F0F0F0F1F1F1F1F2F2F2B5
:10F55000F2F2F3F3F3F3F4F4F4F4F4F5F5F5F5F66D
:10F56000F6F6F6F7F7F7F7F7F8F8F8F8F9F9F9F922
:10F57000F9FAFAFAFAFBFBFBFBFCFCFCFCFCFDFDD8
:10F58000FDFDFEFEFEFEFEFFFFFFFF00000000008F
:10F590000000000000010101010202020203030356
:10F5A000030304040404050505050606060607070B
:10F5B00007070708080808090909090A0A0A0A0BBF
:10F5C0000B0B0B0B0C0C0C0C0D0D0D0D0E0E0E0E73
:10F5D0000F0F0F0F0F101010101111111112121226
:10F5E00012121313131314141414151515151616DB
:10F5F0001616161717171718181818191919191A8F
:10F600001A1A1A1A1B1B1B1B1C1C1C1C1D1D1D1D42
:10F61000E3E3E3E3E4E4E4E4E5E5E5E5E6E6E6E6A2
:10F62000E6E7E7E7E7E8E8E8E8E9E9E9E9EAEAEA56
:10F63000EAEAEBEBEBEBECECECECEDEDEDEDEEEE0A
:10F64000EEEEEEEFEFEFEFF0F0F0F0F1F1F1F1F1BF
:10F65000F2F2F2F2F3F3F3F3F4F4F4F4F5F5F5F572
:10F66000F5F6F6F6F6F7F7F7F7F8F8F8F8F9F9F926
:10F67000F9F9FAFAFAFAFBFBFBFBFCFCFCFCFDFDDA
:10F68000FDFDFDFEFEFEFEFFFFFFFF00000000008F
:10F690000000000000010101010202020203030355
:10F6A0000304040404050505050606060607070706
:10F6B000070708080808090909090A0A0A0A0B0BBA
:10F6C0000B0B0C0C0C0C0D0D0D0D0E0E0E0E0F0F6A
:10F6D0000F0F0F101010101111111112121212131E
:10F6E00013131314141414151515151616161617CE
:10F6F0001717171718181818191919191A1A1A1A82
:10F700001B1B1B1B1C1C1C1C1D1D1D1D1E1E1E1E31
:10F71000E2E2E2E2E3E3E3E3E4E4E4E4E5E5E5E5B1
:10F72000E6E6E6E6E7E7E7E7E8E8E8E8E9E9E9E961
:10F73000E9EAEAEAEAEBEBEBEBECECECECEDEDED15
:10F74000EDEEEEEEEEEFEFEFEFF0F0F0F0F1F1F1C5
:10F75000F1F1F2F2F2F2F3F3F3F3F4F4F4F4F5F579
:10F76000F5F5F6F6F6F6F7F7F7F7F8F8F8F8F9F929
:10F77000F9F9F9FAFAFAFAFBFBFBFBFCFCFCFCFDDD
:10F78000FDFDFDFEFEFEFEFFFFFFFF00000000008E
:10F790000000000001010101020202020303030351
:10F7A0000404040405050505060606060707070701
:10F7B00008080808090909090A0A0A0A0B0B0B0BB1
:10F7C0000C0C0C0C0D0D0D0D0E0E0E0E0F0F0F0F61
:10F7D0001010101011111111121212121313131311
:10F7E00014141414151515151616161617171717C1
:10F7F00018181818191919191A1A1A1A1B1B1B1B71
:10F800001C1C1C1C1D1D1D1D1E1E1E1E1F1F1F1F20
:10F81000E1E1E1E1E2E2E2E2E3E3E3E3E4E4E4E4C0
:10F82000E5E5E5E5E6E6E6E6E7E7E7E7E8E8E8E870
:10F83000E9E9E9E9EAEAEAEAEBEBEBEBECECECEC20
:10F84000EDEDEDEDEEEEEEEEEFEFEFEFF0F0F0F0D0
:10F85000F1F1F1F1F2F2F2F2F3F3F3F3F4F4F4F480
:10F86000F5F5F5F5F6F6F6F6F7F7F7F7F8F8F8F830
:10F87000F9F9F9F9FAFAFAFAFBFBFBFBFCFCFCFCE0
:10F88000FDFDFDFDFEFEFEFEFFFFFFFF0000000090
:10F890000000000001010101020202020303030350
:10F8A0000404040405050505060606060707070700
:10F8B000080808090909090A0A0A0A0B0B0B0B0CAC
:10F8C0000C0C0C0D0D0D0D0E0E0E0E0F0F0F0F105C
:10F8D0001010111111111212121213131313141408
:10F8E00014141515151516161616171717171818B8
:10F8F00018191919191A1A1A1A1B1B1B1B1C1C1C64
:10F900001C1D1D1D1D1E1E1E1E1F1F1F1F20202013
:10F91000E0E0E0E1E1E1E1E2E2E2E2E3E3E3E3E4CB
:10F92000E4E4E4E5E5E5E5E6E6E6E6E7E7E7E7E87B
:10F93000E8E8E9E9E9E9EAEAEAEAEBEBEBEBECEC27
:10F94000ECECEDEDEDEDEEEEEEEEEFEFEFEFF0F0D7
:10F95000F0F1F1F1F1F2F2F2F2F3F3F3F3F4F4F483
:10F96000F4F5F5F5F5F6F6F6F6F7F7F7F7F8F8F833
:10F97000F9F9F9F9FAFAFAFAFBFBFBFBFCFCFCFCDF
:10F98000FDFDFDFDFEFEFEFEFFFFFFFF000000008F
:10F99000000000000101010102020202030303034F
:10F9A00004040405050505060606060707070708FB
:10F9B0000808090909090A0A0A0A0B0B0B0B0C0CA7
:10F9C0000C0D0D0D0D0E0E0E0E0F0F0F0F10101053
:10F9D00011111111121212121313131314141414FF
:10F9E00015151516161616171717171818181819AB
:10F9F00019191A1A1A1A1B1B1B1B1C1C1C1C1D1D57
:10FA00001D1E1E1E1E1F1F1F1F2020202021212102
:10FA1000DFDFDFE0E0E0E0E1E1E1E1E2E2E2E2E3DA
:10FA2000E3E3E4E4E4E4E5E5E5E5E6E6E6E6E7E786
:10FA3000E7E8E8E8E8E9E9E9E9EAEAEAEAEBEBEB32
:10FA4000ECECECECEDEDEDEDEEEEEEEEEFEFEFEFDE
:10FA5000F0F0F0F1F1F1F1F2F2F2F2F3F3F3F3F48A
:10FA6000F4F4F5F5F5F5F6F6F6F6F7F7F7F7F8F836
:10FA7000F8F9F9F9F9FAFAFAFAFBFBFBFBFCFCFCE2
:10FA8000FDFDFDFDFEFEFEFEFFFFFFFF000000008E
:10FA9000000000000101010102020203030303044C
:10FAA00004040405050506060606070707070808F7
:10FAB00008090909090A0A0A0A0B0B0B0C0C0C0CA1
:10FAC0000D0D0D0D0E0E0E0F0F0F0F10101010114B
:10FAD00011111212121213131313141414151515F5
:10FAE00015161616161717171818181819191919A0
:10FAF0001A1A1A1B1B1B1B1C1C1C1C1D1D1D1E1E49
:10FB00001E1E1F1F1F1F20202021212121222222F3
:10FB1000DEDEDEDFDFDFDFE0E0E0E1E1E1E1E2E2E7
:10FB2000E2E2E3E3E3E4E4E4E4E5E5E5E5E6E6E692
:10FB3000E7E7E7E7E8E8E8E8E9E9E9EAEAEAEAEB3B
:10FB4000EBEBEBECECECEDEDEDEDEEEEEEEEEFEFE6
:10FB5000EFF0F0F0F0F1F1F1F1F2F2F2F3F3F3F390
:10FB6000F4F4F4F4F5F5F5F6F6F6F6F7F7F7F7F83A
:10FB7000F8F8F9F9F9F9FAFAFAFAFBFBFBFCFCFCE4
:10FB8000FCFDFDFDFDFEFEFEFFFFFFFF000000008F
:10FB9000000000000101010102020203030303044B
:10FBA00004040505050506060607070707080808F3
:10FBB000090909090A0A0A0A0B0B0B0C0C0C0C0D9B
:10FBC0000D0D0E0E0E0E0F0F0F1010101011111143
:10FBD00012121212131313131414141515151516EB
:10FBE000161617171717181818191919191A1A1A93
:10FBF0001B1B1B1B1C1C1C1C1D1D1D1E1E1E1E1F3B
:10FC00001F1F2020202021212122222222232323E2
:10FC1000DDDDDDDEDEDEDEDFDFDFE0E0E0E0E1E1F6
:10FC2000E1E2E2E2E2E3E3E3E4E4E4E4E5E5E5E59E
:10FC3000E6E6E6E7E7E7E7E8E8E8E9E9E9E9EAEA46
:10FC4000EAEBEBEBEBECECECEDEDEDEDEEEEEEEEEE
:10FC5000EFEFEFF0F0F0F0F1F1F1F2F2F2F2F3F396
:10FC6000F3F4F4F4F4F5F5F5F6F6F6F6F7F7F7F73E
:10FC7000F8F8F8F9F9F9F9FAFAFAFBFBFBFBFCFCE6
:10FC8000FCFDFDFDFDFEFEFEFFFFFFFF000000008E
:10FC90000000000001010102020202030303040448
:10FCA00004040505050606060607070708080808F0
:10FCB0000909090A0A0A0A0B0B0B0C0C0C0D0D0D95
:10FCC0000D0E0E0E0F0F0F0F10101011111111123B
:10FCD00012121313131314141415151515161616E2
:10FCE000171717171818181919191A1A1A1A1B1B87
:10FCF0001B1C1C1C1C1D1D1D1E1E1E1E1F1F1F202D
:10FD000020202021212122222222232323242424D3
:10FD1000DCDCDCDDDDDDDEDEDEDEDFDFDFE0E0E003
:10FD2000E0E1E1E1E2E2E2E2E3E3E3E4E4E4E4E5AA
:10FD3000E5E5E6E6E6E6E7E7E7E8E8E8E9E9E9E950
:10FD4000EAEAEAEBEBEBEBECECECEDEDEDEDEEEEF5
:10FD5000EEEFEFEFEFF0F0F0F1F1F1F1F2F2F2F39C
:10FD6000F3F3F3F4F4F4F5F5F5F6F6F6F6F7F7F742
:10FD7000F8F8F8F8F9F9F9FAFAFAFAFBFBFBFCFCE7
:10FD8000FCFCFDFDFDFEFEFEFEFFFFFF000000008F
:10FD90000000000001010102020202030303040447
:10FDA00004050505050606060707070808080809EB
:10FDB00009090A0A0A0A0B0B0B0C0C0C0D0D0D0D90
:10FDC0000E0E0E0F0F0F1010101011111112121233
:10FDD00013131313141414151515151616161717D7
:10FDE00017181818181919191A1A1A1B1B1B1B1C7B
:10FDF0001C1C1D1D1D1D1E1E1E1F1F1F2020202020
:10FE000021212122222223232323242424252525C2
:10FE1000DBDBDBDCDCDCDDDDDDDDDEDEDEDFDFDF12
:10FE2000E0E0E0E0E1E1E1E2E2E2E3E3E3E3E4E4B5
:10FE3000E4E5E5E5E5E6E6E6E7E7E7E8E8E8E8E95A
:10FE4000E9E9EAEAEAEBEBEBEBECECECEDEDEDEDFE
:10FE5000EEEEEEEFEFEFF0F0F0F0F1F1F1F2F2F2A2
:10FE6000F3F3F3F3F4F4F4F5F5F5F6F6F6F6F7F745
:10FE7000F7F8F8F8F8F9F9F9FAFAFAFBFBFBFBFCEA
:10FE8000FCFCFDFDFDFEFEFEFEFFFFFF000000008E
:10FE90000000000001010102020203030303040445
:10FEA00004050505060606070707070808080909E7
:10FEB000090A0A0A0A0B0B0B0C0C0C0D0D0D0E0E89
:10FEC0000E0E0F0F0F10101011111111121212132C
:10FED00013131414141515151516161617171718CD
:10FEE0001818181919191A1A1A1B1B1B1C1C1C1C70
:10FEF0001D1D1D1E1E1E1F1F1F1F20202021212112
:10FF000022222223232323242424252525262626B2
:10FF1000DADADADBDBDBDCDCDCDDDDDDDDDEDEDE20
:10FF2000DFDFDFE0E0E0E1E1E1E1E2E2E2E3E3E3C1
:10FF3000E4E4E4E4E5E5E5E6E6E6E7E7E7E8E8E863
:10FF4000E8E9E9E9EAEAEAEBEBEBEBECECECEDED06
:10FF5000EDEEEEEEEFEFEFEFF0F0F0F1F1F1F2F2A7
:10FF6000F2F2F3F3F3F4F4F4F5F5F5F6F6F6F6F74A
:10FF7000F7F7F8F8F8F9F9F9F9FAFAFAFBFBFBFCEC
:10FF8000FCFCFDFDFDFDFEFEFEFFFFFF000000008E
:10FF90000000000001010102020203030304040443
:10FFA00005050505060606070707080808090909E3
:10FFB0000A0A0A0A0B0B0B0C0C0C0D0D0D0E0E0E83
:10FFC0000F0F0F0F10101011111112121213131323
:10FFD00014141414151515161616171717181818C3
:10FFE000191919191A1A1A1B1B1B1C1C1C1D1D1D63
:10FFF0001E1E1E1E1F1F1F20202021212122222203
:020000040803EF
:1000000023232323242424252525262626272727A2
:10001000D9D9D9DADADADBDBDBDCDCDCDDDDDDDD2E
:10002000DEDEDEDFDFDFE0E0E0E1E1E1E2E2E2E2CE
:10003000E3E3E3E4E4E4E5E5E5E6E6E6E7E7E7E76E
:10004000E8E8E8E9E9E9EAEAEAEBEBEBECECECEC0E
:10005000EDEDEDEEEEEEEFEFEFF0F0F0F1F1F1F1AE
:10006000F2F2F2F3F3F3F4F4F4F5F5F5F6F6F6F64E
:10007000F7F7F7F8F8F8F9F9F9FAFAFAFBFBFBFBEE
:10008000FCFCFCFDFDFDFEFEFEFFFFFF000000008E
:100090000000000001010102020203030304040442
:1000A00005050506060607070708080808090909DF
:1000B0000A0A0A0B0B0B0C0C0C0D0D0D0E0E0E0F7D
:1000C0000F0F10101010111111121212131313141C
:1000D00014141515151616161717171818181819B9
:1000E00019191A1A1A1B1B1B1C1C1C1D1D1D1E1E58
:1000F0001E1F1F1F202020202121212222222323F6
:100100002324242425252526262627272728282892
:10011000D8D8D8D9D9D9DADADADBDBDBDCDCDCDD3C
:10012000DDDDDEDEDEDFDFDFE0E0E0E0E1E1E1E2D9
:10013000E2E2E3E3E3E4E4E4E5E5E5E6E6E6E7E777
:10014000E7E8E8E8E8E9E9E9EAEAEAEBEBEBECEC16
:10015000ECEDEDEDEEEEEEEFEFEFF0F0F0F0F1F1B3
:10016000F1F2F2F2F3F3F3F4F4F4F5F5F5F6F6F652
:10017000F7F7F7F8F8F8F8F9F9F9FAFAFAFBFBFBF0
:10018000FCFCFCFDFDFDFEFEFEFFFFFF000000008D
:100190000000000001010102020203030304040441
:1001A0000505050606060707070808080909090ADC
:1001B0000A0A0B0B0B0C0C0C0D0D0D0E0E0E0F0F77
:1001C0000F10101011111112121213131314141412
:1001D00015151515161616171717181818191919B1
:1001E0001A1A1A1B1B1B1C1C1C1D1D1D1E1E1E1F4C
:1001F0001F1F2020202121212222222323232424E7
:100200002425252526262627272728282829292981
:10021000D7D7D7D8D8D8D9D9D9DADADADBDBDBDC4B
:10022000DCDCDDDDDDDEDEDEDFDFDFE0E0E0E1E1E6
:10023000E1E2E2E2E3E3E3E4E4E4E5E5E5E6E6E681
:10024000E7E7E7E8E8E8E9E9E9EAEAEAEBEBEBEB1C
:10025000ECECECEDEDEDEEEEEEEFEFEFF0F0F0F1BB
:10026000F1F1F2F2F2F3F3F3F4F4F4F5F5F5F6F656
:10027000F6F7F7F7F8F8F8F9F9F9FAFAFAFBFBFBF1
:10028000FCFCFCFDFDFDFEFEFEFFFFFF000000008C
:10029000000000010101020202030303040404053B
:1002A00005050606060707070808080909090A0AD6
:1002B0000A0B0B0B0C0C0C0D0D0D0E0E0E0F0F0F71
:1002C000101010111111121212131313141414150B
:1002D00015151616161717171818181919191A1AA6
:1002E0001A1B1B1B1C1C1C1D1D1D1E1E1E1F1F1F41
:1002F00020202021212122222223232324242425DB
:1003000025252626262727272828282929292A2A75
:10031000D6D6D7D7D7D8D8D8D9D9D9DADADADBDB55
:10032000DBDCDCDCDDDDDDDEDEDEDFDFDFE0E0E0F0
:10033000E1E1E1E2E2E2E3E3E3E4E4E4E5E5E5E68A
:10034000E6E6E7E7E7E8E8E8E9E9E9EAEAEAEBEB25
:10035000EBECECECEDEDEDEEEEEEEFEFEFF0F0F0C0
:10036000F1F1F1F2F2F2F3F3F3F4F4F4F5F5F5F65A
:10037000F6F6F7F7F7F8F8F8F9F9F9FAFAFAFBFBF5
:10038000FBFCFCFCFDFDFDFEFEFEFFFFFF00000090
:10039000000000010101020202030303040404053A
:1003A00005050606060707070808080909090A0AD5
:1003B0000B0B0B0C0C0C0D0D0D0E0E0E0F0F0F106A
:1003C0001010111111121212131313141414151505
:1003D0001616161717171818181919191A1A1A1B9A
:1003E0001B1B1C1C1C1D1D1D1E1E1E1F1F1F202035
:1003F00021212122222223232324242425252526CA
:1004000026262727272828282929292A2A2A2B2B64
:10041000D5D5D6D6D6D7D7D7D8D8D8D9D9D9DADA64
:10042000DADBDBDBDCDCDCDDDDDDDEDEDEDFDFDFFF
:10043000E0E0E1E1E1E2E2E2E3E3E3E4E4E4E5E594
:10044000E5E6E6E6E7E7E7E8E8E8E9E9E9EAEAEA2F
:10045000EBEBECECECEDEDEDEEEEEEEFEFEFF0F0C4
:10046000F0F1F1F1F2F2F2F3F3F3F4F4F4F5F5F55F
:10047000F6F6F7F7F7F8F8F8F9F9F9FAFAFAFBFBF4
:10048000FBFCFCFCFDFDFDFEFEFEFFFFFF0000008F
:100490000000000101010202020303030404040539
:1004A000050506060707070808080909090A0A0AD0
:1004B0000B0B0B0C0C0D0D0D0E0E0E0F0F0F101065
:1004C00010111111121212131314141415151516FC
:1004D000161617171718181819191A1A1A1B1B1B92
:1004E0001C1C1C1D1D1D1E1E1E1F1F1F2020212128
:1004F00021222222232323242424252525262627BE
:1005000027272828282929292A2A2A2B2B2B2C2C53
:10051000D4D4D5D5D5D6D6D6D7D7D7D8D8D8D9D973
:10052000D9DADADBDBDBDCDCDCDDDDDDDEDEDEDF09
:10053000DFDFE0E0E1E1E1E2E2E2E3E3E3E4E4E49F
:10054000E5E5E5E6E6E6E7E7E8E8E8E9E9E9EAEA35
:10055000EAEBEBEBECECECEDEDEEEEEEEFEFEFF0CB
:10056000F0F0F1F1F1F2F2F2F3F3F3F4F4F5F5F562
:10057000F6F6F6F7F7F7F8F8F8F9F9F9FAFAFBFBF7
:10058000FBFCFCFCFDFDFDFEFEFEFFFFFF0000008E
:100590000000000101010202020303030404050537
:1005A0000506060607070708080809090A0A0A0BCC
:1005B0000B0B0C0C0C0D0D0E0E0E0F0F0F10101060
:1005C00011111112121313131414141515151616F4
:1005D0001717171818181919191A1A1A1B1B1C1C87
:1005E0001C1D1D1D1E1E1E1F1F1F2020212121221C
:1005F00022222323232424252525262626272727B0
:1006000028282829292A2A2A2B2B2B2C2C2C2D2D43
:10061000D3D3D4D4D4D5D5D5D6D6D6D7D7D8D8D881
:10062000D9D9D9DADADADBDBDBDCDCDDDDDDDEDE15
:10063000DEDFDFDFE0E0E1E1E1E2E2E2E3E3E3E4A9
:10064000E4E4E5E5E6E6E6E7E7E7E8E8E8E9E9E93E
:10065000EAEAEBEBEBECECECEDEDEDEEEEEFEFEFD1
:10066000F0F0F0F1F1F1F2F2F2F3F3F4F4F4F5F565
:10067000F5F6F6F6F7F7F8F8F8F9F9F9FAFAFAFBF9
:10068000FBFBFCFCFDFDFDFEFEFEFFFFFF0000008E
:100690000000000101010202020303040404050535
:1006A0000506060607070808080909090A0A0B0BC8
:1006B0000B0C0C0C0D0D0D0E0E0F0F0F101010115A
:1006C00011111212131313141414151516161617EC
:1006D000171718181819191A1A1A1B1B1B1C1C1D7E
:1006E0001D1D1E1E1E1F1F1F202021212122222210
:1006F00023232324242525252626262727282828A2
:100700002929292A2A2A2B2B2C2C2C2D2D2D2E2E33
:10071000D2D2D3D3D3D4D4D4D5D5D6D6D6D7D7D78F
:10072000D8D8D8D9D9DADADADBDBDBDCDCDDDDDD21
:10073000DEDEDEDFDFDFE0E0E1E1E1E2E2E2E3E3B3
:10074000E3E4E4E5E5E5E6E6E6E7E7E8E8E8E9E945
:10075000E9EAEAEAEBEBECECECEDEDEDEEEEEFEFD7
:10076000EFF0F0F0F1F1F1F2F2F3F3F3F4F4F4F569
:10077000F5F5F6F6F7F7F7F8F8F8F9F9FAFAFAFBFB
:10078000FBFBFCFCFCFDFDFEFEFEFFFFFF0000008E
:100790000000000101010202030303040404050533
:1007A00006060607070708080909090A0A0A0B0BC3
:1007B0000C0C0C0D0D0D0E0E0F0F0F101010111153
:1007C00012121213131314141515151616161717E3
:1007D0001818181919191A1A1B1B1B1C1C1C1D1D73
:1007E0001E1E1E1F1F1F2020212121222222232303
:1007F0002424242525252626272727282828292993
:100800002A2A2A2B2B2B2C2C2D2D2D2E2E2E2F2F22
:10081000D1D1D2D2D2D3D3D3D4D4D5D5D5D6D6D69E
:10082000D7D7D8D8D8D9D9D9DADADBDBDBDCDCDC2E
:10083000DDDDDEDEDEDFDFDFE0E0E1E1E1E2E2E2BE
:10084000E3E3E4E4E4E5E5E5E6E6E7E7E7E8E8E84E
:10085000E9E9EAEAEAEBEBEBECECEDEDEDEEEEEEDE
:10086000EFEFF0F0F0F1F1F1F2F2F3F3F3F4F4F46E
:10087000F5F5F6F6F6F7F7F7F8F8F9F9F9FAFAFAFE
:10088000FBFBFCFCFCFDFDFDFEFEFFFFFF0000008E
:100890000000000101010202030303040404050532
:1008A00006060607070808080909090A0A0B0B0BC0
:1008B0000C0C0D0D0D0E0E0E0F0F1010101111114E
:1008C00012121313131414151515161616171718DC
:1008D000181819191A1A1A1B1B1B1C1C1D1D1D1E6A
:1008E0001E1F1F1F202020212122222223232324F8
:1008F00024252525262627272728282829292A2A86
:100900002A2B2B2C2C2C2D2D2D2E2E2F2F2F303013
:10091000D0D0D1D1D1D2D2D3D3D3D4D4D4D5D5D6AB
:10092000D6D6D7D7D8D8D8D9D9D9DADADBDBDBDC39
:10093000DCDDDDDDDEDEDEDFDFE0E0E0E1E1E1E2C7
:10094000E2E3E3E3E4E4E5E5E5E6E6E6E7E7E8E855
:10095000E8E9E9EAEAEAEBEBEBECECEDEDEDEEEEE3
:10096000EFEFEFF0F0F0F1F1F2F2F2F3F3F3F4F471
:10097000F5F5F5F6F6F7F7F7F8F8F8F9F9FAFAFAFF
:10098000FBFBFCFCFCFDFDFDFEFEFFFFFF0000008D
:100990000000000101010202030303040405050530
:1009A000060607070708080809090A0A0A0B0B0CBC
:1009B0000C0C0D0D0E0E0E0F0F1010101111111248
:1009C00012131313141415151516161717171818D4
:1009D0001919191A1A1A1B1B1C1C1C1D1D1E1E1E60
:1009E0001F1F2020202121212222232323242425EC
:1009F0002525262627272728282929292A2A2A2B78
:100A00002B2C2C2C2D2D2E2E2E2F2F303030313103
:100A1000CFCFD0D0D0D1D1D2D2D2D3D3D4D4D4D5B9
:100A2000D5D6D6D6D7D7D7D8D8D9D9D9DADADBDB45
:100A3000DBDCDCDDDDDDDEDEDFDFDFE0E0E0E1E1D1
:100A4000E2E2E2E3E3E4E4E4E5E5E6E6E6E7E7E75D
:100A5000E8E8E9E9E9EAEAEBEBEBECECEDEDEDEEE9
:100A6000EEEFEFEFF0F0F0F1F1F2F2F2F3F3F4F475
:100A7000F4F5F5F6F6F6F7F7F8F8F8F9F9F9FAFA01
:100A8000FBFBFBFCFCFDFDFDFEFEFFFFFF0000008D
:100A9000000000010101020203030304040505052F
:100AA000060607070708080909090A0A0B0B0B0CB9
:100AB0000C0D0D0D0E0E0F0F0F1010111111121243
:100AC00013131314141515151616171717181819CC
:100AD00019191A1A1B1B1B1C1C1D1D1D1E1E1F1F56
:100AE0001F202021212122222323232424252525E0
:100AF000262627272728282929292A2A2B2B2B2C69
:100B00002C2D2D2D2E2E2F2F2F30303131313232F2
:100B1000CECECFCFCFD0D0D1D1D1D2D2D3D3D3D4C8
:100B2000D4D5D5D5D6D6D7D7D7D8D8D9D9D9DADA52
:100B3000DBDBDBDCDCDDDDDDDEDEDFDFDFE0E0E1DB
:100B4000E1E1E2E2E3E3E3E4E4E5E5E5E6E6E7E765
:100B5000E7E8E8E9E9E9EAEAEBEBEBECECEDEDEDEF
:100B6000EEEEEFEFEFF0F0F1F1F1F2F2F3F3F3F478
:100B7000F4F5F5F5F6F6F7F7F7F8F8F9F9F9FAFA02
:100B8000FBFBFBFCFCFDFDFDFEFEFFFFFF0000008C
:100B9000000000010102020203030404040505062B
:100BA0000606070708080809090A0A0A0B0B0C0CB5
:100BB0000D0D0D0E0E0F0F0F10101111111212133B
:100BC00013131414151515161617171718181919C5
:100BD0001A1A1A1B1B1C1C1C1D1D1E1E1E1F1F204B
:100BE00020202121222222232324242425252626D5
:100BF00027272728282929292A2A2B2B2B2C2C2D5B
:100C00002D2D2E2E2F2F2F303031313132323333E4
:100C1000CDCDCECECFCFCFD0D0D1D1D1D2D2D3D3D4
:100C2000D3D4D4D5D5D5D6D6D7D7D7D8D8D9D9D95E
:100C3000DADADBDBDCDCDCDDDDDEDEDEDFDFE0E0E4
:100C4000E0E1E1E2E2E2E3E3E4E4E4E5E5E6E6E66E
:100C5000E7E7E8E8E9E9E9EAEAEBEBEBECECEDEDF4
:100C6000EDEEEEEFEFEFF0F0F1F1F1F2F2F3F3F37E
:100C7000F4F4F5F5F6F6F6F7F7F8F8F8F9F9FAFA04
:100C8000FAFBFBFCFCFCFDFDFEFEFEFFFF0000008E
:100C9000000000010102020203030404040505062A
:100CA0000607070708080909090A0A0B0B0C0C0CB0
:100CB0000D0D0E0E0E0F0F10101011111212131336
:100CC0001314141515151616171718181819191ABC
:100CD0001A1A1B1B1C1C1C1D1D1E1E1F1F1F202043
:100CE00021212122222323242424252526262627C8
:100CF0002728282829292A2A2B2B2B2C2C2D2D2D4F
:100D00002E2E2F2F303030313132323233333434D3
:100D1000CCCCCDCDCECECECFCFD0D0D0D1D1D2D2E3
:100D2000D3D3D3D4D4D5D5D5D6D6D7D7D8D8D8D968
:100D3000D9DADADADBDBDCDCDCDDDDDEDEDFDFDFEF
:100D4000E0E0E1E1E1E2E2E3E3E4E4E4E5E5E6E674
:100D5000E6E7E7E8E8E8E9E9EAEAEBEBEBECECEDFB
:100D6000EDEDEEEEEFEFF0F0F0F1F1F2F2F2F3F381
:100D7000F4F4F4F5F5F6F6F7F7F7F8F8F9F9F9FA07
:100D8000FAFBFBFCFCFCFDFDFEFEFEFFFF0000008D
:100D90000000000101020202030304040505050628
:100DA00006070708080809090A0A0A0B0B0C0C0DAC
:100DB0000D0D0E0E0F0F1010101111121212131331
:100DC00014141515151616171718181819191A1AB4
:100DD0001B1B1B1C1C1D1D1D1E1E1F1F2020202138
:100DE00021222223232324242525252626272728BC
:100DF000282829292A2A2B2B2B2C2C2D2D2D2E2E41
:100E00002F2F3030303131323233333334343535C3
:100E1000CBCBCCCCCDCDCDCECECFCFD0D0D0D1D1F1
:100E2000D2D2D3D3D3D4D4D5D5D5D6D6D7D7D8D874
:100E3000D8D9D9DADADBDBDBDCDCDDDDDDDEDEDFF9
:100E4000DFE0E0E0E1E1E2E2E3E3E3E4E4E5E5E57D
:100E5000E6E6E7E7E8E8E8E9E9EAEAEBEBEBECEC01
:100E6000EDEDEEEEEEEFEFF0F0F0F1F1F2F2F3F384
:100E7000F3F4F4F5F5F6F6F6F7F7F8F8F8F9F9FA09
:100E8000FAFBFBFBFCFCFDFDFEFEFEFFFF0000008D
:100E90000000000101020203030304040505060625
:100EA00006070708080909090A0A0B0B0C0C0C0DA8
:100EB0000D0E0E0F0F0F101011111212121313142A
:100EC000141515151616171718181819191A1A1BAC
:100ED0001B1B1C1C1D1D1E1E1E1F1F20202121212F
:100EE00022222323242424252526262727272828B1
:100EF00029292A2A2A2B2B2C2C2D2D2D2E2E2F2F33
:100F000030303031313232333333343435353636B4
:100F1000CACACBCBCCCCCDCDCDCECECFCFD0D0D0FE
:100F2000D1D1D2D2D3D3D3D4D4D5D5D6D6D6D7D780
:100F3000D8D8D9D9D9DADADBDBDCDCDCDDDDDEDE02
:100F4000DFDFDFE0E0E1E1E2E2E2E3E3E4E4E5E584
:100F5000E5E6E6E7E7E8E8E8E9E9EAEAEBEBEBEC07
:100F6000ECEDEDEEEEEEEFEFF0F0F1F1F1F2F2F389
:100F7000F3F4F4F4F5F5F6F6F7F7F7F8F8F9F9FA0B
:100F8000FAFAFBFBFCFCFDFDFDFEFEFFFF0000008E
:100F90000000000101020203030304040505060624
:100FA000070707080809090A0A0A0B0B0C0C0D0DA4
:100FB0000E0E0E0F0F101011111112121313141424
:100FC0001515151616171718181819191A1A1B1BA4
:100FD0001C1C1C1D1D1E1E1F1F1F20202121222224
:100FE00023232324242525262626272728282929A4
:100FF0002A2A2A2B2B2C2C2D2D2D2E2E2F2F303024
:1010000031313132323333343434353536363737A3
:10101000C9C9CACACBCBCCCCCCCDCDCECECFCFCF0D
:10102000D0D0D1D1D2D2D3D3D3D4D4D5D5D6D6D68D
:10103000D7D7D8D8D9D9DADADADBDBDCDCDDDDDD0D
:10104000DEDEDFDFE0E0E1E1E1E2E2E3E3E4E4E48D
:10105000E5E5E6E6E7E7E8E8E8E9E9EAEAEBEBEB0D
:10106000ECECEDEDEEEEEFEFEFF0F0F1F1F2F2F28D
:10107000F3F3F4F4F5F5F6F6F6F7F7F8F8F9F9F90D
:10108000FAFAFBFBFCFCFDFDFDFEFEFFFF0000008D
:101090000000000101020203030404040505060622
:1010A000070708080809090A0A0B0B0C0C0C0D0DA0
:1010B0000E0E0F0F1010101111121213131414141E
:1010C00015151616171718181819191A1A1B1B1C9C
:1010D0001C1C1D1D1E1E1F1F20202021212222231B
:1010E0002324242425252626272728282829292A99
:1010F0002A2B2B2C2C2C2D2D2E2E2F2F3030303117
:101100003132323333343434353536363737383894
:10111000C8C8C9C9CACACBCBCCCCCCCDCDCECECF1A
:10112000CFD0D0D0D1D1D2D2D3D3D4D4D4D5D5D698
:10113000D6D7D7D8D8D8D9D9DADADBDBDCDCDCDD16
:10114000DDDEDEDFDFE0E0E0E1E1E2E2E3E3E4E494
:10115000E4E5E5E6E6E7E7E8E8E8E9E9EAEAEBEB13
:10116000ECECECEDEDEEEEEFEFF0F0F0F1F1F2F291
:10117000F3F3F4F4F4F5F5F6F6F7F7F8F8F8F9F90F
:10118000FAFAFBFBFCFCFCFDFDFEFEFFFF0000008D
:101190000000000101020203030404040505060621
:1011A000070708080909090A0A0B0B0C0C0D0D0E9C
:1011B0000E0E0F0F10101111121213131314141519
:1011C000151616171718181819191A1A1B1B1C1C94
:1011D0001D1D1D1E1E1F1F20202121212222232311
:1011E000242425252626262727282829292A2A2B8C
:1011F0002B2B2C2C2D2D2E2E2F2F30303031313209
:101200003233333434353535363637373838393983
:10121000C7C7C8C8C9C9CACACBCBCBCCCCCDCDCE29
:10122000CECFCFD0D0D0D1D1D2D2D3D3D4D4D5D5A4
:10123000D5D6D6D7D7D8D8D9D9DADADADBDBDCDC21
:10124000DDDDDEDEDFDFDFE0E0E1E1E2E2E3E3E39C
:10125000E4E4E5E5E6E6E7E7E8E8E8E9E9EAEAEB19
:10126000EBECECEDEDEDEEEEEFEFF0F0F1F1F2F294
:10127000F2F3F3F4F4F5F5F6F6F7F7F7F8F8F9F911
:10128000FAFAFBFBFCFCFCFDFDFEFEFFFF0000008C
:10129000000000010102020303040405050506061F
:1012A0000707080809090A0A0B0B0B0C0C0D0D0E99
:1012B0000E0F0F1010111111121213131414151513
:1012C0001616171717181819191A1A1B1B1C1C1D8C
:1012D0001D1D1E1E1F1F2020212122222323232407
:1012E0002425252626272728282929292A2A2B2B81
:1012F0002C2C2D2D2E2E2F2F2F30303131323233FA
:1013000033343435353536363737383839393A3A73
:10131000C6C6C7C7C8C8C9C9CACACBCBCBCCCCCD37
:10132000CDCECECFCFD0D0D1D1D1D2D2D3D3D4D4B1
:10133000D5D5D6D6D7D7D7D8D8D9D9DADADBDBDC2A
:10134000DCDDDDDDDEDEDFDFE0E0E1E1E2E2E3E3A4
:10135000E3E4E4E5E5E6E6E7E7E8E8E9E9E9EAEA1F
:10136000EBEBECECEDEDEEEEEFEFEFF0F0F1F1F298
:10137000F2F3F3F4F4F5F5F5F6F6F7F7F8F8F9F912
:10138000FAFAFBFBFBFCFCFDFDFEFEFFFF0000008C
:10139000000000010102020303040405050606071C
:1013A0000707080809090A0A0B0B0C0C0D0D0E0E95
:1013B0000F0F0F101011111212131314141515160C
:1013C00016161717181819191A1A1B1B1C1C1D1D85
:1013D0001E1E1E1F1F2020212122222323242425FC
:1013E000252526262727282829292A2A2B2B2C2C75
:1013F0002D2D2D2E2E2F2F303031313232333334EC
:101400003434353536363737383839393A3A3B3B64
:10141000C5C5C6C6C7C7C8C8C9C9CACACBCBCCCC44
:10142000CCCDCDCECECFCFD0D0D1D1D2D2D3D3D3BD
:10143000D4D4D5D5D6D6D7D7D8D8D9D9DADADBDB34
:10144000DBDCDCDDDDDEDEDFDFE0E0E1E1E2E2E2AD
:10145000E3E3E4E4E5E5E6E6E7E7E8E8E9E9EAEA24
:10146000EAEBEBECECEDEDEEEEEFEFF0F0F1F1F19D
:10147000F2F2F3F3F4F4F5F5F6F6F7F7F8F8F9F914
:10148000F9FAFAFBFBFCFCFDFDFEFEFFFF0000008D
:10149000000000010102020303040405050606071B
:1014A00007080809090A0A0A0B0B0C0C0D0D0E0E91
:1014B0000F0F101011111212131314141415151606
:1014C000161717181819191A1A1B1B1C1C1D1D1E7C
:1014D0001E1E1F1F202021212222232324242525F4
:1014E0002626272728282829292A2A2B2B2C2C2D69
:1014F0002D2E2E2F2F3030313132323233333434DF
:10150000353536363737383839393A3A3B3B3C3C53
:10151000C4C4C5C5C6C6C7C7C8C8C9C9CACACBCB53
:10152000CCCCCDCDCECECECFCFD0D0D1D1D2D2D3C8
:10153000D3D4D4D5D5D6D6D7D7D8D8D8D9D9DADA3E
:10154000DBDBDCDCDDDDDEDEDFDFE0E0E1E1E2E2B3
:10155000E2E3E3E4E4E5E5E6E6E7E7E8E8E9E9EA2B
:10156000EAEBEBECECECEDEDEEEEEFEFF0F0F1F1A1
:10157000F2F2F3F3F4F4F5F5F6F6F6F7F7F8F8F916
:10158000F9FAFAFBFBFCFCFDFDFEFEFFFF0000008C
:10159000000000010102020303040405050606071A
:1015A00007080809090A0A0B0B0C0C0D0D0E0E0F8B
:1015B0000F0F101011111212131314141515161603
:1015C0001717181819191A1A1B1B1C1C1D1D1E1E73
:1015D0001F1F1F20202121222223232424252526EA
:1015E000262727282829292A2A2B2B2C2C2D2D2E5B
:1015F0002E2E2F2F303031313232333334343535D3
:1016000036363737383839393A3A3B3B3C3C3D3D42
:10161000C3C3C4C4C5C5C6C6C7C7C8C8C9C9CACA62
:10162000CBCBCCCCCDCDCECECFCFD0D0D1D1D2D2D2
:10163000D2D3D3D4D4D5D5D6D6D7D7D8D8D9D9DA4A
:10164000DADBDBDCDCDDDDDEDEDFDFE0E0E1E1E1BB
:10165000E2E2E3E3E4E4E5E5E6E6E7E7E8E8E9E932
:10166000EAEAEBEBECECEDEDEEEEEFEFF0F0F1F1A2
:10167000F1F2F2F3F3F4F4F5F5F6F6F7F7F8F8F91A
:10168000F9FAFAFBFBFCFCFDFDFEFEFFFF0000008B
:101690000000000101020203030404050506060719
:1016A00007080809090A0A0B0B0C0C0D0D0E0E0F8A
:1016B0000F101011111212131314141515161617FA
:1016C00017181819191A1A1B1B1C1C1D1D1E1E1F6A
:1016D0001F1F2020212122222323242425252626E2
:1016E0002727282829292A2A2B2B2C2C2D2D2E2E52
:1016F0002F2F3030313132323333343435353636C2
:101700003737383839393A3A3B3B3C3C3D3D3E3E31
:10171000C2C2C3C3C4C4C5C5C6C6C7C7C8C8C9C971
:10172000CACACBCBCCCCCDCDCECECFCFD0D0D1D1E1
:10173000D2D2D3D3D4D4D5D5D6D6D7D7D8D8D9D951
:10174000DADADBDBDCDCDDDDDEDEDFDFE0E0E1E1C1
:10175000E1E2E2E3E3E4E4E5E5E6E6E7E7E8E8E939
:10176000E9EAEAEBEBECECEDEDEEEEEFEFF0F0F1A9
:10177000F1F2F2F3F3F4F4F5F5F6F6F7F7F8F8F919
:10178000F9FAFAFBFBFCFCFDFDFEFEFFFF0000008A
:101790000000010102020303040405050606070711
:1017A000080809090A0A0B0B0C0C0D0D0E0E0F0F81
:1017B00010101111121213131414151516161717F1
:1017C000181819191A1A1B1B1C1C1D1D1E1E1F1F61
:1017D00020202121222223232424252526262727D1
:1017E000282829292A2A2B2B2C2C2D2D2E2E2F2F41
:1017F00030303131323233333434353536363737B1
:10180000383839393A3A3B3B3C3C3D3D3E3E3F3F20
:10181000C1C1C2C2C3C3C4C4C5C5C6C6C7C7C8C880
:10182000C9C9CACACBCBCCCCCDCDCECECFCFD0D0F0
:10183000D1D1D2D2D3D3D4D4D5D5D6D6D7D7D8D860
:10184000D9D9DADADBDBDCDCDDDDDEDEDFDFE0E0D0
:10185000E1E1E2E2E3E3E4E4E5E5E6E6E7E7E8E840
:10186000E9E9EAEAEBEBECECEDEDEEEEEFEFF0F0B0
:10187000F1F1F2F2F3F3F4F4F5F5F6F6F7F7F8F820
:10188000F9F9FAFAFBFBFCFCFDFDFEFEFFFF000090
:101890000000010102020303040405050606070710
:1018A000080809090A0A0B0B0C0C0D0D0E0E0F0F80
:1018B00010101111121213131414151516161717F0
:1018C000181819191A1A1B1B1C1C1D1D1E1E1F1F60
:1018D00020212122222323242425252626272728C8
:1018E0002829292A2A2B2B2C2C2D2D2E2E2F2F3038
:1018F00030313132323333343435353636373738A8
:101900003839393A3A3B3B3C3C3D3D3E3E3F3F4017
:10191000C0C1C1C2C2C3C3C4C4C5C5C6C6C7C7C887
:10192000C8C9C9CACACBCBCCCCCDCDCECECFCFD0F7
:10193000D0D1D1D2D2D3D3D4D4D5D5D6D6D7D7D867
:10194000D8D9D9DADADBDBDCDCDDDDDEDEDFDFE0D7
:10195000E1E1E2E2E3E3E4E4E5E5E6E6E7E7E8E83F
:10196000E9E9EAEAEBEBECECEDEDEEEEEFEFF0F0AF
:10197000F1F1F2F2F3F3F4F4F5F5F6F6F7F7F8F81F
:10198000F9F9FAFAFBFBFCFCFDFDFEFEFFFF00008F
:10199000000001010202030304040505060607070F
:1019A000080809090A0A0B0B0C0C0D0D0E0E0F0F7F
:1019B00010111112121313141415151616171718E7
:1019C0001819191A1A1B1B1C1C1D1D1E1E1F1F2057
:1019D00021212222232324242525262627272828BF
:1019E00029292A2A2B2B2C2C2D2D2E2E2F2F30302F
:1019F0003132323333343435353636373738383997
:101A0000393A3A3B3B3C3C3D3D3E3E3F3F40404106
:101A1000BFC0C0C1C1C2C2C3C3C4C4C5C5C6C6C796
:101A2000C7C8C8C9C9CACACBCBCCCCCDCDCECECF06
:101A3000D0D0D1D1D2D2D3D3D4D4D5D5D6D6D7D76E
:101A4000D8D8D9D9DADADBDBDCDCDDDDDEDEDFDFDE
:101A5000E0E1E1E2E2E3E3E4E4E5E5E6E6E7E7E846
:101A6000E8E9E9EAEAEBEBECECEDEDEEEEEFEFF0B6
:101A7000F1F1F2F2F3F3F4F4F5F5F6F6F7F7F8F81E
:101A8000F9F9FAFAFBFBFCFCFDFDFEFEFFFF00008E
:101A9000000001010202030304040505060607070E
:101AA000080809090A0A0B0C0C0D0D0E0E0F0F1079
:101AB00010111112121313141415151617171818E4
:101AC00019191A1A1B1B1C1C1D1D1E1E1F1F20204E
:101AD00021222223232424252526262727282829B6
:101AE000292A2A2B2B2C2D2D2E2E2F2F3030313121
:101AF0003232333334343535363637383839393A8B
:101B00003A3B3B3C3C3D3D3E3E3F3F4040414142F5
:101B1000BEBFBFC0C0C1C1C2C2C3C3C4C4C5C5C6A5
:101B2000C6C7C7C8C8C9CACACBCBCCCCCDCDCECE10
:101B3000CFCFD0D0D1D1D2D2D3D3D4D5D5D6D6D77A
:101B4000D7D8D8D9D9DADADBDBDCDCDDDDDEDEDFE5
:101B5000E0E0E1E1E2E2E3E3E4E4E5E5E6E6E7E74D
:101B6000E8E8E9E9EAEBEBECECEDEDEEEEEFEFF0B7
:101B7000F0F1F1F2F2F3F3F4F4F5F6F6F7F7F8F822
:101B8000F9F9FAFAFBFBFCFCFDFDFEFEFFFF00008D
:101B9000000001010202030304040505060607070D
:101BA0000809090A0A0B0B0C0C0D0D0E0E0F0F1075
:101BB00011111212131314141515161617171818DD
:101BC000191A1A1B1B1C1C1D1D1E1E1F1F20202145
:101BD00022222323242425252626272728282929AD
:101BE0002A2B2B2C2C2D2D2E2E2F2F303031313215
:101BF00033333434353536363737383839393A3A7D
:101C00003B3C3C3D3D3E3E3F3F40404141424243E4
:101C1000BDBEBEBFBFC0C0C1C1C2C2C3C3C4C4C5B4
:101C2000C6C6C7C7C8C8C9C9CACACBCBCCCCCDCD1C
:101C3000CECFCFD0D0D1D1D2D2D3D3D4D4D5D5D684
:101C4000D7D7D8D8D9D9DADADBDBDCDCDDDDDEDEEC
:101C5000DFE0E0E1E1E2E2E3E3E4E4E5E5E6E6E754
:101C6000E8E8E9E9EAEAEBEBECECEDEDEEEEEFEFBC
:101C7000F0F1F1F2F2F3F3F4F4F5F5F6F6F7F7F824
:101C8000F9F9FAFAFBFBFCFCFDFDFEFEFFFF00008C
:101C9000000001010202030304040505060707080A
:101CA0000809090A0A0B0B0C0C0D0E0E0F0F101071
:101CB00011111212131314151516161717181819D7
:101CC000191A1A1B1C1C1D1D1E1E1F1F202021213E
:101CD00022232324242525262627272828292A2AA3
:101CE0002B2B2C2C2D2D2E2E2F2F30313132323309
:101CF0003334343535363637383839393A3A3B3B70
:101D00003C3C3D3D3E3F3F404041414242434344D5
:101D1000BCBDBDBEBEBFBFC0C0C1C1C2C3C3C4C4C1
:101D2000C5C5C6C6C7C7C8C8C9CACACBCBCCCCCD27
:101D3000CDCECECFCFD0D1D1D2D2D3D3D4D4D5D58E
:101D4000D6D6D7D8D8D9D9DADADBDBDCDCDDDDDEF4
:101D5000DFDFE0E0E1E1E2E2E3E3E4E4E5E6E6E759
:101D6000E7E8E8E9E9EAEAEBEBECEDEDEEEEEFEFC0
:101D7000F0F0F1F1F2F2F3F4F4F5F5F6F6F7F7F826
:101D8000F8F9F9FAFBFBFCFCFDFDFEFEFFFF00008D
:101D90000000010102020303040405060607070808
:101DA0000809090A0A0B0C0C0D0D0E0E0F0F10106E
:101DB00011121213131414151516161718181919D1
:101DC0001A1A1B1B1C1C1D1E1E1F1F202021212236
:101DD000232324242525262627272829292A2A2B98
:101DE0002B2C2C2D2D2E2F2F3030313132323333FE
:101DF00034353536363737383839393A3B3B3C3C61
:101E00003D3D3E3E3F3F40414142424343444445C5
:101E1000BBBCBCBDBDBEBEBFBFC0C1C1C2C2C3C3CF
:101E2000C4C4C5C5C6C7C7C8C8C9C9CACACBCBCC34
:101E3000CDCDCECECFCFD0D0D1D1D2D3D3D4D4D597
:101E4000D5D6D6D7D7D8D9D9DADADBDBDCDCDDDDFD
:101E5000DEDFDFE0E0E1E1E2E2E3E4E4E5E5E6E65F
:101E6000E7E7E8E8E9EAEAEBEBECECEDEDEEEEEFC4
:101E7000F0F0F1F1F2F2F3F3F4F4F5F6F6F7F7F827
:101E8000F8F9F9FAFAFBFCFCFDFDFEFEFFFF00008D
:101E90000000010102020303040405060607070807
:101EA0000809090A0B0B0C0C0D0D0E0E0F1010116A
:101EB0001112121313141515161617171818191ACC
:101EC0001A1B1B1C1C1D1D1E1F1F2020212122222E
:101ED0002324242525262627272829292A2A2B2B8F
:101EE0002C2C2D2E2E2F2F303031313233333434F1
:101EF0003535363637383839393A3A3B3B3C3D3D53
:101F00003E3E3F3F404041424243434444454546B4
:101F1000BABBBBBCBCBDBDBEBEBFC0C0C1C1C2C2DE
:101F2000C3C3C4C5C5C6C6C7C7C8C8C9CACACBCB40
:101F3000CCCCCDCDCECFCFD0D0D1D1D2D2D3D4D4A2
:101F4000D5D5D6D6D7D7D8D9D9DADADBDBDCDCDD04
:101F5000DEDEDFDFE0E0E1E1E2E3E3E4E4E5E5E665
:101F6000E6E7E8E8E9E9EAEAEBEBECEDEDEEEEEFC7
:101F7000EFF0F0F1F2F2F3F3F4F4F5F5F6F7F7F829
:101F8000F8F9F9FAFAFBFCFCFDFDFEFEFFFF00008C
:101F90000000010102020303040505060607070805
:101FA00009090A0A0B0B0C0C0D0E0E0F0F10101165
:101FB0001212131314141515161717181819191AC5
:101FC0001B1B1C1C1D1D1E1E1F2020212122222325
:101FD00024242525262627272829292A2A2B2B2C85
:101FE0002D2D2E2E2F2F30303132323333343435E5
:101FF00036363737383839393A3B3B3C3C3D3D3E45
:102000003F3F4040414142424344444545464647A4
:10201000B9BABABBBBBCBCBDBEBEBFBFC0C0C1C1EC
:10202000C2C3C3C4C4C5C5C6C7C7C8C8C9C9CACA4C
:10203000CBCCCCCDCDCECECFD0D0D1D1D2D2D3D3AC
:10204000D4D5D5D6D6D7D7D8D9D9DADADBDBDCDC0C
:10205000DDDEDEDFDFE0E0E1E2E2E3E3E4E4E5E56C
:10206000E6E7E7E8E8E9E9EAEBEBECECEDEDEEEECC
:10207000EFF0F0F1F1F2F2F3F4F4F5F5F6F6F7F72C
:10208000F8F9F9FAFAFBFBFCFDFDFEFEFFFF00008C
:102090000000010102020303040505060607070804
:1020A00009090A0A0B0B0C0D0D0E0E0F0F10111162
:1020B00012121313141515161617171819191A1AC0
:1020C0001B1B1C1D1D1E1E1F1F202121222223231E
:1020D000242525262627272829292A2A2B2B2C2D7B
:1020E0002D2E2E2F2F3031313232333334353536D9
:1020F0003637373839393A3A3B3B3C3D3D3E3E3F37
:102100003F40414142424343444545464647474894
:10211000B8B9B9BABABBBBBCBDBDBEBEBFBFC0C1FA
:10212000C1C2C2C3C3C4C5C5C6C6C7C7C8C9C9CA58
:10213000CACBCBCCCDCDCECECFCFD0D1D1D2D2D3B6
:10214000D3D4D5D5D6D6D7D7D8D9D9DADADBDBDC14
:10215000DDDDDEDEDFDFE0E1E1E2E2E3E3E4E5E571
:10216000E6E6E7E7E8E9E9EAEAEBEBECEDEDEEEECF
:10217000EFEFF0F1F1F2F2F3F3F4F5F5F6F6F7F72D
:10218000F8F9F9FAFAFBFBFCFDFDFEFEFFFF00008B
:102190000000010102020304040505060607080801
:1021A00009090A0A0B0C0C0D0D0E0F0F101011115E
:1021B000121313141415151617171818191A1A1BB9
:1021C0001B1C1C1D1E1E1F1F202021222223232416
:1021D0002525262627272829292A2A2B2B2C2D2D71
:1021E0002E2E2F2F303131323233343435353636CE
:1021F00037383839393A3A3B3C3C3D3D3E3F3F4029
:102200004041414243434444454546474748484985
:10221000B7B8B8B9B9BABBBBBCBCBDBDBEBFBFC007
:10222000C0C1C1C2C3C3C4C4C5C6C6C7C7C8C8C964
:10223000CACACBCBCCCCCDCECECFCFD0D1D1D2D2BF
:10224000D3D3D4D5D5D6D6D7D7D8D9D9DADADBDB1C
:10225000DCDDDDDEDEDFE0E0E1E1E2E2E3E4E4E577
:10226000E5E6E6E7E8E8E9E9EAEBEBECECEDEDEED4
:10227000EFEFF0F0F1F1F2F3F3F4F4F5F6F6F7F72F
:10228000F8F8F9FAFAFBFBFCFCFDFEFEFFFF00008C
:1022900000000101020203040405050607070808FF
:1022A00009090A0B0B0C0C0D0E0E0F0F101011125A
:1022B000121313141515161617181819191A1A1BB4
:1022C0001C1C1D1D1E1F1F2020212122232324240E
:1022D00025262627272829292A2A2B2B2C2D2D2E67
:1022E0002E2F3030313132323334343535363737C2
:1022F0003838393A3A3B3B3C3C3D3E3E3F3F40411B
:102300004142424343444545464647484849494A75
:10231000B6B7B7B8B8B9BABABBBBBCBDBDBEBEBF15
:10232000BFC0C1C1C2C2C3C4C4C5C5C6C6C7C8C870
:10233000C9C9CACBCBCCCCCDCECECFCFD0D0D1D2C9
:10234000D2D3D3D4D5D5D6D6D7D7D8D9D9DADADB24
:10235000DCDCDDDDDEDFDFE0E0E1E1E2E3E3E4E47D
:10236000E5E6E6E7E7E8E8E9EAEAEBEBECEDEDEED7
:10237000EEEFF0F0F1F1F2F2F3F4F4F5F5F6F7F731
:10238000F8F8F9F9FAFBFBFCFCFDFEFEFFFF00008C
:1023900000000101020203040405050607070808FE
:1023A000090A0A0B0B0C0D0D0E0E0F101011111255
:1023B0001313141415151617171818191A1A1B1BAE
:1023C0001C1D1D1E1E1F2020212122232324242505
:1023D000262627272828292A2A2B2B2C2D2D2E2E5E
:1023E0002F303031313233333434353636373738B5
:1023F00039393A3A3B3B3C3D3D3E3E3F404041410E
:10240000424343444445464647474849494A4A4B64
:10241000B5B6B6B7B7B8B9B9BABABBBCBCBDBDBE24
:10242000BFBFC0C0C1C2C2C3C3C4C5C5C6C6C7C77B
:10243000C8C9C9CACACBCCCCCDCDCECFCFD0D0D1D4
:10244000D2D2D3D3D4D5D5D6D6D7D8D8D9D9DADA2B
:10245000DBDCDCDDDDDEDFDFE0E0E1E2E2E3E3E484
:10246000E5E5E6E6E7E8E8E9E9EAEBEBECECEDEDDB
:10247000EEEFEFF0F0F1F2F2F3F3F4F5F5F6F6F734
:10248000F8F8F9F9FAFBFBFCFCFDFEFEFFFF00008B
:1024900000000101020303040405060607070809FA
:1024A000090A0A0B0C0C0D0D0E0F0F101011121251
:1024B0001313141515161617181819191A1B1B1CA7
:1024C0001C1D1E1E1F1F20212122222324242525FE
:1024D0002627272828292A2A2B2B2C2D2D2E2E2F54
:1024E00030303131323333343435363637373839AA
:1024F000393A3A3B3C3C3D3D3E3F3F404041424201
:102500004343444545464647484849494A4B4B4C56
:10251000B4B5B5B6B7B7B8B8B9BABABBBBBCBDBD30
:10252000BEBEBFC0C0C1C1C2C3C3C4C4C5C6C6C786
:10253000C7C8C9C9CACACBCCCCCDCDCECFCFD0D0DD
:10254000D1D2D2D3D3D4D5D5D6D6D7D8D8D9D9DA33
:10255000DBDBDCDCDDDEDEDFDFE0E1E1E2E2E3E489
:10256000E4E5E5E6E7E7E8E8E9EAEAEBEBECEDEDE0
:10257000EEEEEFF0F0F1F1F2F3F3F4F4F5F6F6F736
:10258000F7F8F9F9FAFAFBFCFCFDFDFEFFFF00008D
:1025900000000101020303040405060607070809F9
:1025A000090A0A0B0C0C0D0E0E0F0F10111112124E
:1025B00013141415151617171818191A1A1B1C1CA2
:1025C0001D1D1E1F1F2020212222232324252526F6
:1025D00027272828292A2A2B2B2C2D2D2E2E2F3049
:1025E000303131323333343535363637383839399E
:1025F0003A3B3B3C3C3D3E3E3F3F404141424343F2
:10260000444445464647474849494A4A4B4C4C4D45
:10261000B3B4B4B5B6B6B7B7B8B9B9BABABBBCBC3F
:10262000BDBDBEBFBFC0C1C1C2C2C3C4C4C5C5C693
:10263000C7C7C8C8C9CACACBCBCCCDCDCECFCFD0E7
:10264000D0D1D2D2D3D3D4D5D5D6D6D7D8D8D9D93C
:10265000DADBDBDCDDDDDEDEDFE0E0E1E1E2E3E38F
:10266000E4E4E5E6E6E7E8E8E9E9EAEBEBECECEDE3
:10267000EEEEEFEFF0F1F1F2F2F3F4F4F5F6F6F737
:10268000F7F8F9F9FAFAFBFCFCFDFDFEFFFF00008C
:1026900000000101020303040405060607080809F7
:1026A000090A0B0B0C0C0D0E0E0F1010111112134A
:1026B00013141415161617181819191A1B1B1C1D9C
:1026C0001D1E1E1F202021212223232425252626EE
:1026D00027282829292A2B2B2C2D2D2E2E2F303040
:1026E00031313233333435353636373838393A3A92
:1026F0003B3B3C3D3D3E3E3F4040414242434344E4
:1027000045454646474848494A4A4B4B4C4D4D4E35
:10271000B2B3B3B4B5B5B6B6B7B8B8B9BABABBBB4D
:10272000BCBDBDBEBEBFC0C0C1C2C2C3C3C4C5C59F
:10273000C6C6C7C8C8C9CACACBCBCCCDCDCECFCFF1
:10274000D0D0D1D2D2D3D3D4D5D5D6D7D7D8D8D943
:10275000DADADBDBDCDDDDDEDFDFE0E0E1E2E2E395
:10276000E3E4E5E5E6E7E7E8E8E9EAEAEBECECEDE7
:10277000EDEEEFEFF0F0F1F2F2F3F4F4F5F5F6F739
:10278000F7F8F8F9FAFAFBFCFCFDFDFEFFFF00008C
:1027900000000101020303040505060607080809F5
:1027A0000A0A0B0B0C0D0D0E0F0F10101112121345
:1027B000141415151617171819191A1A1B1C1C1D95
:1027C0001E1E1F1F202121222323242425262627E5
:1027D000282829292A2B2B2C2D2D2E2E2F30303135
:1027E000323233333435353637373838393A3A3B85
:1027F0003C3C3D3D3E3F3F404141424243444445D5
:10280000464647474849494A4B4B4C4C4D4E4E4F24
:10281000B1B2B2B3B4B4B5B5B6B7B7B8B9B9BABA5C
:10282000BBBCBCBDBEBEBFBFC0C1C1C2C3C3C4C4AC
:10283000C5C6C6C7C8C8C9C9CACBCBCCCDCDCECEFC
:10284000CFD0D0D1D2D2D3D3D4D5D5D6D7D7D8D84C
:10285000D9DADADBDCDCDDDDDEDFDFE0E1E1E2E29C
:10286000E3E4E4E5E6E6E7E7E8E9E9EAEBEBECECEC
:10287000EDEEEEEFF0F0F1F1F2F3F3F4F5F5F6F63C
:10288000F7F8F8F9FAFAFBFBFCFDFDFEFFFF00008C
:1028900000000101020303040505060607080809F4
:1028A0000A0A0B0C0C0D0D0E0F0F10111112121342
:1028B000141415161617181819191A1B1B1C1D1D90
:1028C0001E1F1F20202122222324242525262727DE
:1028D0002829292A2B2B2C2C2D2E2E2F303031312C
:1028E0003233333435353637373838393A3A3B3C7A
:1028F0003C3D3E3E3F3F40414142434344444546C8
:1029000046474848494A4A4B4B4C4D4D4E4F4F5015
:10291000B0B1B1B2B3B3B4B5B5B6B6B7B8B8B9BA69
:10292000BABBBCBCBDBDBEBFBFC0C1C1C2C2C3C4B7
:10293000C4C5C6C6C7C8C8C9C9CACBCBCCCDCDCE05
:10294000CFCFD0D0D1D2D2D3D4D4D5D5D6D7D7D853
:10295000D9D9DADBDBDCDCDDDEDEDFE0E0E1E1E2A1
:10296000E3E3E4E5E5E6E7E7E8E8E9EAEAEBECECEF
:10297000EDEEEEEFEFF0F1F1F2F3F3F4F4F5F6F63D
:10298000F7F8F8F9FAFAFBFBFCFDFDFEFFFF00008B
:1029900000000101020303040505060707080809F2
:1029A0000A0A0B0C0C0D0E0E0F101011111213133E
:1029B0001415151617171818191A1A1B1C1C1D1E8A
:1029C0001E1F2020212122232324252526272728D6
:1029D00029292A2A2B2C2C2D2E2E2F303031313222
:1029E00033333435353637373839393A3A3B3C3C6E
:1029F0003D3E3E3F404041414243434445454647BA
:102A0000474849494A4A4B4C4C4D4E4E4F50505105
:102A1000AFB0B0B1B2B2B3B4B4B5B6B6B7B7B8B977
:102A2000B9BABBBBBCBDBDBEBFBFC0C0C1C2C2C3C3
:102A3000C4C4C5C6C6C7C7C8C9C9CACBCBCCCDCD0F
:102A4000CECFCFD0D0D1D2D2D3D4D4D5D6D6D7D75B
:102A5000D8D9D9DADBDBDCDDDDDEDFDFE0E0E1E2A7
:102A6000E2E3E4E4E5E6E6E7E8E8E9E9EAEBEBECF3
:102A7000EDEDEEEFEFF0F0F1F2F2F3F4F4F5F6F63F
:102A8000F7F8F8F9F9FAFBFBFCFDFDFEFFFF00008B
:102A900000000101020303040505060707080909F0
:102AA0000A0B0B0C0C0D0E0E0F101011121213143A
:102AB0001415161617171819191A1B1B1C1D1D1E85
:102AC0001F1F2021212223232424252626272828CE
:102AD000292A2A2B2C2C2D2E2E2F2F303131323318
:102AE000333435353637373839393A3B3B3C3C3D62
:102AF0003E3E3F40404142424344444546464747AC
:102B00004849494A4B4B4C4D4D4E4F4F50515152F5
:102B1000AEAFAFB0B1B1B2B3B3B4B5B5B6B7B7B885
:102B2000B9B9BABABBBCBCBDBEBEBFC0C0C1C2C2CF
:102B3000C3C4C4C5C5C6C7C7C8C9C9CACBCBCCCD19
:102B4000CDCECFCFD0D1D1D2D2D3D4D4D5D6D6D763
:102B5000D8D8D9DADADBDCDCDDDDDEDFDFE0E1E1AD
:102B6000E2E3E3E4E5E5E6E7E7E8E9E9EAEAEBECF6
:102B7000ECEDEEEEEFF0F0F1F2F2F3F4F4F5F5F641
:102B8000F7F7F8F9F9FAFBFBFCFDFDFEFFFF00008B
:102B900000000101020303040505060707080909EF
:102BA0000A0B0B0C0D0D0E0F0F1011111213131435
:102BB00015151616171818191A1A1B1C1C1D1E1E7F
:102BC0001F202021222223242425262627282829C5
:102BD0002A2A2B2B2C2D2D2E2F2F3031313233330F
:102BE0003435353637373839393A3B3B3C3D3D3E55
:102BF0003F3F40404142424344444546464748489F
:102C0000494A4A4B4C4C4D4E4E4F505051525253E4
:102C1000ADAEAEAFB0B0B1B2B2B3B4B4B5B6B6B794
:102C2000B8B8B9BABABBBCBCBDBEBEBFC0C0C1C1DA
:102C3000C2C3C3C4C5C5C6C7C7C8C9C9CACBCBCC24
:102C4000CDCDCECFCFD0D1D1D2D3D3D4D5D5D6D66A
:102C5000D7D8D8D9DADADBDCDCDDDEDEDFE0E0E1B4
:102C6000E2E2E3E4E4E5E6E6E7E8E8E9EAEAEBEBFA
:102C7000ECEDEDEEEFEFF0F1F1F2F3F3F4F5F5F644
:102C8000F7F7F8F9F9FAFBFBFCFDFDFEFFFF00008A
:102C900000000101020303040505060707080909EE
:102CA0000A0B0B0C0D0D0E0F0F1011111213131434
:102CB00015151617171819191A1B1B1C1D1D1E1F79
:102CC0001F202121222323242525262727282929BF
:102CD0002A2B2B2C2D2D2E2F2F3031313233333404
:102CE00035353637373839393A3B3B3C3D3D3E3F49
:102CF0003F4041414243434445454647474849498F
:102D00004A4B4B4C4D4D4E4F4F50515152535354D3
:102D1000ACADADAEAFAFB0B1B1B2B3B3B4B5B5B6A3
:102D2000B7B7B8B9B9BABBBBBCBDBDBEBFBFC0C1E8
:102D3000C1C2C3C3C4C5C5C6C7C7C8C9C9CACBCB2E
:102D4000CCCDCDCECFCFD0D1D1D2D3D3D4D5D5D673
:102D5000D7D7D8D9D9DADBDBDCDDDDDEDFDFE0E1B8
:102D6000E1E2E3E3E4E5E5E6E7E7E8E9E9EAEBEBFE
:102D7000ECEDEDEEEFEFF0F1F1F2F3F3F4F5F5F643
:102D8000F7F7F8F9F9FAFBFBFCFDFDFEFFFF000089
:102D90000000010202030404050606070808090AE8
:102DA0000A0B0C0C0D0E0E0F10101112121314142E
:102DB000151616171818191A1A1B1C1C1D1E1E1F73
:102DC0002020212222232424252626272828292AB8
:102DD0002B2B2C2D2D2E2F2F3031313233333435F8
:102DE000353637373839393A3B3B3C3D3D3E3F3F3E
:102DF0004041414243434445454647474849494A83
:102E00004B4B4C4D4D4E4F4F5051515253535455C7
:102E1000ABACADADAEAFAFB0B1B1B2B3B3B4B5B5AD
:102E2000B6B7B7B8B9B9BABBBBBCBDBDBEBFBFC0F2
:102E3000C1C1C2C3C3C4C5C5C6C7C7C8C9C9CACB37
:102E4000CBCCCDCDCECFCFD0D1D1D2D3D3D4D5D57D
:102E5000D6D7D8D8D9DADADBDCDCDDDEDEDFE0E0BD
:102E6000E1E2E2E3E4E4E5E6E6E7E8E8E9EAEAEB02
:102E7000ECECEDEEEEEFF0F0F1F2F2F3F4F4F5F647
:102E8000F6F7F8F8F9FAFAFBFCFCFDFEFEFF00008D
:102E90000000010202030404050606070808090AE7
:102EA0000A0B0C0C0D0E0E0F10101112131314152B
:102EB000151617171819191A1B1B1C1D1D1E1F1F6D
:102EC00020212122232424252626272828292A2AAE
:102ED0002B2C2C2D2E2E2F303031323233343535F1
:102EE0003637373839393A3B3B3C3D3D3E3F3F4032
:102EF000414142434344454646474848494A4A4B74
:102F00004C4C4D4E4E4F50505152525354545556B6
:102F1000AAABACACADAEAEAFB0B0B1B2B2B3B4B4BC
:102F2000B5B6B6B7B8B8B9BABABBBCBDBDBEBFBFFF
:102F3000C0C1C1C2C3C3C4C5C5C6C7C7C8C9C9CA41
:102F4000CBCBCCCDCECECFD0D0D1D2D2D3D4D4D582
:102F5000D6D6D7D8D8D9DADADBDCDCDDDEDFDFE0C5
:102F6000E1E1E2E3E3E4E5E5E6E7E7E8E9E9EAEB06
:102F7000EBECEDEDEEEFF0F0F1F2F2F3F4F4F5F648
:102F8000F6F7F8F8F9FAFAFBFCFCFDFEFEFF00008C
:102F90000000010202030404050606070808090AE6
:102FA0000B0B0C0D0D0E0F0F101111121313141526
:102FB0001616171818191A1A1B1C1C1D1E1E1F2066
:102FC00021212223232425252627272829292A2BA6
:102FD0002C2C2D2E2E2F30303132323334343536E6
:102FE00037373839393A3B3B3C3D3D3E3F3F404126
:102FF0004242434444454646474848494A4A4B4C66
:103000004D4D4E4F4F5051515253535455555657A5
:10301000A9AAABABACADADAEAFAFB0B1B1B2B3B3CB
:10302000B4B5B6B6B7B8B8B9BABABBBCBCBDBEBE0B
:10303000BFC0C1C1C2C3C3C4C5C5C6C7C7C8C9C94B
:10304000CACBCCCCCDCECECFD0D0D1D2D2D3D4D48B
:10305000D5D6D7D7D8D9D9DADBDBDCDDDDDEDFDFCB
:10306000E0E1E2E2E3E4E4E5E6E6E7E8E8E9EAEA0B
:10307000EBECEDEDEEEFEFF0F1F1F2F3F3F4F5F54B
:10308000F6F7F8F8F9FAFAFBFCFCFDFEFEFF00008B
:103090000000010202030404050606070809090AE4
:1030A0000B0B0C0D0D0E0F0F101112121314141523
:1030B0001616171819191A1B1B1C1D1D1E1F1F2061
:1030C000212222232424252626272829292A2B2B9E
:1030D0002C2D2D2E2F2F30313232333434353636DD
:1030E000373839393A3B3B3C3D3D3E3F3F4041421A
:1030F00042434444454646474849494A4B4B4C4D58
:103100004D4E4F4F50515252535454555656575896
:10311000A8A9AAAAABACACADAEAEAFB0B1B1B2B3D8
:10312000B3B4B5B5B6B7B7B8B9BABABBBCBCBDBE17
:10313000BEBFC0C1C1C2C3C3C4C5C5C6C7C7C8C955
:10314000CACACBCCCCCDCECECFD0D1D1D2D3D3D492
:10315000D5D5D6D7D7D8D9DADADBDCDCDDDEDEDFD1
:10316000E0E1E1E2E3E3E4E5E5E6E7E7E8E9EAEA0E
:10317000EBECECEDEEEEEFF0F1F1F2F3F3F4F5F54C
:10318000F6F7F7F8F9FAFAFBFCFCFDFEFEFF00008B
:103190000000010202030404050607070809090AE2
:1031A0000B0B0C0D0E0E0F1010111212131415151F
:1031B00016171718191A1A1B1C1C1D1E1E1F20215A
:1031C0002122232324252526272828292A2A2B2C97
:1031D0002D2D2E2F2F3031313233343435363637D2
:1031E0003838393A3B3B3C3D3D3E3F3F404142420F
:1031F000434444454647474849494A4B4B4C4D4E4A
:103200004E4F505051525253545555565757585986
:10321000A7A8A9A9AAABABACADAEAEAFB0B0B1B2E6
:10322000B2B3B4B5B5B6B7B7B8B9B9BABBBCBCBD23
:10323000BEBEBFC0C1C1C2C3C3C4C5C5C6C7C8C85E
:10324000C9CACACBCCCCCDCECFCFD0D1D1D2D3D39B
:10325000D4D5D6D6D7D8D8D9DADBDBDCDDDDDEDFD6
:10326000DFE0E1E2E2E3E4E4E5E6E6E7E8E9E9EA13
:10327000EBEBECEDEEEEEFF0F0F1F2F2F3F4F5F54E
:10328000F6F7F7F8F9F9FAFBFCFCFDFEFEFF00008B
:103290000000010202030404050607070809090AE1
:1032A0000B0C0C0D0E0E0F1011111213131415161A
:1032B00016171818191A1B1B1C1D1D1E1F1F202155
:1032C0002222232424252627272829292A2B2C2C8F
:1032D0002D2E2E2F303131323333343536363738C8
:1032E00038393A3B3B3C3D3D3E3F3F404142424303
:1032F0004444454647474849494A4B4C4C4D4E4E3D
:103300004F50515152535354555656575858595A75
:10331000A6A7A8A8A9AAAAABACADADAEAFAFB0B1F5
:10332000B2B2B3B4B4B5B6B7B7B8B9B9BABBBCBC2E
:10333000BDBEBEBFC0C1C1C2C3C3C4C5C5C6C7C868
:10334000C8C9CACACBCCCDCDCECFCFD0D1D2D2D3A3
:10335000D4D4D5D6D7D7D8D9D9DADBDCDCDDDEDEDC
:10336000DFE0E1E1E2E3E3E4E5E5E6E7E8E8E9EA16
:10337000EAEBECEDEDEEEFEFF0F1F2F2F3F4F4F551
:10338000F6F7F7F8F9F9FAFBFCFCFDFEFEFF00008A
:1033900000000102020304050506070708090A0ADE
:1033A0000B0C0C0D0E0F0F10111112131414151617
:1033B00017171819191A1B1C1C1D1E1E1F2021214E
:1033C00022232324252626272828292A2B2B2C2D87
:1033D0002E2E2F30303132333334353536373838BE
:1033E000393A3A3B3C3D3D3E3F3F404142424344F7
:1033F000454546474748494A4A4B4C4C4D4E4F4F2E
:1034000050515152535454555656575859595A5B66
:10341000A5A6A7A7A8A9AAAAABACACADAEAFAFB002
:10342000B1B1B2B3B4B4B5B6B6B7B8B9B9BABBBB3B
:10343000BCBDBEBEBFC0C1C1C2C3C3C4C5C6C6C772
:10344000C8C8C9CACBCBCCCDCDCECFD0D0D1D2D2AB
:10345000D3D4D5D5D6D7D8D8D9DADADBDCDDDDDEE2
:10346000DFDFE0E1E2E2E3E4E4E5E6E7E7E8E9E91B
:10347000EAEBECECEDEEEFEFF0F1F1F2F3F4F4F552
:10348000F6F6F7F8F9F9FAFBFBFCFDFEFEFF00008B
:1034900000000102020304050506070708090A0ADD
:1034A0000B0C0D0D0E0F0F10111212131415151613
:1034B000171718191A1A1B1C1D1D1E1F1F20212249
:1034C000222324252526272728292A2A2B2C2D2D7F
:1034D0002E2F2F30313232333435353637373839B5
:1034E0003A3A3B3C3D3D3E3F3F40414242434445EA
:1034F0004546474748494A4A4B4C4D4D4E4F4F5021
:103500005152525354555556575758595A5A5B5C55
:10351000A4A5A6A6A7A8A9A9AAABABACADAEAEAF11
:10352000B0B1B1B2B3B3B4B5B6B6B7B8B9B9BABB46
:10353000BBBCBDBEBEBFC0C1C1C2C3C3C4C5C6C67D
:10354000C7C8C9C9CACBCBCCCDCECECFD0D1D1D2B2
:10355000D3D3D4D5D6D6D7D8D9D9DADBDBDCDDDEE8
:10356000DEDFE0E1E1E2E3E3E4E5E6E6E7E8E9E91E
:10357000EAEBEBECEDEEEEEFF0F1F1F2F3F3F4F554
:10358000F6F6F7F8F9F9FAFBFBFCFDFEFEFF00008A
:1035900000000102020304050506070808090A0BDA
:1035A0000B0C0D0D0E0F101011121313141516160F
:1035B000171818191A1B1B1C1D1E1E1F2021212243
:1035C000232324252626272829292A2B2C2C2D2E77
:1035D0002F2F303131323334343536373738393AAA
:1035E0003A3B3C3C3D3E3F3F4041424243444545DF
:1035F00046474748494A4A4B4C4D4D4E4F50505113
:1036000052525354555556575858595A5B5B5C5D46
:10361000A3A4A5A5A6A7A8A8A9AAABABACADAEAE1E
:10362000AFB0B0B1B2B3B3B4B5B6B6B7B8B9B9BA52
:10363000BBBBBCBDBEBEBFC0C1C1C2C3C4C4C5C686
:10364000C6C7C8C9C9CACBCCCCCDCECFCFD0D1D1BB
:10365000D2D3D4D4D5D6D7D7D8D9DADADBDCDDDDEE
:10366000DEDFDFE0E1E2E2E3E4E5E5E6E7E8E8E922
:10367000EAEAEBECEDEDEEEFF0F0F1F2F3F3F4F556
:10368000F5F6F7F8F8F9FAFBFBFCFDFEFEFF00008B
:1036900000000102020304050506070808090A0BD9
:1036A0000B0C0D0E0E0F101111121314141516170A
:1036B000171819191A1B1C1C1D1E1F1F202122223E
:1036C0002324252526272828292A2B2B2C2D2E2E6E
:1036D0002F30303132333334353636373839393AA2
:1036E0003B3C3C3D3E3F3F404142424344454546D2
:1036F000474748494A4A4B4C4D4D4E4F5050515206
:10370000535354555656575859595A5B5C5C5D5E35
:10371000A2A3A4A4A5A6A7A7A8A9AAAAABACADAD2D
:10372000AEAFB0B0B1B2B3B3B4B5B6B6B7B8B9B95D
:10373000BABBBBBCBDBEBEBFC0C1C1C2C3C4C4C591
:10374000C6C7C7C8C9CACACBCCCDCDCECFD0D0D1C1
:10375000D2D2D3D4D5D5D6D7D8D8D9DADBDBDCDDF5
:10376000DEDEDFE0E1E1E2E3E4E4E5E6E7E7E8E925
:10377000E9EAEBECECEDEEEFEFF0F1F2F2F3F4F559
:10378000F5F6F7F8F8F9FAFBFBFCFDFEFEFF00008A
:1037900000000102030304050606070809090A0BD5
:1037A0000C0C0D0E0F0F1011121213141515161705
:1037B0001818191A1B1B1C1D1E1E1F202121222335
:1037C00024242526272728292A2A2B2C2D2D2E2F65
:1037D00030303132333334353636373839393A3B95
:1037E0003C3C3D3E3F3F40414242434445454647C5
:1037F0004848494A4B4B4C4D4E4E4F5051515253F5
:1038000054545556575758595A5A5B5C5D5D5E5F24
:10381000A1A2A3A3A4A5A6A6A7A8A9A9AAABACAC3C
:10382000ADAEAFAFB0B1B2B2B3B4B5B5B6B7B8B86C
:10383000B9BABBBBBCBDBEBEBFC0C1C1C2C3C4C49C
:10384000C5C6C7C7C8C9CACACBCCCDCDCECFD0D0CC
:10385000D1D2D3D3D4D5D6D6D7D8D9D9DADBDCDCFC
:10386000DDDEDFDFE0E1E2E2E3E4E5E5E6E7E8E82C
:10387000E9EAEBEBECEDEEEEEFF0F1F1F2F3F4F45C
:10388000F5F6F7F7F8F9FAFAFBFCFDFDFEFF00008C
:1038900000000102030304050606070809090A0BD4
:1038A0000C0C0D0E0F0F1011121213141515161704
:1038B0001819191A1B1C1C1D1E1F1F202122222330
:1038C00024252526272828292A2B2B2C2D2E2E2F60
:1038D000303132323334353536373838393A3B3B8C
:1038E0003C3D3E3E3F4041414243444445464747BC
:1038F00048494A4B4B4C4D4E4E4F505151525354E8
:10390000545556575758595A5A5B5C5D5D5E5F6017
:10391000A0A1A2A3A3A4A5A6A6A7A8A9A9AAABAC47
:10392000ACADAEAFAFB0B1B2B2B3B4B5B5B6B7B877
:10393000B9B9BABBBCBCBDBEBFBFC0C1C2C2C3C4A3
:10394000C5C5C6C7C8C8C9CACBCBCCCDCECECFD0D3
:10395000D1D2D2D3D4D5D5D6D7D8D8D9DADBDBDCFF
:10396000DDDEDEDFE0E1E1E2E3E4E4E5E6E7E7E82F
:10397000E9EAEBEBECEDEEEEEFF0F1F1F2F3F4F45B
:10398000F5F6F7F7F8F9FAFAFBFCFDFDFEFF00008B
:1039900000000102030304050606070809090A0BD3
:1039A0000C0D0D0E0F1010111213131415161617FF
:1039B00018191A1A1B1C1D1D1E1F2020212223232B
:1039C000242526272728292A2A2B2C2D2D2E2F3057
:1039D0003131323334343536373738393A3A3B3C83
:1039E0003D3E3E3F404141424344444546474748AF
:1039F000494A4B4B4C4D4E4E4F50515152535454DB
:103A00005556575858595A5B5B5C5D5E5E5F606106
:103A10009FA0A1A2A2A3A4A5A5A6A7A8A8A9AAAB56
:103A2000ACACADAEAFAFB0B1B2B2B3B4B5B5B6B782
:103A3000B8B9B9BABBBCBCBDBEBFBFC0C1C2C2C3AE
:103A4000C4C5C6C6C7C8C9C9CACBCCCCCDCECFCFDA
:103A5000D0D1D2D3D3D4D5D6D6D7D8D9D9DADBDC06
:103A6000DDDDDEDFE0E0E1E2E3E3E4E5E6E6E7E832
:103A7000E9EAEAEBECEDEDEEEFF0F0F1F2F3F3F45E
:103A8000F5F6F7F7F8F9FAFAFBFCFDFDFEFF00008A
:103A9000000001020303040506060708090A0A0BD1
:103AA0000C0D0D0E0F1011111213141415161717FB
:103AB00018191A1B1B1C1D1E1E1F20212222232425
:103AC000252526272828292A2B2C2C2D2E2F2F3050
:103AD00031323333343536363738393A3A3B3C3D78
:103AE0003D3E3F40404142434444454647474849A4
:103AF0004A4B4B4C4D4E4E4F5051515253545555CD
:103B000056575858595A5B5C5C5D5E5F5F606162F6
:103B10009E9FA0A1A1A2A3A4A4A5A6A7A8A8A9AA64
:103B2000ABABACADAEAFAFB0B1B2B2B3B4B5B5B68E
:103B3000B7B8B9B9BABBBCBCBDBEBFC0C0C1C2C3B7
:103B4000C3C4C5C6C6C7C8C9CACACBCCCDCDCECFE3
:103B5000D0D1D1D2D3D4D4D5D6D7D8D8D9DADBDB0B
:103B6000DCDDDEDEDFE0E1E2E2E3E4E5E5E6E7E836
:103B7000E9E9EAEBECECEDEEEFEFF0F1F2F3F3F460
:103B8000F5F6F6F7F8F9FAFAFBFCFDFDFEFF00008A
:103B9000000001020303040506070708090A0A0BCF
:103BA0000C0D0E0E0F1011111213141515161718F7
:103BB00019191A1B1C1C1D1E1F202021222323241F
:103BC0002526272728292A2A2B2C2D2E2E2F303147
:103BD00032323334353536373839393A3B3C3C3D6F
:103BE0003E3F404041424343444546474748494A97
:103BF0004B4B4C4D4E4E4F505152525354555556BF
:103C0000575859595A5B5C5C5D5E5F6060616263E6
:103C10009D9E9FA0A0A1A2A3A4A4A5A6A7A7A8A972
:103C2000AAABABACADAEAEAFB0B1B2B2B3B4B5B59A
:103C3000B6B7B8B9B9BABBBCBDBDBEBFC0C0C1C2C2
:103C4000C3C4C4C5C6C7C7C8C9CACBCBCCCDCECEEA
:103C5000CFD0D1D2D2D3D4D5D6D6D7D8D9D9DADB12
:103C6000DCDDDDDEDFE0E0E1E2E3E4E4E5E6E7E73A
:103C7000E8E9EAEBEBECEDEEEFEFF0F1F2F2F3F462
:103C8000F5F6F6F7F8F9F9FAFBFCFDFDFEFF00008A
:103C9000000001020303040506070708090A0B0BCD
:103CA0000C0D0E0E0F1011121213141516161718F4
:103CB000191A1A1B1C1D1D1E1F2021212223242519
:103CC0002526272829292A2B2C2C2D2E2F30303140
:103CD000323334343536373838393A3B3B3C3D3E65
:103CE0003F3F4041424343444546474748494A4A8B
:103CF0004B4C4D4E4E4F50515252535455565657B1
:103D00005859595A5B5C5D5D5E5F606161626364D6
:103D10009C9D9E9F9FA0A1A2A3A3A4A5A6A7A7A880
:103D2000A9AAAAABACADAEAEAFB0B1B2B2B3B4B5A6
:103D3000B6B6B7B8B9B9BABBBCBDBDBEBFC0C1C1CC
:103D4000C2C3C4C5C5C6C7C8C8C9CACBCCCCCDCEF2
:103D5000CFD0D0D1D2D3D4D4D5D6D7D7D8D9DADB17
:103D6000DBDCDDDEDFDFE0E1E2E3E3E4E5E6E6E73E
:103D7000E8E9EAEAEBECEDEEEEEFF0F1F2F2F3F463
:103D8000F5F5F6F7F8F9F9FAFBFCFDFDFEFF00008A
:103D9000000001020303040506070708090A0B0BCC
:103DA0000C0D0E0F0F1011121313141516171718F0
:103DB000191A1B1B1C1D1E1F1F2021222323242513
:103DC00026272728292A2B2B2C2D2E2F2F30313236
:103DD0003333343536363738393A3A3B3C3D3E3E5C
:103DE0003F4041424243444546464748494A4A4B80
:103DF0004C4D4E4E4F5051525253545556565758A3
:103E0000595A5A5B5C5D5E5E5F60616262636465C5
:103E10009B9C9D9E9E9FA0A1A2A2A3A4A5A6A6A78F
:103E2000A8A9AAAAABACADAEAEAFB0B1B2B2B3B4B2
:103E3000B5B6B6B7B8B9BABABBBCBDBEBEBFC0C1D5
:103E4000C2C2C3C4C5C6C6C7C8C9CACACBCCCDCDF9
:103E5000CECFD0D1D1D2D3D4D5D5D6D7D8D9D9DA1F
:103E6000DBDCDDDDDEDFE0E1E1E2E3E4E5E5E6E742
:103E7000E8E9E9EAEBECEDEDEEEFF0F1F1F2F3F465
:103E8000F5F5F6F7F8F9F9FAFBFCFDFDFEFF000089
:103E9000000001020304040506070808090A0B0CC8
:103EA0000C0D0E0F101011121314141516171818EC
:103EB000191A1B1C1C1D1E1F20202122232425250E
:103EC00026272829292A2B2C2D2D2E2F303131322F
:103ED0003334353536373839393A3B3C3D3D3E3F52
:103EE0004041414243444546464748494A4A4B4C73
:103EF0004D4E4E4F50515252535455565657585995
:103F00005A5A5B5C5D5E5E5F6061626263646566B7
:103F10009A9B9C9D9E9E9FA0A1A2A2A3A4A5A6A69B
:103F2000A7A8A9AAAAABACADAEAEAFB0B1B2B2B3BE
:103F3000B4B5B6B6B7B8B9BABABBBCBDBEBFBFC0E0
:103F4000C1C2C3C3C4C5C6C7C7C8C9CACBCBCCCD01
:103F5000CECFCFD0D1D2D3D3D4D5D6D7D7D8D9DA24
:103F6000DBDBDCDDDEDFE0E0E1E2E3E4E4E5E6E745
:103F7000E8E8E9EAEBECECEDEEEFF0F0F1F2F3F467
:103F8000F4F5F6F7F8F8F9FAFBFCFCFDFEFF00008B
:103F9000000001020304040506070808090A0B0CC7
:103FA0000D0D0E0F101111121314151516171819E7
:103FB0001A1A1B1C1D1E1E1F202122222324252607
:103FC000272728292A2B2B2C2D2E2F2F3031323327
:103FD00034343536373838393A3B3C3C3D3E3F4047
:103FE0004141424344454546474849494A4B4C4D67
:103FF0004E4E4F5051525253545556565758595A87
:104000005B5B5C5D5E5F5F606162636364656667A6
:10401000999A9B9C9D9D9E9FA0A1A1A2A3A4A5A5AA
:10402000A6A7A8A9AAAAABACADAEAEAFB0B1B2B2CA
:10403000B3B4B5B6B7B7B8B9BABBBBBCBDBEBFBFEA
:10404000C0C1C2C3C4C4C5C6C7C8C8C9CACBCCCC0A
:10405000CDCECFD0D1D1D2D3D4D5D5D6D7D8D9D92A
:10406000DADBDCDDDEDEDFE0E1E2E2E3E4E5E6E64A
:10407000E7E8E9EAEBEBECEDEEEFEFF0F1F2F3F36A
:10408000F4F5F6F7F8F8F9FAFBFCFCFDFEFF00008A
:10409000000001020304040506070809090A0B0CC5
:1040A0000D0D0E0F101112121314151616171819E4
:1040B0001A1B1B1C1D1E1F1F202122232424252602
:1040C000272829292A2B2C2D2D2E2F30313232331F
:1040D000343536363738393A3B3B3C3D3E3F3F403E
:1040E00041424344444546474849494A4B4C4D4D5B
:1040F0004E4F5051525253545556565758595A5B79
:104100005B5C5D5E5F5F6061626364646566676897
:1041100098999A9B9C9C9D9E9FA0A1A1A2A3A4A5B7
:10412000A5A6A7A8A9AAAAABACADAEAEAFB0B1B2D6
:10413000B3B3B4B5B6B7B7B8B9BABBBCBCBDBEBFF4
:10414000C0C1C1C2C3C4C5C5C6C7C8C9CACACBCC11
:10415000CDCECECFD0D1D2D3D3D4D5D6D7D7D8D930
:10416000DADBDCDCDDDEDFE0E1E1E2E3E4E5E5E64D
:10417000E7E8E9EAEAEBECEDEEEEEFF0F1F2F3F36B
:10418000F4F5F6F7F7F8F9FAFBFCFCFDFEFF00008A
:10419000000001020304040506070809090A0B0CC4
:1041A0000D0E0E0F101112131314151617181819DF
:1041B0001A1B1C1C1D1E1F202121222324252626FC
:1041C0002728292A2B2B2C2D2E2F30303132333417
:1041D000353536373839393A3B3C3D3E3E3F404134
:1041E000424343444546474848494A4B4C4D4D4E4F
:1041F0004F5051515253545556565758595A5B5B6C
:104200005C5D5E5F60606162636465656667686986
:104210009798999A9B9B9C9D9E9FA0A0A1A2A3A4C6
:10422000A5A5A6A7A8A9AAAAABACADAEAFAFB0B1E1
:10423000B2B3B3B4B5B6B7B8B8B9BABBBCBDBDBEFE
:10424000BFC0C1C2C2C3C4C5C6C7C7C8C9CACBCB19
:10425000CCCDCECFD0D0D1D2D3D4D5D5D6D7D8D936
:10426000DADADBDCDDDEDFDFE0E1E2E3E4E4E5E651
:10427000E7E8E8E9EAEBECEDEDEEEFF0F1F2F2F36E
:10428000F4F5F6F7F7F8F9FAFBFCFCFDFEFF000089
:104290000000010203040505060708090A0A0B0CC1
:1042A0000D0E0F0F101112131414151617181919DB
:1042B0001A1B1C1D1E1E1F202122232324252627F6
:1042C0002828292A2B2C2D2D2E2F30313232333411
:1042D0003536373838393A3B3C3D3D3E3F40414228
:1042E0004243444546474748494A4B4C4C4D4E4F44
:1042F0005051515253545556565758595A5B5B5C5E
:104300005D5E5F6060616263646565666768696A77
:10431000969798999A9B9B9C9D9E9FA0A0A1A2A3D3
:10432000A4A5A5A6A7A8A9AAAAABACADAEAFAFB0ED
:10433000B1B2B3B4B4B5B6B7B8B9B9BABBBCBDBE07
:10434000BEBFC0C1C2C3C3C4C5C6C7C8C8C9CACB23
:10435000CCCDCECECFD0D1D2D3D3D4D5D6D7D8D83A
:10436000D9DADBDCDDDDDEDFE0E1E2E2E3E4E5E655
:10437000E7E7E8E9EAEBECECEDEEEFF0F1F1F2F370
:10438000F4F5F6F6F7F8F9FAFBFBFCFDFEFF00008A
:104390000000010203040505060708090A0A0B0CC0
:1043A0000D0E0F1010111213141515161718191AD7
:1043B0001B1B1C1D1E1F20202122232425252627F0
:1043C00028292A2B2B2C2D2E2F3030313233343507
:1043D00036363738393A3B3B3C3D3E3F4040414220
:1043E00043444546464748494A4B4B4C4D4E4F5037
:1043F00051515253545556565758595A5B5B5C5D50
:104400005E5F6061616263646566666768696A6B66
:1044100095969798999A9A9B9C9D9E9F9FA0A1A2E2
:10442000A3A4A5A5A6A7A8A9AAAAABACADAEAFAFF9
:10443000B0B1B2B3B4B5B5B6B7B8B9BABABBBCBD12
:10444000BEBFC0C0C1C2C3C4C5C5C6C7C8C9CACA29
:10445000CBCCCDCECFD0D0D1D2D3D4D5D5D6D7D842
:10446000D9DADBDBDCDDDEDFE0E0E1E2E3E4E5E559
:10447000E6E7E8E9EAEBEBECEDEEEFF0F0F1F2F372
:10448000F4F5F6F6F7F8F9FAFBFBFCFDFEFF000089
:104490000000010203040505060708090A0B0B0CBE
:1044A0000D0E0F1011111213141516161718191AD4
:1044B0001B1C1C1D1E1F20212222232425262728E9
:1044C00028292A2B2C2D2D2E2F3031323333343501
:1044D00036373839393A3B3C3D3E3F3F4041424315
:1044E000444445464748494A4A4B4C4D4E4F50502C
:1044F000515253545556565758595A5B5B5C5D5E42
:104500005F6061616263646566676768696A6B6C56
:10451000949596979899999A9B9C9D9E9F9FA0A1F0
:10452000A2A3A4A5A5A6A7A8A9AAAAABACADAEAF05
:10453000B0B0B1B2B3B4B5B6B6B7B8B9BABBBCBC1B
:10454000BDBEBFC0C1C1C2C3C4C5C6C7C7C8C9CA32
:10455000CBCCCDCDCECFD0D1D2D3D3D4D5D6D7D846
:10456000D8D9DADBDCDDDEDEDFE0E1E2E3E4E4E55E
:10457000E6E7E8E9EAEAEBECEDEEEFEFF0F1F2F373
:10458000F4F5F5F6F7F8F9FAFBFBFCFDFEFF000089
:104590000000010203040506060708090A0B0C0CBB
:1045A0000D0E0F1011121213141516171818191AD0
:1045B0001B1C1D1E1E1F20212223242425262728E4
:1045C000292A2A2B2C2D2E2F3030313233343536F8
:1045D000373738393A3B3C3D3D3E3F40414243430B
:1045E000444546474849494A4B4C4D4E4F4F505120
:1045F0005253545555565758595A5B5B5C5D5E5F34
:104600006061616263646566676768696A6B6C6D47
:1046100093949596979899999A9B9C9D9E9F9FA0FD
:10462000A1A2A3A4A5A5A6A7A8A9AAABABACADAE11
:10463000AFB0B1B1B2B3B4B5B6B7B7B8B9BABBBC25
:10464000BDBDBEBFC0C1C2C3C3C4C5C6C7C8C9C93A
:10465000CACBCCCDCECFD0D0D1D2D3D4D5D6D6D74D
:10466000D8D9DADBDCDCDDDEDFE0E1E2E2E3E4E561
:10467000E6E7E8E8E9EAEBECEDEEEEEFF0F1F2F375
:10468000F4F4F5F6F7F8F9FAFAFBFCFDFEFF00008A
:104690000000010203040506060708090A0B0C0DB9
:1046A0000D0E0F10111213131415161718191A1ACC
:1046B0001B1C1D1E1F2020212223242526272728DE
:1046C000292A2B2C2D2D2E2F3031323334343536F0
:1046D0003738393A3A3B3C3D3E3F40414142434402
:1046E0004546474748494A4B4C4D4E4E4F50515214
:1046F00053545455565758595A5B5B5C5D5E5F6026
:1047000061616263646566676868696A6B6C6D6E37
:104710009293949596979898999A9B9C9D9E9F9F0B
:10472000A0A1A2A3A4A5A5A6A7A8A9AAABACACAD1D
:10473000AEAFB0B1B2B2B3B4B5B6B7B8B9B9BABB2F
:10474000BCBDBEBFBFC0C1C2C3C4C5C6C6C7C8C941
:10475000CACBCCCCCDCECFD0D1D2D3D3D4D5D6D753
:10476000D8D9D9DADBDCDDDEDFE0E0E1E2E3E4E565
:10477000E6E6E7E8E9EAEBECEDEDEEEFF0F1F2F377
:10478000F3F4F5F6F7F8F9FAFAFBFCFDFEFF00008A
:104790000000010203040506070708090A0B0C0DB7
:1047A0000E0E0F10111213141515161718191A1BC7
:1047B0001C1C1D1E1F2021222323242526272829D7
:1047C0002A2A2B2C2D2E2F303131323334353637E7
:1047D0003838393A3B3C3D3E3F3F404142434445F7
:1047E00046464748494A4B4C4D4D4E4F5051525307
:1047F000545455565758595A5B5B5C5D5E5F606117
:10480000626263646566676869696A6B6C6D6E6F26
:10481000919293949596979798999A9B9C9D9E9E1A
:104820009FA0A1A2A3A4A5A5A6A7A8A9AAABACAC2A
:10483000ADAEAFB0B1B2B3B3B4B5B6B7B8B9BABA3A
:10484000BBBCBDBEBFC0C1C1C2C3C4C5C6C7C8C84A
:10485000C9CACBCCCDCECFCFD0D1D2D3D4D5D6D65A
:10486000D7D8D9DADBDCDDDDDEDFE0E1E2E3E4E46A
:10487000E5E6E7E8E9EAEBEBECEDEEEFF0F1F2F27A
:10488000F3F4F5F6F7F8F9F9FAFBFCFDFEFF00008A
:104890000000010203040506070708090A0B0C0DB6
:1048A0000E0F0F10111213141516161718191A1BC4
:1048B0001C1D1E1E1F2021222324252526272829D2
:1048C0002A2B2C2D2D2E2F303132333434353637E0
:1048D00038393A3B3C3C3D3E3F40414243434445EE
:1048E000464748494A4B4B4C4D4E4F5051525253FC
:1048F0005455565758595A5A5B5C5D5E5F6061610A
:104900006263646566676869696A6B6C6D6E6F7017
:1049100090919293949596979798999A9B9C9D9E27
:104920009F9FA0A1A2A3A4A5A6A6A7A8A9AAABAC35
:10493000ADAEAEAFB0B1B2B3B4B5B5B6B7B8B9BA43
:10494000BBBCBDBDBEBFC0C1C2C3C4C4C5C6C7C851
:10495000C9CACBCCCCCDCECFD0D1D2D3D3D4D5D65F
:10496000D7D8D9DADBDBDCDDDEDFE0E1E2E2E3E46D
:10497000E5E6E7E8E9EAEAEBECEDEEEFF0F1F1F27B
:10498000F3F4F5F6F7F8F9F9FAFBFCFDFEFF000089
:104990000000010203040506070808090A0B0C0DB4
:1049A0000E0F1010111213141516171818191A1BC0
:1049B0001C1D1E1F202021222324252627282829CC
:1049C0002A2B2C2D2E2F30303132333435363738D8
:1049D00039393A3B3C3D3E3F4041414243444546E4
:1049E000474849494A4B4C4D4E4F505151525354F0
:1049F0005556575859595A5B5C5D5E5F60616162FC
:104A000063646566676869696A6B6C6D6E6F707107
:104A10008F90919293949596979798999A9B9C9D35
:104A20009E9F9FA0A1A2A3A4A5A6A7A7A8A9AAAB41
:104A3000ACADAEAFAFB0B1B2B3B4B5B6B7B7B8B94D
:104A4000BABBBCBDBEBFBFC0C1C2C3C4C5C6C7C759
:104A5000C8C9CACBCCCDCECFD0D0D1D2D3D4D5D665
:104A6000D7D8D8D9DADBDCDDDEDFE0E0E1E2E3E471
:104A7000E5E6E7E8E8E9EAEBECEDEEEFF0F0F1F27D
:104A8000F3F4F5F6F7F8F8F9FAFBFCFDFEFF000089
:104A90000000010203040506070808090A0B0C0DB3
:104AA0000E0F10111112131415161718191A1A1BBC
:104AB0001C1D1E1F20212223232425262728292AC6
:104AC0002B2C2C2D2E2F30313233343535363738D0
:104AD000393A3B3C3D3D3E3F4041424344454646DA
:104AE0004748494A4B4C4D4E4F4F505152535455E5
:104AF00056575858595A5B5C5D5E5F6061616263EE
:104B00006465666768696A6A6B6C6D6E6F707172F6
:104B10008E8F90919293949596969798999A9B9C44
:104B20009D9E9F9FA0A1A2A3A4A5A6A7A8A8A9AA4D
:104B3000ABACADAEAFB0B1B1B2B3B4B5B6B7B8B956
:104B4000BABABBBCBDBEBFC0C1C2C3C3C4C5C6C761
:104B5000C8C9CACBCBCCCDCECFD0D1D2D3D4D4D56B
:104B6000D6D7D8D9DADBDCDDDDDEDFE0E1E2E3E475
:104B7000E5E6E6E7E8E9EAEBECEDEEEFEFF0F1F27F
:104B8000F3F4F5F6F7F8F8F9FAFBFCFDFEFF000088
:104B90000000010203040506070809090A0B0C0DB1
:104BA0000E0F10111213131415161718191A1B1CB7
:104BB0001D1D1E1F20212223242526262728292AC1
:104BC0002B2C2D2E2F3030313233343536373839C7
:104BD0003A3A3B3C3D3E3F404142434344454647D1
:104BE00048494A4B4C4D4D4E4F50515253545556D7
:104BF000575758595A5B5C5D5E5F606061626364E1
:104C000065666768696A6A6B6C6D6E6F70717273E6
:104C10008D8E8F90919293949596969798999A9B52
:104C20009C9D9E9FA0A0A1A2A3A4A5A6A7A8A9A958
:104C3000AAABACADAEAFB0B1B2B3B3B4B5B6B7B862
:104C4000B9BABBBCBDBDBEBFC0C1C2C3C4C5C6C668
:104C5000C7C8C9CACBCCCDCECFD0D0D1D2D3D4D572
:104C6000D6D7D8D9DADADBDCDDDEDFE0E1E2E3E378
:104C7000E4E5E6E7E8E9EAEBECEDEDEEEFF0F1F282
:104C8000F3F4F5F6F7F7F8F9FAFBFCFDFEFF000088
:104C900000000102030405060708090A0A0B0C0DAF
:104CA0000E0F10111213141515161718191A1B1CB4
:104CB0001D1E1F1F202122232425262728292A2ABA
:104CC0002B2C2D2E2F3031323334353536373839C1
:104CD0003A3B3C3D3E3F3F404142434445464748C6
:104CE000494A4A4B4C4D4E4F5051525354555556CC
:104CF0005758595A5B5C5D5E5F5F606162636465D3
:104D0000666768696A6A6B6C6D6E6F7071727374D6
:104D10008C8D8E8F90919293949596969798999A60
:104D20009B9C9D9E9FA0A1A1A2A3A4A5A6A7A8A964
:104D3000AAABABACADAEAFB0B1B2B3B4B5B6B6B76B
:104D4000B8B9BABBBCBDBEBFC0C1C1C2C3C4C5C671
:104D5000C7C8C9CACBCBCCCDCECFD0D1D2D3D4D576
:104D6000D6D6D7D8D9DADBDCDDDEDFE0E1E1E2E37D
:104D7000E4E5E6E7E8E9EAEBEBECEDEEEFF0F1F283
:104D8000F3F4F5F6F6F7F8F9FAFBFCFDFEFF000088
:104D900000000102030405060708090A0B0B0C0DAD
:104DA0000E0F10111213141516171718191A1B1CB1
:104DB0001D1E1F20212223232425262728292A2BB4
:104DC0002C2D2E2F2F303132333435363738393AB7
:104DD0003B3B3C3D3E3F40414243444546464748BD
:104DE000494A4B4C4D4E4F505152525354555657C1
:104DF00058595A5B5C5D5E5E5F60616263646566C4
:104E00006768696A6A6B6C6D6E6F707172737475C6
:104E10008B8C8D8E8F90919293949596969798996E
:104E20009A9B9C9D9E9FA0A1A2A2A3A4A5A6A7A871
:104E3000A9AAABACADAEAEAFB0B1B2B3B4B5B6B774
:104E4000B8B9BABABBBCBDBEBFC0C1C2C3C4C5C578
:104E5000C6C7C8C9CACBCCCDCECFD0D1D1D2D3D47E
:104E6000D5D6D7D8D9DADBDCDDDDDEDFE0E1E2E381
:104E7000E4E5E6E7E8E9E9EAEBECEDEEEFF0F1F284
:104E8000F3F4F5F5F6F7F8F9FAFBFCFDFEFF000088
:104E900000000102030405060708090A0B0C0D0DAA
:104EA0000E0F101112131415161718191A1A1B1CAD
:104EB0001D1E1F20212223242526272728292A2BAF
:104EC0002C2D2E2F30313233343435363738393AB1
:104ED0003B3C3D3E3F4041424243444546474849B2
:104EE0004A4B4C4D4E4F4F505152535455565758B4
:104EF000595A5B5C5C5D5E5F6061626364656667B6
:104F00006869696A6B6C6D6E6F70717273747576B7
:104F10008A8B8C8D8E8F909192939495969797987B
:104F2000999A9B9C9D9E9FA0A1A2A3A4A4A5A6A77D
:104F3000A8A9AAABACADAEAFB0B1B1B2B3B4B5B67F
:104F4000B7B8B9BABBBCBDBEBEBFC0C1C2C3C4C581
:104F5000C6C7C8C9CACBCCCCCDCECFD0D1D2D3D482
:104F6000D5D6D7D8D9D9DADBDCDDDEDFE0E1E2E384
:104F7000E4E5E6E6E7E8E9EAEBECEDEEEFF0F1F286
:104F8000F3F3F4F5F6F7F8F9FAFBFCFDFEFF000089
:104F900000000102030405060708090A0B0C0D0EA8
:104FA0000F0F101112131415161718191A1B1C1DA8
:104FB0001E1E1F202122232425262728292A2B2CA8
:104FC0002D2D2E2F303132333435363738393A3BA8
:104FD0003C3C3D3E3F404142434445464748494AA8
:104FE0004B4B4C4D4E4F50515253545556575859A8
:104FF0005A5A5B5C5D5E5F606162636465666768A8
:1050000069696A6B6C6D6E6F7071727374757677A7
:10501000898A8B8C8D8E8F90919293949596979789
:1050200098999A9B9C9D9E9FA0A1A2A3A4A5A6A689
:10503000A7A8A9AAABACADAEAFB0B1B2B3B4B5B589
:10504000B6B7B8B9BABBBCBDBEBFC0C1C2C3C4C489
:10505000C5C6C7C8C9CACBCCCDCECFD0D1D2D3D389
:10506000D4D5D6D7D8D9DADBDCDDDEDFE0E1E2E289
:10507000E3E4E5E6E7E8E9EAEBECEDEEEFF0F1F189
:10508000F2F3F4F5F6F7F8F9FAFBFCFDFEFF000089
:1050900000000102030405060708090A0B0C0D0EA7
:1050A0000F10111112131415161718191A1B1C1DA5
:1050B0001E1F20212222232425262728292A2B2CA3
:1050C0002D2E2F30313233333435363738393A3BA1
:1050D0003C3D3E3F40414243444545464748494A9E
:1050E0004B4C4D4E4F50515253545556565758599C
:1050F0005A5B5C5D5E5F606162636465666767689A
:10510000696A6B6C6D6E6F70717273747576777897
:1051100088898A8B8C8D8E8F909192939495969797
:105120009899999A9B9C9D9E9FA0A1A2A3A4A5A695
:10513000A7A8A9AAAAABACADAEAFB0B1B2B3B4B593
:10514000B6B7B8B9BABBBBBCBDBEBFC0C1C2C3C491
:10515000C5C6C7C8C9CACBCCCDCDCECFD0D1D2D38E
:10516000D4D5D6D7D8D9DADBDCDDDEDEDFE0E1E28C
:10517000E3E4E5E6E7E8E9EAEBECEDEEEFEFF0F18A
:10518000F2F3F4F5F6F7F8F9FAFBFCFDFEFF000088
:1051900000000102030405060708090A0B0C0D0EA6
:1051A0000F10111213141415161718191A1B1C1DA1
:1051B0001E1F20212223242526272828292A2B2C9C
:1051C0002D2E2F303132333435363738393A3B3C97
:1051D0003D3D3E3F404142434445464748494A4B96
:1051E0004C4D4E4F50515152535455565758595A91
:1051F0005B5C5D5E5F60616263646565666768698C
:105200006A6B6C6D6E6F7071727374757677787986
:105210008788898A8B8C8D8E8F90919293949596A6
:105220009798999A9B9B9C9D9E9FA0A1A2A3A4A5A1
:10523000A6A7A8A9AAABACADAEAFAFB0B1B2B3B49C
:10524000B5B6B7B8B9BABBBCBDBEBFC0C1C2C3C397
:10525000C4C5C6C7C8C9CACBCCCDCECFD0D1D2D396
:10526000D4D5D6D7D8D8D9DADBDCDDDEDFE0E1E291
:10527000E3E4E5E6E7E8E9EAEBECECEDEEEFF0F18C
:10528000F2F3F4F5F6F7F8F9FAFBFCFDFEFF000087
:1052900000000102030405060708090A0B0C0D0EA5
:1052A0000F10111213141516171818191A1B1C1D9C
:1052B0001E1F202122232425262728292A2B2C2D96
:1052C0002E2F30313132333435363738393A3B3C92
:1052D0003D3E3F40414243444546474849494A4B89
:1052E0004C4D4E4F505152535455565758595A5B86
:1052F0005C5D5E5F60616262636465666768696A7F
:105300006B6C6D6E6F707172737475767778797A75
:10531000868788898A8B8C8D8E8F909192939495B5
:10532000969798999A9B9C9D9E9E9FA0A1A2A3A4AC
:10533000A5A6A7A8A9AAABACADAEAFB0B1B2B3B4A5
:10534000B5B6B7B7B8B9BABBBCBDBEBFC0C1C2C3A2
:10535000C4C5C6C7C8C9CACBCCCDCECFCFD0D1D299
:10536000D3D4D5D6D7D8D9DADBDCDDDEDFE0E1E295
:10537000E3E4E5E6E7E8E8E9EAEBECEDEEEFF0F18F
:10538000F2F3F4F5F6F7F8F9FAFBFCFDFEFF000086
:1053900000000102030405060708090A0B0C0D0EA4
:1053A0000F101112131415161718191A1B1C1D1E95
:1053B0001F1F202122232425262728292A2B2C2D94
:1053C0002E2F303132333435363738393A3B3C3D85
:1053D0003E3E3F404142434445464748494A4B4C84
:1053E0004D4E4F505152535455565758595A5B5C75
:1053F0005D5D5E5F606162636465666768696A6B74
:105400006C6D6E6F707172737475767778797A7B64
:1054100085868788898A8B8C8D8E8F9091929394C4
:1054200095969798999A9B9C9D9E9FA0A1A2A3A3B5
:10543000A4A5A6A7A8A9AAABACADAEAFB0B1B2B3B4
:10544000B4B5B6B7B8B9BABBBCBDBEBFC0C1C2C2A5
:10545000C3C4C5C6C7C8C9CACBCCCDCECFD0D1D2A4
:10546000D3D4D5D6D7D8D9DADBDCDDDEDFE0E1E195
:10547000E2E3E4E5E6E7E8E9EAEBECEDEEEFF0F194
:10548000F2F3F4F5F6F7F8F9FAFBFCFDFEFF000085
:1054900000000102030405060708090A0B0C0D0EA3
:1054A0000F101112131415161718191A1B1C1D1E94
:1054B0001F20212223242526272829292A2B2C2D89
:1054C0002E2F303132333435363738393A3B3C3D84
:1054D0003E3F404142434445464748494A4B4C4D74
:1054E0004E4F50515253535455565758595A5B5C6E
:1054F0005D5E5F606162636465666768696A6B6C64
:105500006D6E6F707172737475767778797A7B7C53
:105510008485868788898A8B8C8D8E8F90919293D3
:105520009495969798999A9B9C9D9E9FA0A1A2A3C3
:10553000A4A5A6A7A8A9AAABACADADAEAFB0B1B2B9
:10554000B3B4B5B6B7B8B9BABBBCBDBEBFC0C1C2B3
:10555000C3C4C5C6C7C8C9CACBCCCDCECFD0D1D2A3
:10556000D3D4D5D6D7D7D8D9DADBDCDDDEDFE0E19E
:10557000E2E3E4E5E6E7E8E9EAEBECEDEEEFF0F193
:10558000F2F3F4F5F6F7F8F9FAFBFCFDFEFF000084
:1055900000000102030405060708090A0B0C0D0EA2
:1055A0000F101112131415161718191A1B1C1D1E93
:1055B0001F202122232425262728292A2B2C2D2E83
:1055C0002F303132333435363738393A3B3C3D3E73
:1055D0003F3F404142434445464748494A4B4C4D72
:1055E0004E4F505152535455565758595A5B5C5D63
:1055F0005E5F606162636465666768696A6B6C6D53
:105600006E6F707172737475767778797A7B7C7D42
:10561000838485868788898A8B8C8D8E8F909192E2
:10562000939495969798999A9B9C9D9E9FA0A1A2D2
:10563000A3A4A5A6A7A8A9AAABACADAEAFB0B1B2C2
:10564000B3B4B5B6B7B8B9BABBBCBDBEBFC0C1C1B3
:10565000C2C3C4C5C6C7C8C9CACBCCCDCECFD0D1B2
:10566000D2D3D4D5D6D7D8D9DADBDCDDDEDFE0E1A2
:10567000E2E3E4E5E6E7E8E9EAEBECEDEEEFF0F192
:10568000F2F3F4F5F6F7F8F9FAFBFCFDFEFF000083
:1056900000000102030405060708090A0B0C0D0EA1
:1056A0000F101112131415161718191A1B1C1D1E92
:1056B0001F202122232425262728292A2B2C2D2E82
:1056C0002F303132333435363738393A3B3C3D3E72
:1056D0003F404142434445464748494A4B4C4D4E62
:1056E0004F505152535455565758595A5B5C5D5E52
:1056F0005F606162636465666768696A6B6C6D6E42
:105700006F707172737475767778797A7B7C7D7E31
:1057100082838485868788898A8B8C8D8E8F9091F1
:1057200092939495969798999A9B9C9D9E9FA0A1E1
:10573000A2A3A4A5A6A7A8A9AAABACADAEAFB0B1D1
:10574000B2B3B4B5B6B7B8B9BABBBCBDBEBFC0C1C1
:10575000C2C3C4C5C6C7C8C9CACBCCCDCECFD0D1B1
:10576000D2D3D4D5D6D7D8D9DADBDCDDDEDFE0E1A1
:10577000E2E3E4E5E6E7E8E9EAEBECEDEEEFF0F191
:10578000F2F3F4F5F6F7F8F9FAFBFCFDFEFF000082
:105790000000000000000000000000000000000009
:1057A00000000000000000000000000000000000F9
:1057B00000000000000000000000000000000000E9
:1057C00000000000000000000000000000000000D9
:1057D00000000000000000000000000000000000C9
:1057E00000000000000000000000000000000000B9
:1057F00000000000000000000000000000000000A9
:105800000000000000000000000000000000000098
:105810000000000000000000000000000000000088
:105820000000000000000000000000000000000078
:105830000000000000000000000000000000000068
:105840000000000000000000000000000000000058
:105850000000000000000000000000000000000048
:105860000000000000000000000000000000000038
:105870000000000000000000000000000000000028
:105880000000000000000000000000000000000018
:105890000000000000000000000000000000000008
:1058A00000000000000000000000000000000000F8
:1058B00000000000000000000000000000000000E8
:1058C00000000000000000000000000000000000D8
:1058D00000000000000000000000000000000000C8
:1058E00000000000000000000000000000000000B8
:1058F00000000000000000000000000000000000A8
:105900000000000000000000000000000000000097
:105910000000000000000000000000000000000087
:105920000000000000000000000000000000000077
:105930000000000000000000000000000000000067
:105940000000000000000000000000000000000057
:105950000000000000000000000000000000000047
:105960000000000000000000000000000000000037
:105970000000000000000000000000000000000027
:105980000000000000000000000000000000000017
:105990000000000000000000000000000000000007
:1059A00000000000000000000000000000000000F7
:1059B00000000000000000000000000000000000E7
:1059C00000000000000000000000000000000000D7
:1059D00000000000000000000000000000000000C7
:1059E00000000000000000000000000000000000B7
:1059F00000000000000000000000000000000000A7
:105A00000000000000000000000000000000000096
:105A10000000000000000000000000000000000086
:105A20000000000000000000000000000000000076
:105A30000000000000000000000000000000000066
:105A40000000000000000000000000000000000056
:105A50000000000000000000000000000000000046
:105A60000000000000000000000000000000000036
:105A70000000000000000000000000000000000026
:105A80000000000000000000000000000000000016
:105A90000000000000000000000000000000000006
:105AA00000000000000000000000000000000000F6
:105AB00000000000000000000000000000000000E6
:105AC00000000000000000000000000000000000D6
:105AD00000000000000000000000000000000000C6
:105AE00000000000000000000000000000000000B6
:105AF00000000000000000000000000000000000A6
:105B00000000000000000000000000000000000095
:105B10000000000000000000000000000000000085
:105B20000000000000000000000000000000000075
:105B30000000000000000000000000000000000065
:105B40000000000000000000000000000000000055
:105B50000000000000000000000000000000000045
:105B60000000000000000000000000000000000035
:105B70000000000000000000000000000000000025
:105B80000000000000000000000000000000000015
:105B90000000000000000000000000000000000005
:105BA00000000000000000000000000000000000F5
:105BB00000000000000000000000000000000000E5
:105BC00000000000000000000000000000000000D5
:105BD00000000000000000000000000000000000C5
:105BE00000000000000000000000000000000000B5
:105BF00000000000000000000000000000000000A5
:105C00000000000000000000000000000000000094
:105C10000000000000000000000000000000000084
:105C20000000000000000000000000000000000074
:105C30000000000000000000000000000000000064
:105C40000000000000000000000000000000000054
:105C50000000000000000000000000000000000044
:105C60000000000000000000000000000000000034
:105C70000000000000000000000000000000000024
:105C80000000000000000000000000000000000014
:105C90000000000000000000000000000000000004
:105CA00000000000000000000000000000000000F4
:105CB00000000000000000000000000000000000E4
:105CC00000000000000000000000000000000000D4
:105CD00000000000000000000000000000000000C4
:105CE00000000000000000000000000000000000B4
:105CF00000000000000000000000000000000000A4
:105D00000000000000000000000000000000000093
:105D10000000000000000000000000000000000083
:105D20000000000000000000000000000000000073
:105D30000000000000000000000000000000000063
:105D40000000000000000000000000000000000053
:105D50000000000000000000000000000000000043
:105D60000000000000000000000000000000000033
:105D70000000000000000000000000000000000023
:105D80000000000000000000000000000000000013
:105D90000000000000000000000000000000000003
:105DA00000000000000000000000000000000000F3
:105DB00000000000000000000000000000000000E3
:105DC00000000000000000000000000000000000D3
:105DD00000000000000000000000000000000000C3
:105DE00000000000000000000000000000000000B3
:105DF00000000000000000000000000000000000A3
:105E00000000000000000000000000000000000092
:105E10000000000000000000000000000000000082
:105E20000000000000000000000000000000000072
:105E30000000000000000000000000000000000062
:105E40000000000000000000000000000000000052
:105E50000000000000000000000000000000000042
:105E60000000000000000000000000000000000032
:105E70000000000000000000000000000000000022
:105E80000000000000000000000000000000000012
:105E90000000000000000000000000000000000002
:105EA00000000000000000000000000000000000F2
:105EB00000000000000000000000000000000000E2
:105EC00000000000000000000000000000000000D2
:105ED00000000000000000000000000000000000C2
:105EE00000000000000000000000000000000000B2
:105EF0000001010101010101010101010101010193
:105F00000101010101010101010101010101010181
:105F10000101010101010101010101010101010171
:105F20000101010101010101010101010101010161
:105F30000101010101010101010101010101010151
:105F40000101010101010101010101010101010141
:105F50000101010101010101010101010101010131
:105F60000101010101010101010101010101010121
:105F70000101010101010101010101010101010111
:105F80000101010101010101010101010101010101
:105F900001010101010101010101010101010101F1
:105FA00001010101010101010101010101010101E1
:105FB00001010101010101010101010101010101D1
:105FC00001010101010101010101010101010101C1
:105FD00001010101010101010101010101010101B1
:105FE00001010101010101010101010101010101A1
:105FF0000101010101010101010101010101010191
:106000000101010101010101010101010101010180
:106010000101010101010101010101010101010170
:106020000101010101010101010101010101010160
:106030000000000000000000000000000000000060
:106040000000000000000000000000000000000050
:106050000000000000000000000000000000000040
:106060000000000000000000000000000000000030
:106070000000000000000000000000000000000020
:106080000000000000000000000000000000000010
:106090000000000000000000000000000000000000
:1060A00000000000000000000000000000000000F0
:1060B00000000000000000000000000000000000E0
:1060C00000000000000000000000000000000000D0
:1060D00000000000000000000000000000000000C0
:1060E00000000000000000000000000000000000B0
:1060F00000000000000000000000000000000000A0
:10610000000000000000000000000000000000008F
:10611000000000000000000000000000000000007F
:10612000000000000000000000000000000000006F
:10613000000000000000000000000000000000005F
:10614000000000000000000000000000000000004F
:10615000000000000000000000000000000000003F
:10616000000000000000000000000000000000002F
:10617000000000000000000000000000000000001F
:10618000000000000000000000000000000000000F
:1061900000000000000000000000000000000000FF
:1061A00000000000000000000000000000000000EF
:1061B00000000000000000000000000000000000DF
:1061C00000000000000000000000000000000000CF
:1061D00000000000000000000000000000000000BF
:1061E00000000000000000000000000000000000AF
:1061F000000000000000000000000000000000009F
:10620000000000000000000000000000000000008E
:10621000000000000000000000000000000000007E
:10622000000000000000000000000000000000006E
:10623000000000000000000000000000000000005E
:10624000000000000000000000000000000000004E
:10625000000000000000000000000000000000003E
:10626000000000000000000000000000000000002E
:10627000000000000000000000000000000000001E
:10628000000000000000000000000000000000000E
:1062900000000000000000000000000000000000FE
:1062A00000000000000000000000000000000000EE
:1062B00000000000000000000000000000000000DE
:1062C00000000000000000000000000000000000CE
:1062D00000000000000000000000000000000000BE
:1062E00000000000000000000000000000000000AE
:1062F000000000000000000000000000000000009E
:10630000000000000000000000000000000000008D
:10631000000000000000000000000000000000007D
:10632000000000000000000000000000000000006D
:10633000000000000000000000000000000000005D
:10634000000000000000000000000000000000004D
:10635000000000000000000000000000000000003D
:10636000000000000000000000000000000000002D
:10637000000000000000000000000000000000001D
:10638000000000000000000000000000000000000D
:1063900000000000000000000000000000000000FD
:1063A00000000000000000000000000000000000ED
:1063B00000000000000000000000000000000000DD
:1063C00000000000000000000000000000000000CD
:1063D00000000000000000000000000000000000BD
:1063E00000000000000000000000000000000000AD
:1063F000000000000000000000000000000000009D
:10640000000000000000000000000000000000008C
:10641000000000000000000000000000000000007C
:10642000000000000000000000000000000000006C
:10643000000000000000000000000000000000005C
:10644000000000000000000000000000000000004C
:10645000000000000000000000000000000000003C
:10646000000000000000000000000000000000002C
:10647000000000000000000000000000000000001C
:10648000000000000000000000000000000000000C
:1064900000000000000000000000000000000000FC
:1064A00000000000000000000000000000000000EC
:1064B00000000000000000000000000000000000DC
:1064C00000000000000000000000000000000000CC
:1064D00000000000000000000000000000000000BC
:1064E00000000000000000000000000000000000AC
:1064F000000000000000000000000000000000009C
:10650000000000000000000000000000000000008B
:10651000000000000000000000000000000000007B
:10652000000000000000000000000000000000006B
:10653000000000000000000000000000000000005B
:10654000000000000000000000000000000000004B
:10655000000000000000000000000000000000003B
:10656000000000000000000000000000000000002B
:10657000000000000000000000000000000000001B
:10658000000000000000000000000000000000000B
:1065900000000000000000000000000000000000FB
:1065A00000000000000000000000000000000000EB
:1065B00000000000000000000000000000000000DB
:1065C00000000000000000000000000000000000CB
:1065D00000000000000000000000000000000000BB
:1065E00000000000000000000000000000000000AB
:1065F000000000000000000000000000000000009B
:10660000000000000000000000000000000000008A
:10661000000000000000000000000000000000007A
:10662000000000000000000000000000000000006A
:10663000000000000000000000000000000000005A
:10664000000000000000000000000000000000004A
:10665000000000000000000000000000000000003A
:10666000000000000000000000000000000000002A
:10667000000000000000000000000000000000001A
:10668000000000000000000000000000000000000A
:1066900000000000000000000000000000000000FA
:1066A00000000000000000000000000000000000EA
:1066B00000000000000000000000000000000000DA
:1066C00000000000000000000000000000000000CA
:1066D00000000000000000000000000000000000BA
:1066E00000000000000000000000000000000000AA
:1066F000000000000000000000000000000000009A
:106700000000000000000000000000000000000089
:106710000000000000000000000000000000000079
:106720000000000000000000000000000000000069
:106730000000000000000000000000000000000059
:106740000000000000000000000000000000000049
:106750000000000000000000000000000000000039
:106760000000000000000000000000000000000029
:106770000000000000000000000000000000000019
:106780000000000000000000000000000000000009
:1067900000000000000000000000000000000000F9
:1067A00000000000000000000000000000000000E9
:1067B00000000000000000000000000000000000D9
:1067C00000000000000000000000000000000000C9
:1067D00000000000000000000000000000000000B9
:1067E00000000000000000000000000000000000A9
:1067F0000000000000000000000000000000000099
:106800000000000000000000000000000000000088
:106810000000000000000000000000000000000078
:106820000000000000000000000000000000000068
:106830000000000000000000000000000000000058
:106840000000000000000000000000000000000048
:106850000000000000000000000000000000000038
:106860000000000000000000000000000000000028
:106870000000000000000000000000000000000018
:106880000000000000000000000000000000000008
:1068900000000000000000000000000000000000F8
:1068A00000000000000000000000000000000000E8
:1068B00000000000000000000000000000000000D8
:1068C00000000000000000000000000000000000C8
:1068D00000000000000000000000000000000000B8
:1068E00000000000000000000000000000000000A8
:1068F0000000000000000000000000000000000098
:106900000000000000000000000000000000000087
:106910000000000000000000000000000000000077
:106920000000000000000000000000000000000067
:106930000000000000000000000000000000000057
:106940000000000000000000000000000000000047
:106950000000000000000000000000000000000037
:106960000000000000000000000000000000000027
:106970000000000000000000000000000000000017
:106980000000000000000000000000000000000007
:1069900000000000000000000000000000000000F7
:1069A00000000000000000000000000000000000E7
:1069B00000000000000000000000000000000000D7
:1069C00000000000000000000000000000000000C7
:1069D00000000000000000000000000000000000B7
:1069E00000000000000000000000000000000000A7
:1069F0000000000000000000000000000000000097
:106A00000000000000000000000000000000000086
:106A10000000000000000000000000000000000076
:106A20000000000000000000000000000000000066
:106A30000000000000000000000000000000000056
:106A40000000000000000000000000000000000046
:106A50000000000000000000000000000000000036
:106A60000000000000000000000000000000000026
:106A70000000000000000000000000000000000016
:106A80000000000000000000000000000000000006
:106A900000000000000000000000000000000000F6
:106AA00000000000000000000000000000000000E6
:106AB00000000000000000000000000000000000D6
:106AC00000000000000000000000000000000000C6
:106AD00000000000000000000000000000000000B6
:106AE00000000000000000000000000000000000A6
:106AF0000000000000000000000000000000000096
:106B00000000000000000000000000000000000085
:106B10000000000000000000000000000000000075
:106B20000000000000000000000000000000000065
:106B30000000000000000000000000000000000055
:106B40000000000000000000000000000000000045
:106B50000000000000000000000000000000000035
:106B60000000000000000000000000000000000025
:106B70000000000000000000000000000000000015
:106B80000000000000000000000000000000000005
:106B900000000000000000000000000000000000F5
:106BA00000000000000000000000000000000000E5
:106BB00000000000000000000000000000000000D5
:106BC00000000000000000000000000000000000C5
:106BD00000000000000000000000000000000000B5
:106BE00000000000000000000000000000000000A5
:106BF0000000000000000000000000000000000095
:106C00000000000000000000000000000000000084
:106C10000000000000000000000000000000000074
:106C20000000000000000000000000000000000064
:106C30000000000000000000000000000000000054
:106C40000000000000000000000000000000000044
:106C50000000000000000000000000000000000034
:106C60000000000000000000000000000000000024
:106C70000000000000000000000000000000000014
:106C80000000000000000000000000000000000004
:106C900000000000000000000000000000000000F4
:106CA00000000000000000000000000000000000E4
:106CB00000000000000000000000000000000000D4
:106CC00000000000000000000000000000000000C4
:106CD00000000000000000000000000000000000B4
:106CE00000000000000000000000000000000000A4
:106CF0000000000000000000000000000000000094
:106D00000000000000000000000000000000000083
:106D10000000000000000000000000000000000073
:106D20000000000000000000000000000000000063
:106D30000000000000000000000000000000000053
:106D40000000000000000000000000000000000043
:106D50000000000000000000000000000000000033
:106D60000000000000000000000000000000000023
:106D70000000000000000000000000000000000013
:106D80000000000000000000000000000000000003
:106D900000000000000000000000000000000000F3
:106DA00000000000000000000000000000000000E3
:106DB00000000000000000000000000000000000D3
:106DC00000000000000000000000000000000000C3
:106DD00000000000000000000000000000000000B3
:106DE00000000000000000000000000000000000A3
:106DF0000000000000000000000000000000000093
:106E00000000000000000000000000000000000082
:106E10000000000000000000000000000000000072
:106E20000000000000000000000000000000000062
:106E30000000000000000000000000000000000052
:106E40000000000000000000000000000000000042
:106E50000000000000000000000000000000000032
:106E60000000000000000000000000000000000022
:106E70000000000000000000000000000000000012
:106E80000000000000000000000000000000000002
:106E900000000000000000000000000000000000F2
:106EA00000000000000000000000000000000000E2
:106EB00000000000000000000000000000000000D2
:106EC00000000000000000000000000000000000C2
:106ED00000000000000000000000000000000000B2
:106EE00000000000000000000000000000000000A2
:106EF0000000000000000000000000000000000092
:106F00000000000000000000000000000000000081
:106F10000000000000000000000202020202020263
:106F20000202020202020202020202020202020241
:106F30000202020202020202020202020202020231
:106F40000202020202020202020202020202020221
:106F50000202020202020202020202020202020211
:106F60000202020202020202020202020202020201
:106F700002020202020202020202020202020202F1
:106F800002020202020202020202020202020202E1
:106F900002020202020202020202020202020202D1
:106FA00002020202020202020202020202020202C1
:106FB00002020202020202020202020202020202B1
:106FC00002020202020202020202020202020202A1
:106FD0000202020202020202020202020202020291
:106FE0000202020202020202020202020202020281
:106FF0000202020202020202020202020202020271
:107000000202020202020202000000000000000070
:107010000000000000000000000000000000000070
:107020000000000000000000000000000000000060
:107030000000000000000000000000000000000050
:107040000000000000000000000000000000000040
:107050000000000000000000000000000000000030
:107060000000000000000000000000000000000020
:107070000000000000000000000000000000000010
:107080000000000000000000000000000000000000
:1070900000000000000000000000000000000000F0
:1070A00000000000000000000000000000000000E0
:1070B00000000000000000000000000000000000D0
:1070C00000000000000000000000000000000000C0
:1070D00000000000000000000000000000000000B0
:1070E00000000000000000000000000000000000A0
:1070F0000000000000000000000000000000000090
:10710000000000000000000000000000000000007F
:10711000000000000000000000000000000000006F
:10712000000000000000000000000000000000005F
:10713000000000000000000000000000000000004F
:10714000000000000000000000000000000000003F
:10715000000000000000000000000000000000002F
:10716000000000000000000000000000000000001F
:10717000000000000000000000000000000000000F
:1071800000000000000000000000000000000000FF
:1071900000000000000000000000000000000000EF
:1071A00000000000000000000000000000000000DF
:1071B00000000000000000000000000000000000CF
:1071C00000000000000000000000000000000000BF
:1071D00000000000000000000000000000000000AF
:1071E000000000000000000000000000000000009F
:1071F000000000000000000000000000000000008F
:10720000000000000000000000000000000000007E
:10721000000000000000000000000000000000006E
:10722000000000000000000000000000000000005E
:10723000000000000000000000000000000000004E
:10724000000000000000000000000000000000003E
:10725000000000000000000000000000000000002E
:10726000000000000000000000000000000000001E
:10727000000000000000000000000000000000000E
:1072800000000000000000000000000000000000FE
:1072900000000000000000000000000000000000EE
:1072A00000000000000000000000000000000000DE
:1072B00000000000000000000000000000000000CE
:1072C00000000000000000000000000000000000BE
:1072D00000000000000000000000000000000000AE
:1072E000000000000000000000000000000000009E
:1072F000000000000000000000000000000000008E
:10730000000000000000000000000000000000007D
:10731000000000000000000000000000000000006D
:10732000000000000000000000000000000000005D
:10733000000000000000000000000000000000004D
:10734000000000000000000000000000000000003D
:10735000000000000000000000000000000000002D
:10736000000000000000000000000000000000001D
:10737000000000000000000000000000000000000D
:1073800000000000000000000000000000000000FD
:1073900000000000000000000000000000000000ED
:1073A00000000000000000000000000000000000DD
:1073B00000000000000000000000000000000000CD
:1073C00000000000000000000000000000000000BD
:1073D00000000000000000000000000000000000AD
:1073E000000000000000000000000000000000009D
:1073F000000000000000000000000000000000008D
:10740000000000000000000000000000000000007C
:10741000000000000000000000000000000000006C
:10742000000000000000000000000000000000005C
:10743000000000000000000000000000000000004C
:10744000000000000000000000000000000000003C
:10745000000000000000000000000000000000002C
:10746000000000000000000000000000000000001C
:10747000000000000000000000000000000000000C
:1074800000000000000000000000000000000000FC
:1074900000000000000000000000000000000000EC
:1074A00000000000000000000000000000000000DC
:1074B00000000000000000000000000000000000CC
:1074C00000000000000000000000000000000000BC
:1074D00000000000000000000000000000000000AC
:1074E000000000000000000000000000000000009C
:1074F000000000000000000000000000000000008C
:10750000000000000000000000000000000000007B
:10751000000000000000000000000000000000006B
:10752000000000000000000000000000000000005B
:10753000000000000000000000000000000000004B
:10754000000000000000000000000000000000003B
:10755000000000000000000000000000000000002B
:10756000000000000000000000000000000000001B
:10757000000000000000000000000000000000000B
:1075800000000000000000000000000000000000FB
:1075900000000000000000000000000000000000EB
:1075A00000000000000000000000000000000000DB
:1075B00000000000000000000000000000000000CB
:1075C00000000000000000000000000000000000BB
:1075D00000000000000000000000000000000000AB
:1075E000000000000000000000000000000000009B
:1075F000000000000000000000000000000000008B
:10760000000000000000000000000000000000007A
:10761000000000000000000000000000000000006A
:10762000000000000000000000000000000000005A
:10763000000000000000000000000000000000004A
:10764000000000000000000000000000000000003A
:10765000000000000000000000000000000000002A
:10766000000000000000000000000000000000001A
:10767000000000000000000000000000000000000A
:1076800000000000000000000000000000000000FA
:1076900000000000000000000000000000000000EA
:1076A00000000000000000000000000000000000DA
:1076B00000000000000000000000000000000000CA
:1076C00000000000000000000000000000000000BA
:1076D00000000000000000000000000000000000AA
:1076E000000000000000000000000000000000009A
:1076F000000000000000000000000000000000008A
:107700000000000000000000000000000000000079
:107710000000000000000000000000000000000069
:107720000000000000000000000000000000000059
:107730000000000000000000000000000000000049
:107740000000000000000000000000000000000039
:107750000000000000000000000000000000000029
:107760000000000000000000000000000000000019
:107770000000000000000000000000000000000009
:1077800000000000000000000000000000000000F9
:107790002C2066756E6374696F6E3A200061737396
:1077A000657274696F6E2022257322206661696C90
:1077B00065643A2066696C6520222573222C206C52
:1077C000696E65202564257325730A005245454E70
:1077D00054206D616C6C6F632073756363656564C1
:1077E0006564002F6275696C642F676E752D746F08
:1077F0006F6C732D666F722D73746D33325F31331E
:107800002E332E72656C312E3230323430393236AE
:107810002D313731352F7372632F6E65776C696246
:107820002F6E65776C69622F6C6962632F74696D66
:10783000652F676D74696D652E6300545A00474D5E
:1078400054002531315B2D2B302D39412D5A612DBE
:107850007A5D256E002531315B412D5A612D7A5DAF
:10786000256E004D256875256E2E256875256E2EB2
:10787000256875256E002F256875256E3A25687573
:10788000256E3A256875256E00232D302B20006863
:107890006C4C0065666745464700303132333435FD
:1078A000363738394142434445460030313233346B
:1078B000353637383961626364656600412D46614B
:1078C0002D66383930313233343536375D002B2D63
:1078D0000030300078580000000000001F00000059
:1078E0003B0000005A0000007800000097000000F4
:1078F000B5000000D4000000F300000011010000FA
:10790000300100004E0100001F0000001C000000BC
:107910001F0000001E0000001F0000001E000000ED
:107920001F0000001F0000001E0000001F000000DC
:107930001E0000001F00000000202020202020202A
:10794000202028282828282020202020202020200F
:10795000202020202020202020881010101010101F
:10796000101010101010101010040404040404046B
:107970000404041010101010101041414141414105
:1079800001010101010101010101010101010101E7
:1079900001010101101010101010424242424242F7
:1079A00002020202020202020202020202020202B7
:1079B000020202021010101020000000000000005F
:1079C00000000000000000000000000000000000B7
:1079D00000000000000000000000000000000000A7
:1079E0000000000000000000000000000000000097
:1079F0000000000000000000000000000000000087
:107A00000000000000000000000000000000000076
:107A10000000000000000000000000000000000066
:107A20000000000000000000000000000000000056
:107A30000000000000000000000000001F00000027
:107A40001C0000001F0000001E0000001F000000BE
:107A50001E0000001F0000001F0000001E000000AC
:107A60001F0000001E0000001F0000001F0000009B
:107A70001D0000001F0000001E0000001F0000008D
:107A80001E0000001F0000001F0000001E0000007C
:107A90001F0000001E0000001F000000000000008A
:107AA00059F3F8C21F6EA501000000000000F03F6E
:087AB000A087FC7F010000002B
:047AB800B50100080C
:047ABC00910100082C
:107AC000200300200024F400100000000100FFFF4C
:107AD0000100000001000000150000004001F0005E
:107AE00004010108010000000100000000100180F5
:107AF0007000C00060000000B1006C031702AA0013
:107B000081030A021E001E00A000D200220178009C
:107B100044190200F8FDFFFFB42842FF4CFFFFFFAD
:107B20009C83FEFFFCCFC40594D20500FFFF00003C
:107B30000000000003000000BC1800203E7803088D
:107B40003E7803088800002000000000BC180020D8
:107B5000241900208C190020000000000000000003
:107B60000000000000000000000000000000000015
:107B70000000000000000000000000000000000005
:107B800000000000000000000000000000000000F5
:107B900000000000000000000100000000000000E4
:107BA0004A0000000000000000000000000000008B
:107BB00000000000000000000000000000000000C5
:107BC00000000000000000004A000000000000006B
:107BD00000000000000000000000000000000000A5
:107BE0000000000000000000000000000000000095
:0400000508001D953D
:00000001FF
